origin,horizon,proxy,garch,ewma,rolling
2005-01-07,1,0.116753995797,0.431068518422,0.332291784796,0.278578234386
2005-01-07,20,0.389503882834,0.510178659394,0.332291784796,0.278578234386
2005-01-10,1,0.374329276601,0.41627028838,0.319359517456,0.283871781776
2005-01-10,20,0.383782629648,0.496288738465,0.319359517456,0.283871781776
2005-01-11,1,0.157886948311,0.421905957248,0.322657703005,0.262539007381
2005-01-11,20,0.402151663687,0.501578492357,0.322657703005,0.262539007381
2005-01-12,1,0.751269602891,0.410924217517,0.312771457723,0.262776505972
2005-01-12,20,0.403088314309,0.491270807174,0.312771457723,0.262776505972
2005-01-13,1,0.358394278344,0.445135905622,0.339081346433,0.298453126239
2005-01-13,20,0.389341912112,0.523382596308,0.339081346433,0.298453126239
2005-01-14,1,0.927036010152,0.447232814515,0.340240122348,0.314201475339
2005-01-14,20,0.37166485938,0.525350797818,0.340240122348,0.314201475339
2005-01-18,1,0.909242914803,0.49161173327,0.375447875616,0.332304475103
2005-01-18,20,0.330739377988,0.567005757276,0.375447875616,0.332304475103
2005-01-19,1,0.610498709624,0.531050685506,0.407475577968,0.377695627334
2005-01-19,20,0.285293750492,0.604023963276,0.407475577968,0.377695627334
2005-01-20,1,0.41415394084,0.544976934782,0.419656965867,0.367723939397
2005-01-20,20,0.286409207588,0.617095425251,0.419656965867,0.367723939397
2005-01-21,1,0.124893189295,0.543111488133,0.419326784365,0.382610834602
2005-01-21,20,0.265946013621,0.61534447893,0.419326784365,0.382610834602
2005-01-24,1,0.15970652283,0.519802730866,0.401660768661,0.388748348573
2005-01-24,20,0.366456041379,0.593466403342,0.401660768661,0.388748348573
2005-01-25,1,0.23352279509,0.500989896443,0.387143513911,0.38742585406
2005-01-25,20,0.374104268748,0.575808292753,0.387143513911,0.38742585406
2005-01-26,1,0.00167148506697,0.489218915252,0.377926270782,0.373694029775
2005-01-26,20,0.393339765778,0.564759809418,0.377926270782,0.373694029775
2005-01-27,1,0.0739667387258,0.461096719275,0.355350983639,0.373774848361
2005-01-27,20,0.436164979257,0.538363741957,0.355350983639,0.373774848361
2005-01-28,1,0.709754525276,0.440660428136,0.338467928944,0.377469783266
2005-01-28,20,0.453170617778,0.51918182174,0.338467928944,0.377469783266
2005-01-31,1,0.471593582287,0.469352793748,0.360745124724,0.412054242644
2005-01-31,20,0.433599695349,0.546113062065,0.360745124724,0.412054242644
2005-02-01,1,0.100674790714,0.477929943435,0.367396032178,0.402401787786
2005-02-01,20,0.410057208866,0.554163749926,0.367396032178,0.402401787786
2005-02-02,1,0.0766993918344,0.458117670652,0.35139275769,0.338521675845
2005-02-02,20,0.405075392805,0.535567546081,0.35139275769,0.338521675845
2005-02-03,1,1.20615756604,0.438127827098,0.334911155739,0.335752071312
2005-02-03,20,0.447112931241,0.516804670685,0.334911155739,0.335752071312
2005-02-04,1,0.011871392146,0.504085887052,0.387185940357,0.389935905464
2005-02-04,20,0.390202937027,0.578714252766,0.387185940357,0.389935905464
2005-02-07,1,0.0023289320899,0.472135050797,0.364667067464,0.389503882834
2005-02-07,20,0.401179055417,0.548697806182,0.364667067464,0.389503882834
2005-02-08,1,0.741709957376,0.444373465085,0.342926779342,0.383782629648
2005-02-08,20,0.453464228436,0.522489820645,0.342926779342,0.383782629648
2005-02-09,1,0.176619960754,0.47576049735,0.366853770024,0.402151663687
2005-02-09,20,0.418097569421,0.55212036467,0.366853770024,0.402151663687
2005-02-10,1,0.476341558946,0.461097778352,0.355439741468,0.403088314309
2005-02-10,20,0.43823897074,0.538278204088,0.355439741468,0.403088314309
2005-02-11,1,0.00485322371328,0.470694950319,0.362693850516,0.389341912112
2005-02-11,20,0.43015158221,0.547338296934,0.362693850516,0.389341912112
2005-02-14,1,0.108526382309,0.443246950292,0.341223412908,0.37166485938
2005-02-14,20,0.458427190739,0.521426348129,0.341223412908,0.37166485938
2005-02-15,1,0.000330364880771,0.426047412004,0.327261591072,0.330739377988
2005-02-15,20,0.485925051503,0.505189334314,0.327261591072,0.330739377988
2005-02-16,1,0.632807851534,0.401957005597,0.307645717501,0.285293750492
2005-02-16,20,0.487527872309,0.482447080711,0.307645717501,0.285293750492
2005-02-17,1,0.00489006151512,0.428491647272,0.327155445543,0.286409207588
2005-02-17,20,0.455998194305,0.507496784733,0.327155445543,0.286409207588
2005-02-18,1,2.13509374445,0.40454894879,0.307819522501,0.265946013621
2005-02-18,20,0.467987293923,0.48489397299,0.307819522501,0.265946013621
2005-02-22,1,0.312671070204,0.546366375963,0.417455975818,0.366456041379
2005-02-22,20,0.413748956402,0.618774981042,0.417455975818,0.366456041379
2005-02-23,1,0.618232735691,0.536303850415,0.411168881481,0.374104268748
2005-02-23,20,0.398360154753,0.609275576838,0.411168881481,0.374104268748
2005-02-24,1,0.858175754641,0.550568436635,0.423592712734,0.393339765778
2005-02-24,20,0.367897023539,0.622741885039,0.423592712734,0.393339765778
2005-02-25,1,0.414079509147,0.582096362091,0.449667695248,0.436164979257
2005-02-25,20,0.327961360205,0.652505437558,0.449667695248,0.436164979257
2005-02-28,1,0.318336076703,0.576865016447,0.447532404082,0.453170617778
2005-02-28,20,0.336329063518,0.647566849669,0.447532404082,0.453170617778
2005-03-01,1,0.000743852628549,0.564706930053,0.439780624439,0.433599695349
2005-03-01,20,0.413964715347,0.636089156872,0.439780624439,0.433599695349
2005-03-02,1,0.00103846950212,0.529140902994,0.413438418131,0.410057208866
2005-03-02,20,0.414168607808,0.60251348391,0.413438418131,0.410057208866
2005-03-03,1,0.917450160543,0.496549165652,0.388694421213,0.405075392805
2005-03-03,20,0.435358070367,0.571745652787,0.388694421213,0.405075392805
2005-03-04,1,0.0679576817665,0.537117273781,0.420419765573,0.447112931241
2005-03-04,20,0.393196950664,0.61004347922,0.420419765573,0.447112931241
2005-03-07,1,0.231393759943,0.509008419082,0.399272040544,0.390202937027
2005-03-07,20,0.399793284183,0.583507658642,0.399272040544,0.390202937027
2005-03-08,1,1.04803239248,0.489645299377,0.389199343708,0.401179055417
2005-03-08,20,0.390790718709,0.555974776398,0.389199343708,0.401179055417
2005-03-09,1,0.0343767770639,0.537402274664,0.428729326635,0.453464228436
2005-03-09,20,0.356109591059,0.600682641937,0.428729326635,0.453464228436
2005-03-10,1,0.579447987131,0.507882185526,0.405068173661,0.418097569421
2005-03-10,20,0.389503073645,0.573047303478,0.405068173661,0.418097569421
2005-03-11,1,0.314593788345,0.520221408111,0.415530962469,0.43823897074
2005-03-11,20,0.360530710194,0.584598711431,0.415530962469,0.43823897074
2005-03-14,1,0.5703653943,0.512380253395,0.409474732021,0.43015158221
2005-03-14,20,0.360090833743,0.577258186019,0.409474732021,0.43015158221
2005-03-15,1,0.658483597597,0.523703489183,0.419128171758,0.458427190739
2005-03-15,20,0.401562695638,0.58785847425,0.419128171758,0.458427190739
2005-03-16,1,0.0323867809877,0.540514301167,0.433489497308,0.485925051503
2005-03-16,20,0.419161217379,0.603595976829,0.433489497308,0.485925051503
2005-03-17,1,0.00221429146726,0.510602558405,0.409423334329,0.487527872309
2005-03-17,20,0.559703072755,0.57559399041,0.409423334329,0.487527872309
2005-03-18,1,0.244672053864,0.48088149512,0.384990791757,0.455998194305
2005-03-18,20,0.563903234966,0.547770509274,0.384990791757,0.455998194305
2005-03-21,1,1.05032699404,0.471099086534,0.376571667484,0.467987293923
2005-03-21,20,0.569170892601,0.538612672013,0.376571667484,0.467987293923
2005-03-22,1,0.00489503721581,0.520496772061,0.416996987077,0.413748956402
2005-03-22,20,0.605679973881,0.584856494392,0.416996987077,0.413748956402
2005-03-23,1,0.00897011141843,0.490183474765,0.392270870085,0.398360154753
2005-03-23,20,0.796418932099,0.556478591239,0.392270870085,0.398360154753
2005-03-24,1,0.059462487948,0.462575406274,0.369272824565,0.367897023539
2005-03-24,20,0.818908134982,0.530633197838,0.369272824565,0.367897023539
2005-03-28,1,0.581433575424,0.440822326938,0.350684204368,0.327961360205
2005-03-28,20,0.853130089872,0.510268973761,0.350684204368,0.327961360205
2005-03-29,1,1.87104911327,0.458636561284,0.364529166632,0.336329063518
2005-03-29,20,0.863456742631,0.526945833822,0.364529166632,0.336329063518
2005-03-30,1,0.00482170184092,0.568519631892,0.45492036343,0.413964715347
2005-03-30,20,0.777675925868,0.62981326871,0.45492036343,0.413964715347
2005-03-31,1,0.424827720688,0.534383332525,0.427914443735,0.414168607808
2005-03-31,20,0.842935990275,0.597856448311,0.427914443735,0.414168607808
2005-04-01,1,0.0742277664946,0.533407268753,0.427729240352,0.435358070367
2005-04-01,20,0.891929040231,0.596942702672,0.427729240352,0.435358070367
2005-04-04,1,0.199884352129,0.507093594253,0.406519151921,0.393196950664
2005-04-04,20,0.898704015065,0.572309060898,0.406519151921,0.393196950664
2005-04-05,1,0.051342450465,0.49198070762,0.394121063933,0.399793284183
2005-04-05,20,0.889072934072,0.558161077291,0.394121063933,0.399793284183
2005-04-06,1,0.354409839488,0.464321376624,0.373554347125,0.390790718709
2005-04-06,20,0.963299675038,0.530309761676,0.373554347125,0.390790718709
2005-04-07,1,0.702246428784,0.463596306809,0.372405676667,0.356109591059
2005-04-07,20,0.948887066584,0.529634203437,0.372405676667,0.356109591059
2005-04-08,1,7.18120449935e-07,0.488210772153,0.392196121794,0.389503073645
2005-04-08,20,0.914371178751,0.552567863759,0.392196121794,0.389503073645
2005-04-11,1,0.305796259318,0.45981072866,0.368664397573,0.360530710194
2005-04-11,20,0.934684865228,0.526107124454,0.368664397573,0.360530710194
2005-04-12,1,1.3998026322,0.455914082259,0.364892309278,0.360090833743
2005-04-12,20,0.977317760585,0.522476561542,0.364892309278,0.360090833743
2005-04-13,1,1.01045403242,0.531844280962,0.426986928653,0.401562695638
2005-04-13,20,0.916081729568,0.59322184733,0.426986928653,0.401562695638
2005-04-14,1,2.8432238885,0.573386468138,0.461994954879,0.419161217379
2005-04-14,20,0.916401430701,0.631927315696,0.461994954879,0.419161217379
2005-04-15,1,0.0862175356893,0.74480604421,0.604868690897,0.559703072755
2005-04-15,20,0.784776944402,0.79164146245,0.604868690897,0.559703072755
2005-04-18,1,0.350025206563,0.702093937687,0.573749621584,0.563903234966
2005-04-18,20,0.830822692177,0.751845962977,0.573749621584,0.563903234966
2005-04-19,1,1.78050861964,0.681981275078,0.560326156683,0.569170892601
2005-04-19,20,0.837356441768,0.733106698646,0.560326156683,0.569170892601
2005-04-20,1,3.81967420158,0.767451704982,0.633537104461,0.605679973881
2005-04-20,20,0.798020449345,0.812740758521,0.633537104461,0.605679973881
2005-04-21,1,0.458754169081,0.994277772573,0.824705330288,0.796418932099
2005-04-21,20,0.617825380919,1.02407795044,0.824705330288,0.796418932099
2005-04-22,1,0.743901585744,0.958635134477,0.802748260615,0.818908134982
2005-04-22,20,0.596031220852,0.990869178943,0.802748260615,0.818908134982
2005-04-25,1,0.787966630599,0.946575993215,0.799217460123,0.853130089872
2005-04-25,20,0.566222911436,0.979633499207,0.799217460123,0.853130089872
2005-04-26,1,0.155432778021,0.938686698617,0.798542410352,0.863456742631
2005-04-26,20,0.526840041841,0.972282927096,0.798542410352,0.863456742631
2005-04-27,1,1.31002298997,0.8854564179,0.759955832412,0.777675925868
2005-04-27,20,0.524868398878,0.922687489627,0.759955832412,0.777675925868
2005-04-28,1,1.40468871982,0.920412788349,0.792959861865,0.842935990275
2005-04-28,20,0.47968457414,0.955256855435,0.792959861865,0.842935990275
2005-04-29,1,0.209727263173,0.959446198678,0.829663593342,0.891929040231
2005-04-29,20,0.409918792879,0.991624859419,0.829663593342,0.891929040231
2005-05-02,1,0.00726273227789,0.908497265675,0.792467413532,0.898704015065
2005-05-02,20,0.417984883979,0.944154987255,0.792467413532,0.898704015065
2005-05-03,1,1.53587726978,0.846918856253,0.745355132657,0.889072934072
2005-05-03,20,0.457733931771,0.88678147517,0.745355132657,0.889072934072
2005-05-04,1,0.066157670407,0.919554452617,0.792786460884,0.963299675038
2005-05-04,20,0.382419940577,0.964519297542,0.792786460884,0.963299675038
2005-05-05,1,0.0119286721064,0.859376358803,0.749188733456,0.948887066584
2005-05-05,20,0.402853757057,0.90867407674,0.749188733456,0.948887066584
2005-05-06,1,0.406274447672,0.800130495993,0.704953129775,0.914371178751
2005-05-06,20,0.40303235466,0.85369396553,0.704953129775,0.914371178751
2005-05-09,1,1.15845416645,0.775978124923,0.687032408849,0.934684865228
2005-05-09,20,0.382740428557,0.831280585348,0.687032408849,0.934684865228
2005-05-10,1,0.175082011868,0.811275275731,0.715317714304,0.977317760585
2005-05-10,20,0.3271626047,0.86403631182,0.715317714304,0.977317760585
2005-05-11,1,1.01684805508,0.768536695193,0.682903572158,0.916081729568
2005-05-11,20,0.332065442487,0.824374944773,0.682903572158,0.916081729568
2005-05-12,1,0.210734162515,0.79365214683,0.702940241134,0.916401430701
2005-05-12,20,0.283986636494,0.847682062917,0.702940241134,0.916401430701
2005-05-13,1,1.00713249119,0.755120103392,0.673407876417,0.784776944402
2005-05-13,20,0.276002167131,0.811924358786,0.673407876417,0.784776944402
2005-05-16,1,0.480700198392,0.780624654719,0.693431353303,0.830822692177
2005-05-16,20,0.228948017294,0.835592561118,0.693431353303,0.830822692177
2005-05-17,1,0.993788771188,0.76379708606,0.680667484008,0.837356441768
2005-05-17,20,0.207366680992,0.819976591455,0.680667484008,0.837356441768
2005-05-18,1,0.215772833043,0.787551850102,0.699454761239,0.798020449345
2005-05-18,20,0.164242213676,0.842020992648,0.699454761239,0.798020449345
2005-05-19,1,0.0228709677416,0.749918515724,0.670433845547,0.617825380919
2005-05-19,20,0.165667786657,0.807097289775,0.670433845547,0.617825380919
2005-05-20,1,0.147735397426,0.700732504827,0.631580072879,0.596031220852
2005-05-20,20,0.164774103901,0.761452712739,0.631580072879,0.596031220852
2005-05-23,1,0.00030923870193,0.665222607015,0.602549392352,0.566222911436
2005-05-23,20,0.159487805171,0.728499557226,0.602549392352,0.566222911436
2005-05-24,1,0.115999918754,0.62145225092,0.566414983133,0.526840041841
2005-05-24,20,0.159497089262,0.687880703323,0.566414983133,0.526840041841
2005-05-25,1,0.406346495211,0.590201365823,0.53939007927,0.524868398878
2005-05-25,20,0.213016625416,0.658879908052,0.53939007927,0.524868398878
2005-05-26,1,0.00937309458925,0.583746394382,0.531407464227,0.47968457414
2005-05-26,20,0.222021542737,0.652889699946,0.531407464227,0.47968457414
2005-05-27,1,0.371049085191,0.547534340152,0.500085402048,0.409918792879
2005-05-27,20,0.221825799562,0.619284943862,0.500085402048,0.409918792879
2005-05-31,1,0.802243688117,0.54198089709,0.492343223037,0.417984883979
2005-05-31,20,0.244642576342,0.614131353338,0.492343223037,0.417984883979
2005-06-01,1,0.0295974458913,0.569808665931,0.510937250942,0.457733931771
2005-06-01,20,0.205556365156,0.639955499583,0.510937250942,0.457733931771
2005-06-02,1,0.474834000008,0.531580810124,0.482056862639,0.382419940577
2005-06-02,20,0.229468108641,0.596134548541,0.482056862639,0.382419940577
2005-06-03,1,0.0155006241712,0.534468784185,0.481623490881,0.402853757057
2005-06-03,20,0.209124930483,0.598823235975,0.481623490881,0.402853757057
2005-06-06,1,0.000435925612871,0.502952719823,0.453656118878,0.40303235466
2005-06-06,20,0.247015822842,0.569481959212,0.453656118878,0.40303235466
2005-06-07,1,0.0468976893007,0.472899882664,0.426462907282,0.382740428557
2005-06-07,20,0.282067137755,0.541502938656,0.426462907282,0.382740428557
2005-06-08,1,0.273138767607,0.448766925272,0.403688994203,0.3271626047
2005-06-08,20,0.282721175398,0.519035292512,0.403688994203,0.3271626047
2005-06-09,1,0.0552719352202,0.443441303045,0.395855980608,0.332065442487
2005-06-09,20,0.336476330645,0.514077168493,0.395855980608,0.332065442487
2005-06-10,1,0.0510447752585,0.422346385971,0.375420937884,0.283986636494
2005-06-10,20,0.353152413873,0.494437920615,0.375420937884,0.283986636494
2005-06-13,1,0.066049494459,0.402666475396,0.355958368127,0.276002167131
2005-06-13,20,0.353174297819,0.476116035743,0.355958368127,0.276002167131
2005-06-14,1,0.0490734723503,0.385716116908,0.338563835707,0.228948017294
2005-06-14,20,0.350261949243,0.460335348347,0.338563835707,0.228948017294
2005-06-15,1,0.131299424869,0.368892660837,0.321194413905,0.207366680992
2005-06-15,20,0.351242053981,0.44467280638,0.321194413905,0.207366680992
2005-06-16,1,0.244284292653,0.359564789892,0.309800714563,0.164242213676
2005-06-16,20,0.34534656008,0.435988611556,0.309800714563,0.164242213676
2005-06-17,1,0.00499731263506,0.359405973202,0.305869729249,0.165667786657
2005-06-17,20,0.348506153194,0.435840754121,0.305869729249,0.165667786657
2005-06-20,1,0.0420094228249,0.341460940886,0.287817384252,0.164774103901
2005-06-20,20,0.370760896738,0.419134031045,0.287817384252,0.164774103901
2005-06-21,1,0.000494920516193,0.327740236927,0.273068906566,0.159487805171
2005-06-21,20,0.379928883671,0.406360133658,0.273068906566,0.159487805171
2005-06-22,1,1.18639064184,0.312056374089,0.256714467403,0.159497089262
2005-06-22,20,0.401869753101,0.391758546512,0.256714467403,0.159497089262
2005-06-23,1,0.586444841627,0.385870562853,0.312495037869,0.213016625416
2005-06-23,20,0.357113049938,0.460479136644,0.312495037869,0.213016625416
2005-06-24,1,0.00545823108369,0.409006531091,0.328932026095,0.222021542737
2005-06-24,20,0.334921224661,0.482018591554,0.328932026095,0.222021542737
2005-06-27,1,0.827384620791,0.387029341489,0.309523598394,0.221825799562
2005-06-27,20,0.33614749418,0.461557952967,0.309523598394,0.221825799562
2005-06-28,1,0.0205194643954,0.427992487263,0.340595259738,0.244642576342
2005-06-28,20,0.305186479371,0.499694408821,0.340595259738,0.244642576342
2005-06-29,1,0.507832315607,0.405579078644,0.321390712017,0.205556365156
2005-06-29,20,0.31977069614,0.478827652809,0.321390712017,0.205556365156
2005-06-30,1,0.0679704368365,0.412160180601,0.332577208233,0.229468108641
2005-06-30,20,0.324024385103,0.481568773222,0.332577208233,0.229468108641
2005-07-01,1,0.773318471359,0.393174448948,0.316700801949,0.209124930483
2005-07-01,20,0.321074727659,0.463653831533,0.316700801949,0.209124930483
2005-07-05,1,0.701462223871,0.430210146082,0.344097862113,0.247015822842
2005-07-05,20,0.3074305168,0.498600725689,0.344097862113,0.247015822842
2005-07-06,1,0.0599784421568,0.458613413399,0.365539723819,0.282067137755
2005-07-06,20,0.272630643885,0.525402056661,0.365539723819,0.282067137755
2005-07-07,1,1.34824187255,0.435139483212,0.347206046919,0.282721175398
2005-07-07,20,0.297016288731,0.503252049582,0.347206046919,0.282721175398
2005-07-08,1,0.388793599777,0.513050776114,0.407268196457,0.336476330645
2005-07-08,20,0.259000853327,0.576769167319,0.407268196457,0.336476330645
2005-07-11,1,0.0514824541741,0.510418230346,0.406159720656,0.353152413873
2005-07-11,20,0.243169119032,0.574285096397,0.406159720656,0.353152413873
2005-07-12,1,0.0078025229391,0.481971206794,0.384879084668,0.353174297819
2005-07-12,20,0.263189954856,0.547442477031,0.384879084668,0.353174297819
2005-07-13,1,0.0686755671047,0.452523690566,0.362254490964,0.350261949243
2005-07-13,20,0.264472247358,0.519655792495,0.362254490964,0.350261949243
2005-07-14,1,0.0133895468531,0.430228521741,0.344639755532,0.351242053981
2005-07-14,20,0.285799071556,0.498618064966,0.344639755532,0.351242053981
2005-07-15,1,0.307476154936,0.405524405309,0.324764743012,0.34534656008
2005-07-15,20,0.303204866382,0.475307253803,0.324764743012,0.34534656008
2005-07-18,1,0.450092183509,0.405576884996,0.323727427727,0.348506153194
2005-07-18,20,0.291819572696,0.475356773651,0.323727427727,0.348506153194
2005-07-19,1,0.225369161484,0.416632179713,0.331309313074,0.370760896738
2005-07-19,20,0.339477243562,0.485788552833,0.331309313074,0.370760896738
2005-07-20,1,0.439312309127,0.409421881359,0.324952903978,0.379928883671
2005-07-20,20,0.328480998262,0.478984913293,0.324952903978,0.379928883671
2005-07-21,1,0.29125657858,0.419324740429,0.331814468287,0.401869753101
2005-07-21,20,0.307015662274,0.488329253876,0.331814468287,0.401869753101
2005-07-22,1,0.142608336085,0.416975275879,0.329380994905,0.357113049938
2005-07-22,20,0.292612909633,0.48611229847,0.329380994905,0.357113049938
2005-07-25,1,0.0299836214526,0.403348855199,0.318174635376,0.334921224661
2005-07-25,20,0.286851637185,0.473254404112,0.318174635376,0.334921224661
2005-07-26,1,0.208164324616,0.382165607015,0.30088317454,0.33614749418
2005-07-26,20,0.291113445181,0.453265885211,0.30088317454,0.33614749418
2005-07-27,1,0.312203799784,0.376499843228,0.295320043545,0.305186479371
2005-07-27,20,0.30243269949,0.447919668919,0.295320043545,0.305186479371
2005-07-28,1,0.592906094856,0.379336086877,0.296333068919,0.31977069614
2005-07-28,20,0.289457597991,0.450595949218,0.296333068919,0.31977069614
2005-07-29,1,0.00897728796092,0.396314780957,0.314127450475,0.324024385103
2005-07-29,20,0.277899920236,0.460576289412,0.314127450475,0.324024385103
2005-08-01,1,0.500434254182,0.373657002907,0.295818440725,0.321074727659
2005-08-01,20,0.295095097916,0.439073852212,0.295818440725,0.321074727659
2005-08-02,1,0.00546476556132,0.390478824648,0.308095389532,0.3074305168
2005-08-02,20,0.275185177453,0.455037913859,0.308095389532,0.3074305168
2005-08-03,1,0.547691339078,0.36803127536,0.289937552094,0.272630643885
2005-08-03,20,0.323086941046,0.433734985663,0.289937552094,0.272630643885
2005-08-04,1,0.587933164477,0.388932323994,0.305402779313,0.297016288731
2005-08-04,20,0.296234868509,0.453570270689,0.305402779313,0.297016288731
2005-08-05,1,0.072158913879,0.411197893347,0.322354602423,0.259000853327
2005-08-05,20,0.271120866125,0.474700498274,0.322354602423,0.259000853327
2005-08-08,1,0.451899170652,0.392154648095,0.30734286111,0.243169119032
2005-08-08,20,0.346137243222,0.456628285534,0.30734286111,0.243169119032
2005-08-09,1,0.0334483729796,0.403742698917,0.316016239683,0.263189954856
2005-08-09,20,0.326434487587,0.467625451034,0.316016239683,0.263189954856
2005-08-10,1,0.495212051075,0.382348313684,0.29906216768,0.264472247358
2005-08-10,20,0.331984193853,0.447321985094,0.29906216768,0.264472247358
2005-08-11,1,0.361505443369,0.398056880691,0.310831160684,0.285799071556
2005-08-11,20,0.338691365232,0.462229557886,0.310831160684,0.285799071556
2005-08-12,1,0.0797702812147,0.402241028103,0.313871617645,0.303204866382
2005-08-12,20,0.320890828299,0.466200351789,0.313871617645,0.303204866382
2005-08-15,1,1.40324560082,0.384515721368,0.299825537459,0.291819572696
2005-08-15,20,0.345582582576,0.449378874676,0.299825537459,0.291819572696
2005-08-16,1,0.00544425549788,0.469553522476,0.366030741261,0.339477243562
2005-08-16,20,0.280821433456,0.530080520441,0.366030741261,0.339477243562
2005-08-17,1,0.0100055893616,0.440612783742,0.344395552115,0.328480998262
2005-08-17,20,0.280657024412,0.502615496474,0.344395552115,0.328480998262
2005-08-18,1,0.00320152574885,0.414397084456,0.32433215435,0.307015662274
2005-08-18,20,0.314250570199,0.477736559699,0.32433215435,0.307015662274
2005-08-19,1,0.0273828871258,0.389812727004,0.305064316634,0.292612909633
2005-08-19,20,0.32966645912,0.454405781144,0.305064316634,0.292612909633
2005-08-22,1,0.115219781373,0.36909762544,0.288403430863,0.286851637185
2005-08-22,20,0.359459047498,0.434746961576,0.288403430863,0.286851637185
2005-08-23,1,0.434549410806,0.35680676874,0.278012411894,0.291113445181
2005-08-23,20,0.395678286117,0.423082826913,0.278012411894,0.291113445181
2005-08-24,1,0.0527017697985,0.369968625144,0.287404631829,0.30243269949
2005-08-24,20,0.380596276989,0.435573548208,0.287404631829,0.30243269949
2005-08-25,1,0.361752539759,0.352820703002,0.273322460107,0.289457597991
2005-08-25,20,0.378113262931,0.419300014317,0.273322460107,0.289457597991
2005-08-26,1,0.352880841565,0.35394537697,0.278628264886,0.277899920236
2005-08-26,20,0.360064752368,0.414570058534,0.278628264886,0.277899920236
2005-08-29,1,0.102235844913,0.360418840897,0.283083419487,0.295095097916
2005-08-29,20,0.342421015393,0.420775536117,0.283083419487,0.295095097916
2005-08-30,1,0.963500037424,0.347351106378,0.272232565012,0.275185177453
2005-08-30,20,0.337820555099,0.4082487754,0.272232565012,0.275185177453
2005-08-31,1,0.0106498883462,0.400693227519,0.313708613357,0.323086941046
2005-08-31,20,0.328610733559,0.459382656849,0.313708613357,0.323086941046
2005-09-01,1,0.085653116791,0.377438613638,0.295525089856,0.296234868509
2005-09-01,20,0.328501453756,0.43709072987,0.295525089856,0.296234868509
2005-09-02,1,1.57248645583,0.361744676522,0.282932771472,0.271120866125
2005-09-02,20,0.325695714347,0.422046485232,0.282932771472,0.271120866125
2005-09-06,1,0.0578440579361,0.460144886845,0.360305992534,0.346137243222
2005-09-06,20,0.297270126077,0.516373155817,0.360305992534,0.346137243222
2005-09-07,1,0.144442498302,0.435693994899,0.342158276458,0.326434487587
2005-09-07,20,0.406863552657,0.492934473902,0.342158276458,0.326434487587
2005-09-08,1,0.629355478663,0.419779855354,0.330295329769,0.331984193853
2005-09-08,20,0.408063184712,0.477679142704,0.330295329769,0.331984193853
2005-09-09,1,0.0054947047008,0.441943748645,0.348238938702,0.338691365232
2005-09-09,20,0.383419868513,0.498925502386,0.348238938702,0.338691365232
2005-09-12,1,0.573605366754,0.414982874943,0.327674284662,0.320890828299
2005-09-12,20,0.409007627384,0.47308074612,0.327674284662,0.320890828299
2005-09-13,1,0.108022618424,0.433301502264,0.342430149588,0.345582582576
2005-09-13,20,0.382478080382,0.490641024895,0.342430149588,0.345582582576
2005-09-14,1,0.0021560746272,0.414815797478,0.328365697718,0.280821433456
2005-09-14,20,0.395600376734,0.472920585273,0.328365697718,0.280821433456
2005-09-15,1,0.681876505102,0.389781662989,0.308793120332,0.280657024412
2005-09-15,20,0.395747182563,0.448922805699,0.308793120332,0.280657024412
2005-09-16,1,0.311519304161,0.41834204058,0.331178123419,0.314250570199
2005-09-16,20,0.395551877096,0.476300850116,0.331178123419,0.314250570199
2005-09-19,1,0.623234654691,0.416501505352,0.329998594263,0.32966645912
2005-09-19,20,0.384388054219,0.474536508764,0.329998594263,0.32966645912
2005-09-20,1,0.839604553752,0.438464361277,0.347592757889,0.359459047498
2005-09-20,20,0.404235165514,0.495590153558,0.347592757889,0.359459047498
2005-09-21,1,0.132909228234,0.475082097618,0.377113465641,0.395678286117
2005-09-21,20,0.472442522752,0.530692000822,0.377113465641,0.395678286117
2005-09-22,1,0.00304148864043,0.455127348289,0.362461211396,0.380596276989
2005-09-22,20,0.580310616542,0.511563331682,0.362461211396,0.380596276989
2005-09-23,1,0.00078232851405,0.42692082242,0.340896028031,0.378113262931
2005-09-23,20,0.581311552087,0.48452449035,0.340896028031,0.378113262931
2005-09-26,1,6.10206426871e-06,0.383481520369,0.32048920606,0.360064752368
2005-09-26,20,0.719681781137,0.421373886322,0.32048920606,0.360064752368
2005-09-27,1,0.0102266390259,0.363123449776,0.30126021982,0.342421015393
2005-09-27,20,0.722491512704,0.401763904757,0.30126021982,0.342421015393
2005-09-28,1,0.779303606624,0.34479504684,0.283798204972,0.337820555099
2005-09-28,20,0.73131910693,0.384109007547,0.283798204972,0.337820555099
2005-09-29,1,0.00846429229061,0.37672734073,0.313528529072,0.328610733559
2005-09-29,20,0.747799453982,0.414867899539,0.313528529072,0.328610733559
2005-09-30,1,0.0295383286,0.357365635778,0.295224674865,0.328501453756
2005-09-30,20,0.88208406127,0.396217670607,0.295224674865,0.328501453756
2005-10-03,1,1.00397469043,0.340657932031,0.279283494089,0.325695714347
2005-10-03,20,0.906172173395,0.380123917469,0.279283494089,0.325695714347
2005-10-04,1,2.24971258954,0.387190522532,0.322764965869,0.297270126077
2005-10-04,20,0.862194401074,0.42494659542,0.322764965869,0.297270126077
2005-10-05,1,0.168435139408,0.509974466422,0.43838182329,0.406863552657
2005-10-05,20,0.798987496654,0.543218651961,0.43838182329,0.406863552657
2005-10-06,1,0.136489154668,0.491788353379,0.422185022257,0.408063184712
2005-10-06,20,0.799618655231,0.525700815981,0.422185022257,0.408063184712
2005-10-07,1,0.517249882127,0.472797233725,0.405043270201,0.383419868513
2005-10-07,20,0.792807643708,0.507407554612,0.405043270201,0.383419868513
2005-10-10,1,0.0430144267169,0.479360948129,0.411775666917,0.409007627384
2005-10-10,20,0.769334269676,0.513730075102,0.411775666917,0.409007627384
2005-10-11,1,0.370468545468,0.455253206852,0.389649992505,0.382478080382
2005-10-11,20,0.773159360926,0.490508210345,0.389649992505,0.382478080382
2005-10-12,1,0.00509219120676,0.453649002944,0.388499105683,0.395600376734
2005-10-12,20,0.756062461603,0.48896295541,0.388499105683,0.395600376734
2005-10-13,1,0.677970395746,0.428864830092,0.365494690814,0.395747182563
2005-10-13,20,0.791178607509,0.465089515609,0.365494690814,0.395747182563
2005-10-14,1,0.0882428466363,0.448646831365,0.38424323311,0.395551877096
2005-10-14,20,0.761930968575,0.48414459642,0.38424323311,0.395551877096
2005-10-17,1,1.02017688058,0.429501206746,0.366483209922,0.384388054219
2005-10-17,20,0.757821293205,0.465702507611,0.366483209922,0.384388054219
2005-10-18,1,2.20375169851,0.471051883373,0.405704830161,0.404235165514
2005-10-18,20,0.71425240875,0.505726339879,0.405704830161,0.404235165514
2005-10-19,1,2.29027110405,0.585228998061,0.513587642262,0.472442522752
2005-10-19,20,0.605664044632,0.615707838568,0.513587642262,0.472442522752
2005-10-20,1,0.023060199537,0.697191038091,0.620188649969,0.580310616542
2005-10-20,20,0.535044665742,0.723555658968,0.620188649969,0.580310616542
2005-10-21,1,2.76818690951,0.657064519897,0.584360942943,0.581311552087
2005-10-21,20,0.543535040755,0.684903652214,0.584360942943,0.581311552087
2005-10-24,1,0.0562007334019,0.817189314937,0.715390500938,0.719681781137
2005-10-24,20,0.418945905327,0.84291314161,0.715390500938,0.719681781137
2005-10-25,1,0.186778523552,0.769936882594,0.675839114886,0.722491512704
2005-10-25,20,0.428995395918,0.798068142333,0.675839114886,0.722491512704
2005-10-26,1,1.10891054765,0.734642480268,0.646495479406,0.73131910693
2005-10-26,20,0.425665779352,0.764571931274,0.646495479406,0.73131910693
2005-10-27,1,2.69415643805,0.762514798732,0.6742403835,0.747799453982
2005-10-27,20,0.372391341618,0.791024201335,0.6742403835,0.747799453982
2005-10-28,1,0.511300571114,0.892662941913,0.795435346773,0.88208406127
2005-10-28,20,0.27418532631,0.914541512457,0.795435346773,0.88208406127
2005-10-31,1,0.124419244003,0.869960624002,0.778387260234,0.906172173395
2005-10-31,20,0.248620424485,0.892995839994,0.778387260234,0.906172173395
2005-11-01,1,0.985574501142,0.823431657522,0.73914917926,0.862194401074
2005-11-01,20,0.262766042984,0.848837447193,0.73914917926,0.862194401074
2005-11-02,1,0.181058310948,0.836860081622,0.753934698573,0.798987496654
2005-11-02,20,0.286496479893,0.861581715355,0.753934698573,0.798987496654
2005-11-03,1,0.000268924208023,0.796416875229,0.719562115315,0.799618655231
2005-11-03,20,0.277496076072,0.823199023257,0.719562115315,0.799618655231
2005-11-04,1,0.0477824014941,0.746967112183,0.676404523849,0.792807643708
2005-11-04,20,0.280282262531,0.776268643631,0.676404523849,0.792807643708
2005-11-07,1,0.119516251703,0.704168840951,0.638687196507,0.769334269676
2005-11-07,20,0.278705747497,0.735650873343,0.638687196507,0.769334269676
2005-11-08,1,0.0285305590118,0.669140718179,0.607536939819,0.773159360926
2005-11-08,20,0.285338434844,0.702407375336,0.607536939819,0.773159360926
2005-11-09,1,0.707415109332,0.630626362428,0.572796556971,0.756062461603
2005-11-09,20,0.284653169431,0.665855262139,0.572796556971,0.756062461603
2005-11-10,1,0.0930176170705,0.639509678734,0.580873670112,0.791178607509
2005-11-10,20,0.253221892122,0.674285988211,0.580873670112,0.791178607509
2005-11-11,1,0.00604933922253,0.607349829777,0.55160230693,0.761930968575
2005-11-11,20,0.248924974074,0.643764630226,0.55160230693,0.761930968575
2005-11-14,1,0.148799191495,0.571763429181,0.518869128867,0.757821293205
2005-11-14,20,0.2639588646,0.609991297723,0.518869128867,0.757821293205
2005-11-15,1,0.0319844161344,0.548103675192,0.496664932625,0.71425240875
2005-11-15,20,0.265258359803,0.587536968963,0.496664932625,0.71425240875
2005-11-16,1,0.877883526254,0.518448151679,0.468784101636,0.605664044632
2005-11-16,20,0.264660691649,0.559392345193,0.468784101636,0.605664044632
2005-11-17,1,0.1928676998,0.5465432865,0.493330067113,0.535044665742
2005-11-17,20,0.224834453857,0.586056079487,0.493330067113,0.535044665742
2005-11-18,1,0.276404200955,0.527580526994,0.475302325074,0.543535040755
2005-11-18,20,0.23233820061,0.568059441131,0.475302325074,0.543535040755
2005-11-21,1,0.257190545223,0.51070327413,0.463368437627,0.418945905327
2005-11-21,20,0.218546354814,0.548680009713,0.463368437627,0.418945905327
2005-11-22,1,0.120186192229,0.498244825313,0.450997764083,0.428995395918
2005-11-22,20,0.208845682238,0.536889692353,0.450997764083,0.428995395918
2005-11-23,1,0.0434217929779,0.477705105664,0.431149069771,0.425665779352
2005-11-23,20,0.211706403287,0.517451492887,0.431149069771,0.425665779352
2005-11-25,1,0.730036131885,0.453604381185,0.407885433164,0.372391341618
2005-11-25,20,0.209625952561,0.49464326095,0.407885433164,0.372391341618
2005-11-28,1,2.53461829813e-06,0.476175453133,0.427214475087,0.27418532631
2005-11-28,20,0.219197514813,0.516003873762,0.427214475087,0.27418532631
2005-11-29,1,0.407331613971,0.44934113305,0.401581758659,0.248620424485
2005-11-29,20,0.220037683667,0.490608645628,0.401581758659,0.248620424485
2005-11-30,1,1.46018323934,0.451088590887,0.401926749978,0.262766042984
2005-11-30,20,0.204126125365,0.492262389426,0.401926749978,0.262766042984
2005-12-01,1,0.00105023451326,0.521642229877,0.465422139339,0.286496479893
2005-12-01,20,0.143115610684,0.559032322568,0.465422139339,0.286496479893
2005-12-02,1,0.055992653386,0.491634008034,0.43755982505,0.277496076072
2005-12-02,20,0.27585862233,0.530633405164,0.43755982505,0.277496076072
2005-12-05,1,0.0162521008206,0.467362955522,0.41466579475,0.280282262531
2005-12-05,20,0.279778637101,0.507663979679,0.41466579475,0.280282262531
2005-12-06,1,0.252169998649,0.442220973386,0.390760973114,0.278705747497
2005-12-06,20,0.278966155627,0.483870331466,0.390760973114,0.278705747497
2005-12-07,1,0.0148252507431,0.434317690108,0.382445514646,0.285338434844
2005-12-07,20,0.310120517813,0.476390891658,0.382445514646,0.285338434844
2005-12-08,1,0.0787895631551,0.411438937703,0.360388298812,0.284653169431
2005-12-08,20,0.316039395708,0.454739098919,0.360388298812,0.284653169431
2005-12-09,1,0.00707925611797,0.394379580051,0.343492374673,0.253221892122
2005-12-09,20,0.3121635263,0.438594613869,0.343492374673,0.253221892122
2005-12-12,1,0.306727149738,0.373841907426,0.323307587559,0.248924974074
2005-12-12,20,0.31784910485,0.419158351648,0.323307587559,0.248924974074
2005-12-13,1,0.174789095559,0.374387013609,0.32231276129,0.2639588646
2005-12-13,20,0.322319996047,0.419674224449,0.32231276129,0.2639588646
2005-12-14,1,0.0200310530419,0.366255184758,0.313461341346,0.265258359803
2005-12-14,20,0.314305889769,0.411978495689,0.313461341346,0.265258359803
2005-12-15,1,0.0813587704118,0.348571184839,0.295855524048,0.264660691649
2005-12-15,20,0.319933538747,0.395242867178,0.295855524048,0.264660691649
2005-12-16,1,0.34294263486,0.336163492837,0.28298571883,0.224834453857
2005-12-16,20,0.323489890077,0.383500584607,0.28298571883,0.224834453857
2005-12-19,1,0.00056728504752,0.341766710422,0.286583133792,0.23233820061
2005-12-19,20,0.321734315471,0.388803308448,0.286583133792,0.23233820061
2005-12-20,1,0.0631770936908,0.310997312334,0.269422182867,0.218546354814
2005-12-20,20,0.492762922565,0.35939082052,0.269422182867,0.218546354814
2005-12-21,1,0.177400613214,0.299004674172,0.257047477516,0.208845682238
2005-12-21,20,0.49130660397,0.348122362205,0.257047477516,0.208845682238
2005-12-22,1,0.00181277846635,0.295897768413,0.252268665658,0.211706403287
2005-12-22,20,0.485322692744,0.345203068089,0.252268665658,0.211706403287
2005-12-23,1,0.921467376915,0.280776940617,0.237241312427,0.209625952561
2005-12-23,20,0.486715071605,0.330995317018,0.237241312427,0.209625952561
2005-12-27,1,0.0168059117011,0.330977903946,0.278294876296,0.219197514813
2005-12-27,20,0.466625876688,0.378164876789,0.278294876296,0.219197514813
2005-12-28,1,0.0891004479398,0.314223622533,0.26260553842,0.220037683667
2005-12-28,20,0.495693070259,0.362422308796,0.26260553842,0.220037683667
2005-12-29,1,0.239972945706,0.303793288367,0.252195232991,0.204126125365
2005-12-29,20,0.491892909726,0.352621814178,0.252195232991,0.204126125365
2005-12-30,1,2.65591046744,0.304686450175,0.251461895754,0.143115610684
2005-12-30,20,0.487830311157,0.353461042084,0.251461895754,0.143115610684
2006-01-03,1,0.134392948814,0.474077913534,0.395728810055,0.27585862233
2006-01-03,20,0.356760008496,0.512623739885,0.395728810055,0.27585862233
2006-01-04,1,2.47132802502e-06,0.454597430975,0.380048658381,0.279778637101
2006-01-04,20,0.391463615625,0.4943195934,0.380048658381,0.279778637101
2006-01-05,1,0.875257242371,0.427228159171,0.357245887158,0.278966155627
2006-01-05,20,0.405898161119,0.468603025098,0.357245887158,0.278966155627
2006-01-06,1,0.133202808649,0.463018368509,0.38832656847,0.310120517813
2006-01-06,20,0.36244176127,0.502232029536,0.38832656847,0.310120517813
2006-01-09,1,0.0012721749963,0.444299620244,0.373019142881,0.316039395708
2006-01-09,20,0.388811098223,0.484643619741,0.373019142881,0.316039395708
2006-01-10,1,0.120790827123,0.417805528317,0.350714324808,0.3121635263
2006-01-10,20,0.425947647081,0.45974938326,0.350714324808,0.3121635263
2006-01-11,1,0.396144973677,0.401674305358,0.336918914947,0.31784910485
2006-01-11,20,0.421001220464,0.444592250107,0.336918914947,0.31784910485
2006-01-12,1,0.014506970001,0.405987458593,0.340472478471,0.322319996047
2006-01-12,20,0.404411516519,0.448644952004,0.340472478471,0.322319996047
2006-01-13,1,0.132584032585,0.383343234999,0.320914547962,0.314305889769
2006-01-13,20,0.409016353996,0.427368108147,0.320914547962,0.314305889769
2006-01-17,1,0.152485797012,0.370667227952,0.30961471704,0.319933538747
2006-01-17,20,0.452215530331,0.415457546427,0.30961471704,0.319933538747
2006-01-18,1,0.307831142743,0.360348066715,0.300186981838,0.323489890077
2006-01-18,20,0.450710209547,0.405761511522,0.300186981838,0.323489890077
2006-01-19,1,3.42113942694,0.361655992363,0.300645631492,0.321734315471
2006-01-19,20,0.461973935737,0.4069904576,0.300645631492,0.321734315471
2006-01-20,1,0.0340507217954,0.59846495468,0.487875259219,0.492762922565
2006-01-20,20,0.292296595384,0.640233598808,0.487875259219,0.492762922565
2006-01-23,1,0.0577223886934,0.56291849155,0.460645786974,0.49130660397
2006-01-23,20,0.295959796563,0.606928341801,0.460645786974,0.49130660397
2006-01-24,1,0.0296603556886,0.531828044431,0.436470383077,0.485322692744
2006-01-24,20,0.321089208125,0.577798148793,0.436470383077,0.485322692744
2006-01-25,1,0.519683478558,0.501167913892,0.412061781434,0.486715071605
2006-01-25,20,0.326759009636,0.549071140884,0.412061781434,0.486715071605
2006-01-26,1,0.598149783137,0.507738493157,0.418519083261,0.466625876688
2006-01-26,20,0.301584719207,0.555227444827,0.418519083261,0.466625876688
2006-01-27,1,0.0130972372816,0.51937515686,0.429296925254,0.495693070259
2006-01-27,20,0.278267937359,0.566130416352,0.429296925254,0.495693070259
2006-01-30,1,0.158720974312,0.488508922423,0.404324943975,0.491892909726
2006-01-30,20,0.332270006598,0.537210299405,0.404324943975,0.491892909726
2006-01-31,1,0.0345044142225,0.470403937426,0.389588705795,0.487830311157
2006-01-31,20,0.358178953147,0.520246834539,0.389588705795,0.487830311157
2006-02-01,1,0.82846509139,0.4448800127,0.368283648301,0.356760008496
2006-02-01,20,0.357778352543,0.496332194433,0.368283648301,0.356760008496
2006-02-02,1,0.288693381211,0.477794963057,0.395894534886,0.391463615625
2006-02-02,20,0.31745434669,0.527171855667,0.395894534886,0.391463615625
2006-02-03,1,0.00612924538772,0.469766357922,0.389462465666,0.405898161119
2006-02-03,20,0.327469456482,0.519649454452,0.389462465666,0.405898161119
2006-02-06,1,0.660589547709,0.442274801075,0.366462472449,0.36244176127
2006-02-06,20,0.328899581195,0.49389124152,0.366462472449,0.36244176127
2006-02-07,1,0.744003152149,0.46345765069,0.384110096965,0.388811098223
2006-02-07,20,0.297926266895,0.513738511499,0.384110096965,0.388811098223
2006-02-08,1,0.0218622947848,0.488918388812,0.405703680276,0.425947647081
2006-02-08,20,0.272695741351,0.53759394892,0.405703680276,0.425947647081
2006-02-09,1,0.0643508947774,0.461051308128,0.382673197146,0.421001220464
2006-02-09,20,0.297505504193,0.511483888946,0.382673197146,0.421001220464
2006-02-10,1,0.106603719554,0.438378975526,0.363573859004,0.404411516519
2006-02-10,20,0.296519451781,0.49024104795,0.363573859004,0.404411516519
2006-02-13,1,0.996567559273,0.420479376112,0.348155650637,0.409016353996
2006-02-13,20,0.344672469823,0.473470019096,0.348155650637,0.409016353996
2006-02-14,1,0.122379381333,0.467249338067,0.387060365155,0.452215530331
2006-02-14,20,0.303921110918,0.517291132814,0.387060365155,0.452215530331
2006-02-15,1,0.533105666543,0.44821909894,0.371179506126,0.450710209547
2006-02-15,20,0.299370692654,0.499460751133,0.371179506126,0.450710209547
2006-02-16,1,0.0275926198678,0.459874584116,0.380895075751,0.461973935737
2006-02-16,20,0.27379563205,0.510381357436,0.380895075751,0.461973935737
2006-02-17,1,0.10731474539,0.42005953009,0.359696928398,0.292296595384
2006-02-17,20,0.273796103077,0.453302708456,0.359696928398,0.292296595384
2006-02-21,1,0.560310619923,0.405321534401,0.344553997418,0.295959796563
2006-02-21,20,0.286629519906,0.439459730498,0.344553997418,0.295959796563
2006-02-22,1,0.143056385923,0.418168052656,0.357499394768,0.321089208125
2006-02-22,20,0.276629080368,0.451526097784,0.357499394768,0.321089208125
2006-02-23,1,0.0161976699614,0.405654155923,0.344632814237,0.326759009636
2006-02-23,20,0.272819008467,0.439772152383,0.344632814237,0.326759009636
2006-02-24,1,0.131814146189,0.38650398096,0.324926705581,0.301584719207
2006-02-24,20,0.272492070673,0.421784940588,0.324926705581,0.301584719207
2006-02-27,1,1.09313862205,0.375400760734,0.313339952017,0.278267937359
2006-02-27,20,0.266430720536,0.411356003296,0.313339952017,0.278267937359
2006-02-28,1,0.676899905299,0.421516341089,0.360127872219,0.332270006598
2006-02-28,20,0.232633121703,0.454671049374,0.360127872219,0.332270006598
2006-03-01,1,0.0264924021337,0.440154862348,0.379134194204,0.358178953147
2006-03-01,20,0.226479328348,0.472177679475,0.379134194204,0.358178953147
2006-03-02,1,0.021984974337,0.41935276972,0.35797568668,0.357778352543
2006-03-02,20,0.227211772747,0.452638868649,0.35797568668,0.357778352543
2006-03-03,1,0.488995577054,0.39964658182,0.337816243939,0.31745434669
2006-03-03,20,0.234708232783,0.434129409799,0.337816243939,0.31745434669
2006-03-06,1,0.0347317396394,0.408673485001,0.346887003926,0.327469456482
2006-03-06,20,0.212830305669,0.442608121857,0.346887003926,0.327469456482
2006-03-07,1,0.0411232617189,0.390414957582,0.328157688069,0.328899581195
2006-03-07,20,0.230545038759,0.425458409105,0.328157688069,0.328899581195
2006-03-08,1,0.239392641261,0.373726425153,0.310935622488,0.297926266895
2006-03-08,20,0.237741795062,0.409783347758,0.310935622488,0.297926266895
2006-03-09,1,0.518057551639,0.369780935902,0.306643043614,0.272695741351
2006-03-09,20,0.227621587348,0.406077462515,0.306643043614,0.272695741351
2006-03-10,1,0.0446298465277,0.382469357491,0.319327914096,0.297505504193
2006-03-10,20,0.255771184043,0.417995334122,0.319327914096,0.297505504193
2006-03-13,1,1.0696640804,0.366506657931,0.302846030042,0.296519451781
2006-03-13,20,0.253913072622,0.403002026836,0.302846030042,0.296519451781
2006-03-14,1,0.181540381169,0.411824565497,0.348855113063,0.344672469823
2006-03-14,20,0.230703048371,0.44556784167,0.348855113063,0.344672469823
2006-03-15,1,0.0313710160518,0.401987154518,0.33881622915,0.303921110918
2006-03-15,20,0.222350917439,0.436327842811,0.33881622915,0.303921110918
2006-03-16,1,0.0216044544524,0.383968524771,0.320369516364,0.299370692654
2006-03-16,20,0.221083473265,0.419403459084,0.320369516364,0.299370692654
2006-03-17,1,0.0276020404203,0.366554663069,0.302443612649,0.27379563205
2006-03-17,20,0.224337851162,0.403047116689,0.302443612649,0.27379563205
2006-03-20,1,0.363983081973,0.347399711945,0.285953118315,0.273796103077
2006-03-20,20,0.366324458933,0.383469317198,0.285953118315,0.273796103077
2006-03-21,1,0.360301829147,0.352349127773,0.290634916135,0.286629519906
2006-03-21,20,0.350175772254,0.388073945648,0.290634916135,0.286629519906
2006-03-22,1,0.0668549479164,0.356752898558,0.294814930916,0.276629080368
2006-03-22,20,0.332841915878,0.392170939908,0.294814930916,0.276629080368
2006-03-23,1,0.00965891408678,0.343603223174,0.281137331936,0.272819008467
2006-03-23,20,0.329508581624,0.379937300326,0.281137331936,0.272819008467
2006-03-24,1,0.0105871434418,0.327963654872,0.264848626865,0.272492070673
2006-03-24,20,0.331954914325,0.365387219337,0.264848626865,0.272492070673
2006-03-27,1,0.417186645388,0.313418642958,0.249592937859,0.266430720536
2006-03-27,20,0.343340139772,0.351855445488,0.249592937859,0.266430720536
2006-03-28,1,0.553824038209,0.323757086399,0.259648560311,0.232633121703
2006-03-28,20,0.326443962457,0.361473689834,0.259648560311,0.232633121703
2006-03-29,1,0.0411412901113,0.341445116299,0.277299088985,0.226479328348
2006-03-29,20,0.304185088274,0.377929532004,0.277299088985,0.226479328348
2006-03-30,1,0.171914175044,0.327800852881,0.263129621053,0.227211772747
2006-03-30,20,0.302358758183,0.365235758497,0.263129621053,0.227211772747
2006-03-31,1,0.0514370347807,0.322755961332,0.257656694292,0.234708232783
2006-03-31,20,0.302349779441,0.360542305378,0.257656694292,0.234708232783
2006-04-03,1,0.389026401435,0.31096003697,0.245283514721,0.212830305669
2006-04-03,20,0.318541330925,0.349568111494,0.245283514721,0.212830305669
2006-04-04,1,0.185058387775,0.319805573821,0.253908087924,0.230545038759
2006-04-04,20,0.306630811127,0.357797448461,0.253908087924,0.230545038759
2006-04-05,1,0.0369884869867,0.316065476468,0.249777105915,0.237741795062
2006-04-05,20,0.302346177982,0.354317894656,0.249777105915,0.237741795062
2006-04-06,1,1.08104948555,0.303864570818,0.237009788779,0.227621587348
2006-04-06,20,0.352952858283,0.342966931385,0.237009788779,0.227621587348
2006-04-07,1,0.00746761810029,0.353886887028,0.287652170586,0.255771184043
2006-04-07,20,0.299244866156,0.389504581153,0.287652170586,0.255771184043
2006-04-10,1,0.605463595381,0.337434610905,0.270841097437,0.253913072622
2006-04-10,20,0.298937107472,0.374198407386,0.270841097437,0.253913072622
2006-04-11,1,0.0144977625278,0.357250600945,0.290918447313,0.230703048371
2006-04-11,20,0.270159761409,0.392633971234,0.290918447313,0.230703048371
2006-04-12,1,0.00602213257119,0.340988168457,0.274333206226,0.222350917439
2006-04-12,20,0.352390763367,0.377504416171,0.274333206226,0.222350917439
2006-04-13,1,0.0866920123959,0.325308572628,0.258234541807,0.221083473265
2006-04-13,20,0.415989105652,0.362917096061,0.258234541807,0.221083473265
2006-04-17,1,2.86733419585,0.315416617887,0.247941990042,0.224337851162
2006-04-17,20,0.414833563781,0.353714237015,0.247941990042,0.224337851162
2006-04-18,1,0.0410093483797,0.451431045404,0.40510552239,0.366324458933
2006-04-18,20,0.273217607226,0.475330824838,0.40510552239,0.366324458933
2006-04-19,1,0.0136247016335,0.432736102663,0.38325975195,0.350175772254
2006-04-19,20,0.415403657729,0.457673590991,0.38325975195,0.350175772254
2006-04-20,1,0.000188262835697,0.413703361663,0.361081648931,0.332841915878
2006-04-20,20,0.437312042595,0.43969730921,0.361081648931,0.332841915878
2006-04-21,1,0.0585855681066,0.395076389707,0.339428045765,0.329508581624
2006-04-21,20,0.445824297751,0.422104273261,0.339428045765,0.329508581624
2006-04-24,1,0.23829165238,0.380560227598,0.322577497106,0.331954914325
2006-04-24,20,0.450587687594,0.408393866522,0.322577497106,0.331954914325
2006-04-25,1,0.0792630991001,0.376213183464,0.317520346422,0.343340139772
2006-04-25,20,0.448175627494,0.404288115792,0.317520346422,0.343340139772
2006-04-26,1,0.108646554548,0.363863663458,0.303224911583,0.326443962457
2006-04-26,20,0.445464472511,0.392624086344,0.303224911583,0.326443962457
2006-04-27,1,0.00461468828448,0.353755117998,0.291550210161,0.304185088274
2006-04-27,20,0.503944287945,0.383076640625,0.291550210161,0.304185088274
2006-04-28,1,0.171734600204,0.338832675937,0.274334078848,0.302358758183
2006-04-28,20,0.519975905346,0.368982505505,0.274334078848,0.302358758183
2006-05-01,1,0.375268064458,0.333449610509,0.268178110129,0.302349779441
2006-05-01,20,0.639014404581,0.363898240397,0.268178110129,0.302349779441
2006-05-02,1,0.150816005478,0.338943052294,0.274603507389,0.318541330925
2006-05-02,20,0.652887737908,0.36908675515,0.274603507389,0.318541330925
2006-05-03,1,0.0993657248801,0.332467800774,0.267176257274,0.306630811127
2006-05-03,20,0.72005180363,0.362970928432,0.267176257274,0.306630811127
2006-05-04,1,1.049122093,0.323697325444,0.257107625331,0.302346177982
2006-05-04,20,0.716985417274,0.354687279961,0.257107625331,0.302346177982
2006-05-05,1,0.00688964300105,0.36473271157,0.304628493391,0.352952858283
2006-05-05,20,0.825810508055,0.393444895797,0.304628493391,0.352952858283
2006-05-08,1,0.0013124444306,0.349292058749,0.286764162368,0.299244866156
2006-05-08,20,0.826114432786,0.378861314484,0.286764162368,0.299244866156
2006-05-09,1,0.0299166741069,0.334456904233,0.269637059292,0.298937107472
2006-05-09,20,0.844721529474,0.364849621799,0.269637059292,0.298937107472
2006-05-10,1,1.65911780169,0.321966352827,0.255253836181,0.270159761409
2006-05-10,20,0.844228292369,0.353052389246,0.255253836181,0.270159761409
2006-05-11,1,1.27798897828,0.394764152063,0.339485674111,0.352390763367
2006-05-11,20,0.771332957026,0.421809367137,0.339485674111,0.352390763367
2006-05-12,1,0.0635811749659,0.443559729212,0.395795872361,0.415989105652
2006-05-12,20,0.778682088845,0.467896425459,0.395795872361,0.415989105652
2006-05-15,1,0.0350150647563,0.42649263088,0.375862990518,0.414833563781
2006-05-15,20,0.837930446534,0.451776678503,0.375862990518,0.414833563781
2006-05-16,1,2.88473035842,0.402796501009,0.355412114972,0.273217607226
2006-05-16,20,0.849574584936,0.426526265173,0.355412114972,0.273217607226
2006-05-17,1,0.451792398952,0.53059881049,0.507171209579,0.415403657729
2006-05-17,20,0.926105997888,0.548298673513,0.507171209579,0.415403657729
2006-05-18,1,0.170433365968,0.528543494587,0.503848480942,0.437312042595
2006-05-18,20,0.910304706061,0.54634033044,0.503848480942,0.437312042595
2006-05-19,1,0.153853364967,0.512406316533,0.483843574043,0.445824297751
2006-05-19,20,0.943723083137,0.530964528208,0.483843574043,0.445824297751
2006-05-22,1,0.190050450379,0.496329424705,0.464044161499,0.450587687594
2006-05-22,20,0.936030447464,0.515646167808,0.464044161499,0.450587687594
2006-05-23,1,0.0250399994442,0.482972358681,0.447604538831,0.448175627494
2006-05-23,20,0.973512999441,0.502919307826,0.447604538831,0.448175627494
2006-05-24,1,1.27824286322,0.462031951216,0.422250666468,0.445464472511
2006-05-24,20,0.98622472739,0.482966899619,0.422250666468,0.445464472511
2006-05-25,1,0.325247036315,0.505486200606,0.473610198273,0.503944287945
2006-05-25,20,0.922702851899,0.524370913539,0.473610198273,0.503944287945
2006-05-26,1,2.5525045849,0.498441639584,0.464708408556,0.519975905346
2006-05-26,20,0.918238906234,0.51765872528,0.464708408556,0.519975905346
2006-05-30,1,0.652734730988,0.604165799923,0.589976179137,0.639014404581
2006-05-30,20,0.832251299676,0.618394664063,0.589976179137,0.639014404581
2006-05-31,1,1.49409731991,0.608160566877,0.593741692248,0.652887737908
2006-05-31,20,0.8145884157,0.62220095203,0.593741692248,0.652887737908
2006-06-01,1,0.0380379977638,0.654384623722,0.647763029907,0.72005180363
2006-06-01,20,0.967491073066,0.666244089811,0.647763029907,0.72005180363
2006-06-02,1,3.22562390863,0.624573656096,0.611179527979,0.716985417274
2006-06-02,20,0.967793878358,0.637839647532,0.611179527979,0.716985417274
2006-06-05,1,0.0129681376353,0.757250442269,0.768046190818,0.825810508055
2006-06-05,20,0.837199469176,0.764256547577,0.768046190818,0.825810508055
2006-06-06,1,0.373454378174,0.720457710658,0.722741507627,0.826114432786
2006-06-06,20,0.86301571131,0.729199751218,0.722741507627,0.826114432786
2006-06-07,1,0.0200519320225,0.703898250298,0.70178427986,0.844721529474
2006-06-07,20,0.847445803995,0.71342159058,0.70178427986,0.844721529474
2006-06-08,1,0.201211094826,0.670428027079,0.660880338989,0.844228292369
2006-06-08,20,0.869378845022,0.681530541775,0.660880338989,0.844228292369
2006-06-09,1,1.42497161466,0.647958400996,0.63330018434,0.771332957026
2006-06-09,20,0.860396840979,0.660121065736,0.63330018434,0.771332957026
2006-06-12,1,1.24854832875,0.688482893553,0.680800470159,0.778682088845
2006-06-12,20,0.797181540841,0.698733553064,0.680800470159,0.778682088845
2006-06-13,1,0.267897832786,0.717853692726,0.714865341674,0.837930446534
2006-06-13,20,0.794470482207,0.726718594686,0.714865341674,0.837930446534
2006-06-14,1,4.41535861748,0.724414019185,0.688047291141,0.849574584936
2006-06-14,20,0.86624704568,0.739847368865,0.688047291141,0.849574584936
2006-06-15,1,0.135766562415,0.933591737778,0.911685970721,0.926105997888
2006-06-15,20,0.657515032989,0.93728760766,0.911685970721,0.926105997888
2006-06-16,1,0.838800907482,0.889144112709,0.865130806223,0.910304706061
2006-06-16,20,0.651684705993,0.895334048904,0.865130806223,0.910304706061
2006-06-19,1,6.51503705459e-07,0.886989759596,0.863551012298,0.943723083137
2006-06-19,20,0.611583977943,0.893300581879,0.863551012298,0.943723083137
2006-06-20,1,0.939701489921,0.83781511396,0.81173799065,0.936030447464
2006-06-20,20,0.780589240599,0.846885247386,0.81173799065,0.936030447464
2006-06-21,1,0.279274558424,0.844533050028,0.819415800607,0.973512999441
2006-06-21,20,0.769845280428,0.853226223425,0.819415800607,0.973512999441
2006-06-22,1,0.00780535341108,0.813705134551,0.787007326076,0.98622472739
2006-06-22,20,0.78110116761,0.824128138627,0.787007326076,0.98622472739
2006-06-23,1,0.235968123002,0.769538006244,0.740255207716,0.922702851899
2006-06-23,20,0.916645472105,0.782439337265,0.740255207716,0.922702851899
2006-06-26,1,0.832752453752,0.740950939651,0.709997982633,0.918238906234
2006-06-26,20,0.9246978362,0.755456361771,0.709997982633,0.918238906234
2006-06-27,1,0.299477051462,0.747695327208,0.7173632509,0.832251299676
2006-06-27,20,0.883131785048,0.761822305041,0.7173632509,0.832251299676
2006-06-28,1,4.55215046723,0.724040256324,0.692290078934,0.8145884157
2006-06-28,20,0.876596329848,0.739494578764,0.692290078934,0.8145884157
2006-06-29,1,0.0440941036058,0.940931265689,0.923881702232,0.967491073066
2006-06-29,20,0.72193408328,0.944215296484,0.923881702232,0.967491073066
2006-06-30,1,0.61373572499,0.89087254939,0.871094446314,0.967793878358
2006-06-30,20,0.720823604702,0.896965498722,0.871094446314,0.967793878358
2006-07-03,1,0.529292980316,0.875958014058,0.855652923035,0.837199469176
2006-07-03,20,0.70028990491,0.882887854902,0.855652923035,0.837199469176
2006-07-05,1,0.062056231865,0.857226197072,0.836071326472,0.86301571131
2006-07-05,20,0.686797305466,0.865207126555,0.836071326472,0.86301571131
2006-07-06,1,0.458712752565,0.81339565407,0.789630420795,0.847445803995
2006-07-06,20,0.686195216605,0.823836023862,0.789630420795,0.847445803995
2006-07-07,1,0.0215710139633,0.794596355492,0.769775360701,0.869378845022
2006-07-07,20,0.663512387118,0.806091600482,0.769775360701,0.869378845022
2006-07-10,1,0.160665611902,0.752394380684,0.724883099897,0.860396840979
2006-07-10,20,0.666381909571,0.76625768299,0.724883099897,0.860396840979
2006-07-11,1,1.19432715606,0.720642833944,0.691030050617,0.797181540841
2006-07-11,20,0.664021594814,0.736287794167,0.691030050617,0.797181540841
2006-07-12,1,1.70342910226,0.748979828467,0.721227876944,0.794470482207
2006-07-12,20,0.613804679505,0.763034729754,0.721227876944,0.794470482207
2006-07-13,1,0.240718363645,0.800751742688,0.780159950463,0.86624704568
2006-07-13,20,0.539297751314,0.810110035025,0.780159950463,0.86624704568
2006-07-14,1,0.0191600224938,0.770807176381,0.747793455254,0.657515032989
2006-07-14,20,0.535239709836,0.781933225872,0.747793455254,0.657515032989
2006-07-17,1,0.0367863464772,0.730460286075,0.704075449288,0.651684705993
2006-07-17,20,0.534954234083,0.74396818686,0.704075449288,0.651684705993
2006-07-18,1,3.38010590463,0.693579693715,0.66403810312,0.611583977943
2006-07-18,20,0.6256427617,0.709264815246,0.66403810312,0.611583977943
2006-07-19,1,0.724822286498,0.843852677136,0.82700217121,0.780589240599
2006-07-19,20,0.485767159453,0.850666535052,0.82700217121,0.780589240599
2006-07-20,1,0.504392302066,0.838015987341,0.820871378127,0.769845280428
2006-07-20,20,0.450776108323,0.845174410278,0.820871378127,0.769845280428
2006-07-21,1,2.71869144331,0.8203505923,0.801882633564,0.78110116761
2006-07-21,20,0.432431358297,0.828551879848,0.801882633564,0.78110116761
2006-07-24,1,0.397015404918,0.926220538358,0.916891162148,0.916645472105
2006-07-24,20,0.303257701625,0.928171865474,0.916891162148,0.916645472105
2006-07-25,1,0.00143143070976,0.897170456591,0.885698616715,0.9246978362
2006-07-25,20,0.283908285649,0.900836735573,0.885698616715,0.9246978362
2006-07-26,1,0.16876794746,0.848039691626,0.832642585554,0.883131785048
2006-07-26,20,0.293956136453,0.854606371983,0.832642585554,0.883131785048
2006-07-27,1,1.45890553586,0.811196216799,0.792810107269,0.876596329848
2006-07-27,20,0.288329935186,0.819937926694,0.792810107269,0.876596329848
2006-07-28,1,0.0218845320634,0.847968926179,0.832775832984,0.72193408328
2006-07-28,20,0.215664989607,0.854539784126,0.832775832984,0.72193408328
2006-07-31,1,0.203061729137,0.803007588058,0.784122354929,0.720823604702
2006-07-31,20,0.227844462372,0.812232708094,0.784122354929,0.720823604702
2006-08-01,1,0.259440991445,0.770841408212,0.749258717381,0.70028990491
2006-08-01,20,0.219531899722,0.78196543685,0.749258717381,0.70028990491
2006-08-02,1,0.0500144546386,0.743779255309,0.719869653825,0.686797305466
2006-08-02,20,0.206908742355,0.756500879783,0.719869653825,0.686797305466
2006-08-03,1,0.00505616282492,0.706807629791,0.679678341874,0.686195216605
2006-08-03,20,0.205113864822,0.721711849092,0.679678341874,0.686195216605
2006-08-04,1,0.0789614630291,0.669633113025,0.639201011131,0.663512387118
2006-08-04,20,0.219983108795,0.6867319047,0.639201011131,0.663512387118
2006-08-07,1,0.113459316765,0.638841051697,0.605586638245,0.666381909571
2006-08-07,20,0.217492200645,0.657757631819,0.605586638245,0.666381909571
2006-08-08,1,0.189988849876,0.611858179546,0.576058998956,0.664021594814
2006-08-08,20,0.261228280053,0.632367675218,0.576058998956,0.664021594814
2006-08-09,1,0.213290538443,0.590773492841,0.552894790011,0.613804679505
2006-08-09,20,0.263299701472,0.612527708686,0.552894790011,0.613804679505
2006-08-10,1,0.159557534081,0.574586664269,0.532518534917,0.539297751314
2006-08-10,20,0.259777548116,0.591446406002,0.532518534917,0.539297751314
2006-08-11,1,0.0134505074277,0.555171125095,0.510140874867,0.535239709836
2006-08-11,20,0.25191353227,0.573237470936,0.510140874867,0.535239709836
2006-08-14,1,1.85055689882,0.529396924377,0.480339452821,0.534954234083
2006-08-14,20,0.304329374295,0.549065041676,0.480339452821,0.534954234083
2006-08-15,1,0.582593859681,0.599241331256,0.562552499581,0.6256427617
2006-08-15,20,0.219227838084,0.614568876421,0.562552499581,0.6256427617
2006-08-16,1,0.025001263898,0.600068567034,0.563754981187,0.485767159453
2006-08-16,20,0.19102145814,0.615344702548,0.563754981187,0.485767159453
2006-08-17,1,0.137497301554,0.5722800251,0.531429758149,0.450776108323
2006-08-17,20,0.193059866315,0.589283115945,0.531429758149,0.450776108323
2006-08-18,1,0.135218309877,0.551868141625,0.507793810754,0.432431358297
2006-08-18,20,0.186847590236,0.5701397557,0.507793810754,0.432431358297
2006-08-21,1,0.0100270853968,0.532524331966,0.485439280701,0.303257701625
2006-08-21,20,0.183686049517,0.551998092425,0.485439280701,0.303257701625
2006-08-22,1,0.20238844678,0.507889299608,0.456914548983,0.283908285649
2006-08-22,20,0.199464318572,0.528894036415,0.456914548983,0.283908285649
2006-08-23,1,0.056243922128,0.494539704575,0.441642982851,0.293956136453
2006-08-23,20,0.203979595386,0.516374069447,0.441642982851,0.293956136453
2006-08-24,1,0.0056066242752,0.47447742073,0.418519039207,0.288329935186
2006-08-24,20,0.20421500024,0.497558582506,0.418519039207,0.288329935186
2006-08-25,1,0.265473987363,0.452985322993,0.393744294311,0.215664989607
2006-08-25,20,0.242448235674,0.477402139328,0.393744294311,0.215664989607
2006-08-28,1,0.036810476124,0.446054836437,0.386048075895,0.227844462372
2006-08-28,20,0.257270404352,0.470902356935,0.386048075895,0.227844462372
2006-08-29,1,0.00697784411279,0.427811268336,0.365093819908,0.219531899722
2006-08-29,20,0.255446003282,0.453792559266,0.365093819908,0.219531899722
2006-08-30,1,0.0141169039708,0.409098224992,0.343606861361,0.206908742355
2006-08-30,20,0.256562374899,0.436242462506,0.343606861361,0.206908742355
2006-08-31,1,0.3024410423,0.391837169421,0.323837463917,0.205113864822
2006-08-31,20,0.258423164812,0.420054117839,0.323837463917,0.205113864822
2006-09-01,1,0.0291433000289,0.390350085871,0.32255367862,0.219983108795
2006-09-01,20,0.249070523754,0.418659451044,0.32255367862,0.219983108795
2006-09-05,1,0.988180904923,0.374947155897,0.304949055905,0.217492200645
2006-09-05,20,0.24980473192,0.404213756325,0.304949055905,0.217492200645
2006-09-06,1,0.23141727825,0.409573747143,0.345942966846,0.261228280053
2006-09-06,20,0.27225537403,0.436688432711,0.345942966846,0.261228280053
2006-09-07,1,0.142847471331,0.403418280233,0.33907142553,0.263299701472
2006-09-07,20,0.263180385173,0.430915505353,0.33907142553,0.263299701472
2006-09-08,1,0.00227721715527,0.379758524408,0.327297988278,0.259777548116
2006-09-08,20,0.259645574594,0.410123333862,0.327297988278,0.259777548116
2006-09-11,1,1.06176734793,0.362725855392,0.307796742011,0.25191353227
2006-09-11,20,0.259845797247,0.394577053425,0.307796742011,0.25191353227
2006-09-12,1,0.148526174597,0.4040902814,0.353034978366,0.304329374295
2006-09-12,20,0.208841020682,0.432331733343,0.353034978366,0.304329374295
2006-09-13,1,0.0184662608154,0.393415583481,0.34076445014,0.219227838084
2006-09-13,20,0.204710062848,0.422588583442,0.34076445014,0.219227838084
2006-09-14,1,0.0657694273939,0.376386972333,0.32142655878,0.19102145814
2006-09-14,20,0.248872516321,0.407046006755,0.32142655878,0.19102145814
2006-09-15,1,0.0132517799622,0.363003912361,0.306087130897,0.193059866315
2006-09-15,20,0.247675357205,0.394830845218,0.306087130897,0.193059866315
2006-09-18,1,0.071987495505,0.347634217686,0.288517009841,0.186847590236
2006-09-18,20,0.250177597725,0.380802416471,0.288517009841,0.186847590236
2006-09-19,1,0.325592466501,0.336422606576,0.275525238981,0.183686049517
2006-09-19,20,0.253298603355,0.37056920814,0.275525238981,0.183686049517
2006-09-20,1,0.292693983046,0.339644576469,0.278529272632,0.199464318572
2006-09-20,20,0.237840898259,0.373510006642,0.278529272632,0.199464318572
2006-09-21,1,0.0609520192138,0.340881362085,0.279379155257,0.203979595386
2006-09-21,20,0.223566509862,0.374638861786,0.279379155257,0.203979595386
2006-09-22,1,0.770271332959,0.329503809963,0.266273527094,0.20421500024
2006-09-22,20,0.221237750306,0.364254193603,0.266273527094,0.20421500024
2006-09-25,1,0.56191736093,0.357220960435,0.296513395446,0.242448235674
2006-09-25,20,0.201533827704,0.3895525537,0.296513395446,0.242448235674
2006-09-26,1,0.000322454715378,0.37189880909,0.312437633375,0.257270404352
2006-09-26,20,0.173472121842,0.402949511699,0.312437633375,0.257270404352
2006-09-27,1,0.0293052764462,0.355262037275,0.293710722656,0.255446003282
2006-09-27,20,0.179608096622,0.387764579732,0.293710722656,0.255446003282
2006-09-28,1,0.0513327022455,0.341254822771,0.277846395883,0.256562374899
2006-09-28,20,0.19039776988,0.374979731708,0.277846395883,0.256562374899
2006-09-29,1,0.115388221132,0.329333106354,0.264255574265,0.258423164812
2006-09-29,20,0.22385036891,0.364098386773,0.264255574265,0.258423164812
2006-10-02,1,0.0438274633597,0.321637170708,0.255323533077,0.249070523754
2006-10-02,20,0.218172692856,0.357074051733,0.255323533077,0.249070523754
2006-10-03,1,1.43719374711,0.310561547126,0.242633768894,0.24980473192
2006-10-03,20,0.215981345434,0.346964963718,0.242633768894,0.24980473192
2006-10-04,1,0.0499175011096,0.375562870393,0.314307367587,0.27225537403
2006-10-04,20,0.171343706014,0.406293821653,0.314307367587,0.27225537403
2006-10-05,1,0.0721512597553,0.361374944015,0.298443975598,0.263180385173
2006-10-05,20,0.168906910191,0.393344031924,0.298443975598,0.263180385173
2006-10-06,1,0.00628167021939,0.344751793875,0.284866412648,0.259645574594
2006-10-06,20,0.167776238074,0.370682401207,0.284866412648,0.259645574594
2006-10-09,1,0.0416718166145,0.330587866372,0.268151328102,0.259845797247
2006-10-09,20,0.231110404183,0.35741412825,0.268151328102,0.259845797247
2006-10-10,1,0.0659070179218,0.319012328094,0.254562557413,0.208841020682
2006-10-10,20,0.231480464883,0.346570567983,0.254562557413,0.208841020682
2006-10-11,1,0.90171533027,0.309316608808,0.243243225043,0.204710062848
2006-10-11,20,0.230349371317,0.33748795654,0.243243225043,0.204710062848
2006-10-12,1,0.0418262450911,0.342175513302,0.282751551357,0.248872516321
2006-10-12,20,0.199560143267,0.36826903148,0.282751551357,0.248872516321
2006-10-13,1,0.0632965903522,0.329945065253,0.268296032981,0.247675357205
2006-10-13,20,0.199204008068,0.356811974596,0.268296032981,0.247675357205
2006-10-16,1,0.134407608105,0.319492952327,0.255996066423,0.250177597725
2006-10-16,20,0.199279811179,0.34702079999,0.255996066423,0.250177597725
2006-10-17,1,0.0164383645893,0.313211965949,0.248700758924,0.253298603355
2006-10-17,20,0.212633670064,0.34113699116,0.248700758924,0.253298603355
2006-10-18,1,0.00720621509308,0.301362109514,0.234765015264,0.237840898259
2006-10-18,20,0.214695588748,0.330036459217,0.234765015264,0.237840898259
2006-10-19,1,0.0143768281091,0.289725994024,0.221111487254,0.223566509862
2006-10-19,20,0.216938146279,0.319136152331,0.221111487254,0.223566509862
2006-10-20,1,0.376192880908,0.279115650286,0.208707407705,0.221237750306
2006-10-20,20,0.216747879013,0.309196752623,0.208707407705,0.221237750306
2006-10-23,1,0.000683243686216,0.287293681584,0.218756536097,0.201533827704
2006-10-23,20,0.198063065912,0.316857646926,0.218756536097,0.201533827704
2006-10-24,1,0.123041950314,0.276134320592,0.205672138553,0.173472121842
2006-10-24,20,0.199387010495,0.306403947015,0.205672138553,0.173472121842
2006-10-25,1,0.245098741621,0.271761776232,0.200714327258,0.179608096622
2006-10-25,20,0.195961886658,0.302307900063,0.200714327258,0.179608096622
2006-10-26,1,0.720384682832,0.27377275509,0.20337739212,0.19039776988
2006-10-26,20,0.190412933422,0.304191714873,0.20337739212,0.19039776988
2006-10-27,1,0.00183470006446,0.299552293505,0.234397829563,0.22385036891
2006-10-27,20,0.247524784816,0.328341086743,0.234397829563,0.22385036891
2006-10-30,1,5.14911614326e-07,0.287749753435,0.220444041793,0.218172692856
2006-10-30,20,0.253344595267,0.317284879119,0.220444041793,0.218172692856
2006-10-31,1,0.54444095871,0.276530003021,0.20721743018,0.215981345434
2006-10-31,20,0.295292787997,0.306774608505,0.20721743018,0.215981345434
2006-11-01,1,0.00118158466187,0.293310524451,0.227450841892,0.171343706014
2006-11-01,20,0.268408100369,0.322494015334,0.227450841892,0.171343706014
2006-11-02,1,0.0495378174045,0.281832116637,0.213874686458,0.168906910191
2006-11-02,20,0.272276573059,0.311741443495,0.213874686458,0.168906910191
2006-11-03,1,1.27296499239,0.264171689162,0.204014474315,0.167776238074
2006-11-03,20,0.308925093819,0.291936788654,0.204014474315,0.167776238074
2006-11-06,1,0.0490730306237,0.319745212406,0.268151505399,0.231110404183
2006-11-06,20,0.253254937996,0.344470524828,0.268151505399,0.231110404183
2006-11-07,1,0.0432851466058,0.308343464871,0.255006796913,0.231480464883
2006-11-07,20,0.25166664241,0.333692435516,0.255006796913,0.231480464883
2006-11-08,1,0.285930769257,0.297302150114,0.242303497894,0.230349371317
2006-11-08,20,0.257416417766,0.323255063857,0.242303497894,0.230349371317
2006-11-09,1,0.0347035411143,0.299540539088,0.244921134176,0.199560143267
2006-11-09,20,0.244758475215,0.325371016364,0.244921134176,0.199560143267
2006-11-10,1,0.0648126525728,0.288563270345,0.232308078592,0.199204008068
2006-11-10,20,0.245593488988,0.3149941875,0.232308078592,0.199204008068
2006-11-13,1,0.401484785814,0.279791564514,0.222258353031,0.199279811179
2006-11-13,20,0.24290192685,0.306702280616,0.222258353031,0.199279811179
2006-11-14,1,0.0576767382684,0.289065378169,0.233011938998,0.212633670064
2006-11-14,20,0.223509995433,0.315468830791,0.233011938998,0.212633670064
2006-11-15,1,0.0520573657088,0.279892833911,0.222491826954,0.214695588748
2006-11-15,20,0.258054039445,0.306798010732,0.222491826954,0.214695588748
2006-11-16,1,0.0105714827851,0.270960087473,0.21226575928,0.216938146279
2006-11-16,20,0.256080360195,0.298353871917,0.21226575928,0.216938146279
2006-11-17,1,0.00249661890218,0.260385033261,0.20016410269,0.216747879013
2006-11-17,20,0.260786237803,0.288357257062,0.20016410269,0.216747879013
2006-11-20,1,0.0271621353378,0.250003297406,0.188304053663,0.198063065912
2006-11-20,20,0.262985413128,0.278543386345,0.188304053663,0.198063065912
2006-11-21,1,0.054539473573,0.24150901052,0.178635538563,0.199387010495
2006-11-21,20,0.262632690354,0.270513724012,0.178635538563,0.199387010495
2006-11-22,1,0.134119676898,0.234933851359,0.171189774664,0.195961886658
2006-11-22,20,0.266679556097,0.264298216042,0.171189774664,0.195961886658
2006-11-24,1,1.86262171071,0.2328855074,0.168965568798,0.190412933422
2006-11-24,20,0.274180327855,0.262361913377,0.168965568798,0.190412933422
2006-11-27,1,0.118230909093,0.320988834016,0.270584937312,0.247524784816
2006-11-27,20,0.190479331244,0.34564612223,0.270584937312,0.247524784816
2006-11-28,1,0.838964369513,0.313117127658,0.261443695619,0.253344595267
2006-11-28,20,0.209003295978,0.33820498622,0.261443695619,0.253344595267
2006-11-29,1,0.00674720615482,0.343243355858,0.296094936053,0.295292787997
2006-11-29,20,0.168150094793,0.366683355627,0.296094936053,0.295292787997
2006-11-30,1,0.0785510384609,0.328272835508,0.278734072259,0.268408100369
2006-11-30,20,0.178042867825,0.352531699937,0.278734072259,0.268408100369
2006-12-01,1,0.782508232601,0.317911458345,0.266723090231,0.272276573059
2006-12-01,20,0.17483458246,0.342737074321,0.266723090231,0.272276573059
2006-12-04,1,0.159561875933,0.348304647317,0.297670198773,0.308925093819
2006-12-04,20,0.136462588846,0.372786784559,0.297670198773,0.308925093819
2006-12-05,1,0.0173071188954,0.341362157284,0.289383699403,0.253254937996
2006-12-05,20,0.147108823845,0.366274709726,0.289383699403,0.253254937996
2006-12-06,1,0.158280653741,0.327565925372,0.273059104572,0.25166664241
2006-12-06,20,0.148702912908,0.353333806074,0.273059104572,0.25166664241
2006-12-07,1,0.0327719182271,0.321756691445,0.266172397522,0.257416417766
2006-12-07,20,0.14092242625,0.3478847286,0.266172397522,0.257416417766
2006-12-08,1,0.0514038165706,0.309882265019,0.252168368765,0.244758475215
2006-12-08,20,0.141162666813,0.336746483804,0.252168368765,0.244758475215
2006-12-11,1,0.0109814098164,0.299644349059,0.240122495633,0.245593488988
2006-12-11,20,0.158562801491,0.327143290347,0.240122495633,0.245593488988
2006-12-12,1,0.0136461574712,0.287936594978,0.226374030484,0.24290192685
2006-12-12,20,0.169733439149,0.316161384671,0.226374030484,0.24290192685
2006-12-13,1,0.748557618517,0.277041394739,0.213610358103,0.223509995433
2006-12-13,20,0.169385252414,0.305941656744,0.213610358103,0.223509995433
2006-12-14,1,0.0125837807089,0.304256326797,0.245707193728,0.258054039445
2006-12-14,20,0.132357291197,0.331469338207,0.245707193728,0.258054039445
2006-12-15,1,0.104689034951,0.292363743412,0.231719788947,0.256080360195
2006-12-15,20,0.136153894768,0.320314062134,0.231719788947,0.256080360195
2006-12-18,1,0.0464801253897,0.285855856792,0.224097943707,0.260786237803
2006-12-18,20,0.135099197533,0.314209646503,0.224097943707,0.260786237803
2006-12-19,1,0.0201076798596,0.276755443681,0.213440874608,0.262985413128
2006-12-19,20,0.146777221923,0.305673433861,0.213440874608,0.262985413128
2006-12-20,1,0.135476788437,0.266835997468,0.201840882923,0.262632690354
2006-12-20,20,0.15202245032,0.296368965906,0.201840882923,0.262632690354
2006-12-21,1,0.284135112049,0.263373665413,0.197859037254,0.266679556097
2006-12-21,20,0.181081264408,0.293121288873,0.197859037254,0.266679556097
2006-12-22,1,0.18860177849,0.267693005427,0.203035601742,0.274180327855
2006-12-22,20,0.231101880968,0.29717284174,0.203035601742,0.274180327855
2006-12-26,1,0.488710203773,0.266890513864,0.202169572347,0.190479331244
2006-12-26,20,0.22240222098,0.296420102437,0.202169572347,0.190479331244
2006-12-27,1,0.021900345814,0.281439914837,0.219362010232,0.209003295978
2006-12-27,20,0.198569019683,0.310067480748,0.219362010232,0.209003295978
2006-12-28,1,0.204602666796,0.271341154587,0.207514310367,0.168150094793
2006-12-28,20,0.214036884504,0.300594815731,0.207514310367,0.168150094793
2006-12-29,1,0.0143853311584,0.271143861933,0.207339611753,0.178042867825
2006-12-29,20,0.225397387119,0.300409754677,0.207339611753,0.178042867825
2007-01-03,1,0.0150683603176,0.261256898697,0.195762354917,0.17483458246
2007-01-03,20,0.238932991849,0.291135755844,0.195762354917,0.17483458246
2007-01-04,1,0.372486575912,0.24028067818,0.184920715241,0.136462588846
2007-01-04,20,0.239612725848,0.263878400177,0.184920715241,0.136462588846
2007-01-05,1,0.0491889001617,0.249407423656,0.196174666881,0.147108823845
2007-01-05,20,0.221456013889,0.272537580752,0.196174666881,0.147108823845
2007-01-08,1,0.00267092058598,0.241991342544,0.187355520878,0.148702912908
2007-01-08,20,0.219240006137,0.265501426882,0.187355520878,0.148702912908
2007-01-09,1,0.0375767294763,0.232676715581,0.176274444861,0.14092242625
2007-01-09,20,0.220078174222,0.256663990024,0.176274444861,0.14092242625
2007-01-10,1,0.399406510132,0.225607840851,0.167952581938,0.141162666813
2007-01-10,20,0.218895494096,0.249957255086,0.167952581938,0.141162666813
2007-01-11,1,0.234394162975,0.236879848044,0.181839817629,0.158562801491
2007-01-11,20,0.224147041817,0.260651795213,0.181839817629,0.158562801491
2007-01-12,1,0.00668242277769,0.239343352474,0.18499307835,0.169733439149
2007-01-12,20,0.217763037634,0.262989093845,0.18499307835,0.169733439149
2007-01-16,1,0.00799839417981,0.230373872326,0.174294439016,0.169385252414
2007-01-16,20,0.246072091974,0.254479121865,0.174294439016,0.169385252414
2007-01-17,1,0.088515852118,0.221964667804,0.164316676326,0.132357291197
2007-01-17,20,0.274666376625,0.246500722485,0.164316676326,0.132357291197
2007-01-18,1,0.0835950902587,0.218014093841,0.159768626873,0.136153894768
2007-01-18,20,0.270778326074,0.242752537175,0.159768626873,0.136153894768
2007-01-19,1,0.280040613188,0.214037411354,0.155198214676,0.135099197533
2007-01-19,20,0.266978904281,0.238979580886,0.155198214676,0.135099197533
2007-01-22,1,0.125012247803,0.22002606756,0.162688758587,0.146777221923
2007-01-22,20,0.257010462565,0.244661437098,0.162688758587,0.146777221923
2007-01-23,1,0.716653070201,0.217993103962,0.16042816794,0.15202245032
2007-01-23,20,0.25174747812,0.242732622611,0.16042816794,0.15202245032
2007-01-24,1,1.28454744324,0.245424293579,0.193801662076,0.181081264408
2007-01-24,20,0.216282841708,0.268758507184,0.193801662076,0.181081264408
2007-01-25,1,0.0146085787271,0.299515542779,0.259246408945,0.231101880968
2007-01-25,20,0.158428058623,0.320078651433,0.259246408945,0.231101880968
2007-01-26,1,0.0120461778389,0.287618631744,0.244568139132,0.22240222098
2007-01-26,20,0.158485008208,0.308791221406,0.244568139132,0.22240222098
2007-01-29,1,0.331257642228,0.276251138854,0.230616821455,0.198569019683
2007-01-29,20,0.782434537052,0.298006087331,0.230616821455,0.198569019683
2007-01-30,1,0.431812719106,0.281347408696,0.236655270701,0.214036884504
2007-01-30,20,0.781247856621,0.302841274303,0.236655270701,0.214036884504
2007-01-31,1,0.285097425748,0.291151086035,0.248364717605,0.225397387119
2007-01-31,20,0.763031518614,0.312142707394,0.248364717605,0.225397387119
2007-02-01,1,0.0286630403023,0.293135028998,0.250568680094,0.238932991849
2007-02-01,20,0.814537162024,0.314025012582,0.250568680094,0.238932991849
2007-02-02,1,0.00935233673525,0.283609252167,0.237254341706,0.239612725848
2007-02-02,20,0.857776142365,0.305426802677,0.237254341706,0.239612725848
2007-02-05,1,0.00486874511776,0.272345020846,0.223580221408,0.221456013889
2007-02-05,20,0.97550046659,0.294826260526,0.223580221408,0.221456013889
2007-02-06,1,0.0194342822868,0.26149087668,0.210457532831,0.219240006137
2007-02-06,20,0.978303317537,0.284611643172,0.210457532831,0.219240006137
2007-02-07,1,0.0139231269572,0.251971899605,0.198996137798,0.220078174222
2007-02-07,20,1.00254617322,0.275653524786,0.198996137798,0.220078174222
2007-02-08,1,0.504437464558,0.242713750448,0.187891757148,0.218895494096
2007-02-08,20,1.00207944702,0.266940866321,0.187891757148,0.218895494096
2007-02-09,1,0.106714079307,0.258390490131,0.206884499592,0.224147041817
2007-02-09,20,0.980439931547,0.281693931581,0.206884499592,0.224147041817
2007-02-12,1,0.572863509573,0.25338999536,0.200874274375,0.217763037634
2007-02-12,20,1.18684311254,0.276988066256,0.200874274375,0.217763037634
2007-02-13,1,0.579884087215,0.271872316961,0.223193628487,0.246072091974
2007-02-13,20,1.18043691839,0.294381408382,0.223193628487,0.246072091974
2007-02-14,1,0.0107548410905,0.289665040485,0.244595056011,0.274666376625
2007-02-14,20,1.15820280484,0.31112578359,0.244595056011,0.274666376625
2007-02-15,1,0.00760665438861,0.278130173542,0.230564643115,0.270778326074
2007-02-15,20,1.16502119011,0.300270551685,0.230564643115,0.270778326074
2007-02-16,1,0.0806717788677,0.267087075507,0.217187163792,0.266978904281
2007-02-16,20,1.22334563563,0.289878113636,0.217187163792,0.266978904281
2007-02-20,1,0.0197525589184,0.260301472648,0.208996240696,0.257010462565
2007-02-20,20,1.23924207361,0.283492318895,0.208996240696,0.257010462565
2007-02-21,1,0.00736034196105,0.250865202768,0.19764161979,0.25174747812
2007-02-21,20,1.38167938716,0.274612034591,0.19764161979,0.25174747812
2007-02-22,1,0.127451781532,0.241342619459,0.18622474312,0.216282841708
2007-02-22,20,1.38137209028,0.265650522451,0.18622474312,0.216282841708
2007-02-23,1,0.0157475704302,0.238332696713,0.182698365425,0.158428058623
2007-02-23,20,1.37559769124,0.26281794453,0.182698365425,0.158428058623
2007-02-26,1,12.4910367547,0.229932120626,0.172681317725,0.158485008208
2007-02-26,20,1.3752782775,0.254912330879,0.172681317725,0.158485008208
2007-02-27,1,0.307524033613,0.842937561803,0.911782643944,0.782434537052
2007-02-27,20,0.769968520385,0.831799455446,0.911782643944,0.782434537052
2007-02-28,1,0.0674859589588,0.815070097151,0.875527127324,0.781247856621
2007-02-28,20,0.786573799908,0.805573943449,0.875527127324,0.781247856621
2007-03-01,1,1.31521029396,0.776821839851,0.827044657222,0.763031518614
2007-03-01,20,0.790166207704,0.769579275715,0.827044657222,0.763031518614
2007-03-02,1,0.893442647121,0.802826914412,0.856334595426,0.814537162024
2007-03-02,20,0.72509563571,0.794052129755,0.856334595426,0.814537162024
2007-03-05,1,2.36383882123,0.83371496177,0.858561078528,0.857776142365
2007-03-05,20,0.683787135072,0.823323038839,0.858561078528,0.857776142365
2007-03-06,1,0.0609257640588,0.907021841384,0.94887774309,0.97550046659
2007-03-06,20,0.608259114987,0.889312568756,0.94887774309,0.97550046659
2007-03-07,1,0.504291395934,0.863847535856,0.895600624348,0.978303317537
2007-03-07,20,0.605831319803,0.85044783817,0.895600624348,0.978303317537
2007-03-08,1,0.00458860291436,0.844839443678,0.872122070644,1.00254617322
2007-03-08,20,0.585253718596,0.833337096668,0.872122070644,1.00254617322
2007-03-09,1,0.0716471551558,0.802647880423,0.82007006258,1.00207944702
2007-03-09,20,0.585197484217,0.795357012939,0.82007006258,1.00207944702
2007-03-12,1,4.23477769912,0.766247623387,0.775164688134,0.980439931547
2007-03-12,20,0.585029601593,0.762590158541,0.775164688134,0.980439931547
2007-03-13,1,0.444739626542,0.934660357912,0.982741468794,1.18684311254
2007-03-13,20,0.395034596048,0.914192262489,0.982741468794,1.18684311254
2007-03-14,1,0.135201816229,0.90851186851,0.950461358259,1.18043691839
2007-03-14,20,0.391937821164,0.890653864282,0.950461358259,1.18043691839
2007-03-15,1,0.147122546583,0.868863554497,0.901545785737,1.15820280484
2007-03-15,20,0.391239652673,0.854963167617,0.901545785737,1.15820280484
2007-03-16,1,1.1740955648,0.832170471367,0.856280391387,1.16502119011
2007-03-16,20,0.440048080861,0.821932716455,0.856280391387,1.16502119011
2007-03-19,1,0.39860053846,0.847661354915,0.875349301792,1.22334563563
2007-03-19,20,0.383639555219,0.835877330231,0.875349301792,1.22334563563
2007-03-20,1,2.86849882986,0.824478543128,0.846744375992,1.23924207361
2007-03-20,20,0.363949620081,0.815008581485,0.846744375992,1.23924207361
2007-03-21,1,0.00121440434261,0.922902078551,0.968049643225,1.38167938716
2007-03-21,20,0.221248010824,0.903607671632,0.968049643225,1.38167938716
2007-03-22,1,0.0119638007033,0.875870177607,0.910039528892,1.38137209028
2007-03-22,20,0.263673851445,0.861270403279,0.910039528892,1.38137209028
2007-03-23,1,0.00935929561786,0.832178786406,0.8561549852,1.37559769124
2007-03-23,20,0.265735965766,0.821940201503,0.8561549852,1.37559769124
2007-03-26,1,0.384841612485,0.790977825841,0.805347243825,1.3752782775
2007-03-26,20,0.265329673654,0.784851840436,0.805347243825,1.3752782775
2007-03-27,1,0.639629624078,0.770520778783,0.780116905945,0.769968520385
2007-03-27,20,0.296971805023,0.766436775902,0.780116905945,0.769968520385
2007-03-28,1,0.139334114887,0.76369047595,0.771687669033,0.786573799908
2007-03-28,20,0.265296652646,0.760288260572,0.771687669033,0.786573799908
2007-03-29,1,0.0137988540721,0.732918379232,0.733746455784,0.790166207704
2007-03-29,20,0.258337207626,0.73258777451,0.733746455784,0.790166207704
2007-03-30,1,0.0672726343671,0.697879398876,0.690549599682,0.72509563571
2007-03-30,20,0.288550811305,0.70104631681,0.690549599682,0.72509563571
2007-04-02,1,0.853278419515,0.660172672183,0.653152981763,0.683787135072
2007-04-02,20,0.288692305425,0.662276879228,0.653152981763,0.683787135072
2007-04-03,1,0.0123698603939,0.669153361607,0.665160508028,0.608259114987
2007-04-03,20,0.266839881785,0.670352528579,0.665160508028,0.608259114987
2007-04-04,1,0.0927393717811,0.639549217259,0.62599306917,0.605831319803
2007-04-04,20,0.275534244785,0.643731778459,0.62599306917,0.605831319803
2007-04-05,1,0.00346391534664,0.615260513323,0.593997847326,0.585253718596
2007-04-05,20,0.27320334132,0.621890798676,0.593997847326,0.585253718596
2007-04-09,1,0.0682895026776,0.588304749073,0.558565811408,0.585197484217
2007-04-09,20,0.276308065544,0.597651534878,0.558565811408,0.585197484217
2007-04-10,1,0.434877588207,0.565810634436,0.529149232884,0.585029601593
2007-04-10,20,0.273574127916,0.57742429244,0.529149232884,0.585029601593
2007-04-11,1,0.382804128872,0.561189326953,0.523492934203,0.395034596048
2007-04-11,20,0.257008707261,0.573268702929,0.523492934203,0.395034596048
2007-04-12,1,0.1212384464,0.554471813085,0.515051605883,0.391937821164
2007-04-12,20,0.336634136794,0.567228154822,0.515051605883,0.391937821164
2007-04-13,1,1.12329111035,0.536290988612,0.491422816314,0.391239652673
2007-04-13,20,0.376607253887,0.550879525401,0.491422816314,0.391239652673
2007-04-16,1,0.0459250519606,0.564512547705,0.529334913956,0.440048080861
2007-04-16,20,0.322052964556,0.576257022003,0.529334913956,0.440048080861
2007-04-17,1,0.00480183570516,0.5423529866,0.500330322237,0.383639555219
2007-04-17,20,0.320608008553,0.556330618051,0.500330322237,0.383639555219
2007-04-18,1,0.0144666447175,0.519586135806,0.470598613045,0.363949620081
2007-04-18,20,0.357258039563,0.535858124779,0.470598613045,0.363949620081
2007-04-19,1,0.849731216757,0.498546062582,0.443230694945,0.221248010824
2007-04-19,20,0.356956477176,0.516938390934,0.443230694945,0.221248010824
2007-04-20,1,0.0532060871269,0.516518116907,0.467620726254,0.263673851445
2007-04-20,20,0.336175559723,0.533099289276,0.467620726254,0.263673851445
2007-04-23,1,0.00123345338063,0.497405888439,0.442755847906,0.265735965766
2007-04-23,20,0.334704222082,0.515913119249,0.442755847906,0.265735965766
2007-04-24,1,1.01768423987,0.47702255619,0.416264504235,0.265329673654
2007-04-24,20,0.334849128976,0.497583942495,0.416264504235,0.265329673654
2007-04-25,1,0.00612657653247,0.503818269279,0.452349688373,0.296971805023
2007-04-25,20,0.28469450174,0.521679284486,0.452349688373,0.296971805023
2007-04-26,1,0.000145214491463,0.48329340135,0.425576301662,0.265296652646
2007-04-26,20,0.331918844281,0.503222835486,0.425576301662,0.265296652646
2007-04-27,1,0.618070927647,0.463659902381,0.400050436432,0.258337207626
2007-04-27,20,0.3466967912,0.485567926636,0.400050436432,0.258337207626
2007-04-30,1,0.0701025167803,0.473117789104,0.413131665905,0.288550811305
2007-04-30,20,0.317024081791,0.494072683137,0.413131665905,0.288550811305
2007-05-01,1,0.416229946702,0.453285573891,0.392549916957,0.288692305425
2007-05-01,20,0.345135373773,0.470549253699,0.392549916957,0.288692305425
2007-05-02,1,0.186257120403,0.453688471104,0.393970718742,0.266839881785
2007-05-02,20,0.324356348342,0.470907506848,0.393970718742,0.266839881785
2007-05-03,1,0.0461213024757,0.44442329584,0.381507902842,0.275534244785
2007-05-03,20,0.322000178284,0.462668983231,0.381507902842,0.275534244785
2007-05-04,1,0.0655583998256,0.429785198718,0.36138470682,0.27320334132
2007-05-04,20,0.321399632648,0.449652898226,0.36138470682,0.27320334132
2007-05-07,1,0.0136107501239,0.416760258217,0.3436351284,0.276308065544
2007-05-07,20,0.332494104076,0.43807121986,0.3436351284,0.276308065544
2007-05-08,1,0.103569175113,0.402266343643,0.323833665704,0.273574127916
2007-05-08,20,0.371447579139,0.425183340883,0.323833665704,0.273574127916
2007-05-09,1,1.97531271953,0.392335713685,0.310617796268,0.257008707261
2007-05-09,20,0.52337397674,0.416353099997,0.310617796268,0.257008707261
2007-05-10,1,0.920700788245,0.46145585304,0.410499491664,0.336634136794
2007-05-10,20,0.488523836367,0.477814203989,0.410499491664,0.336634136794
2007-05-11,1,0.0322053237337,0.482573228135,0.441111569459,0.376607253887
2007-05-11,20,0.442950801923,0.496591613857,0.441111569459,0.376607253887
2007-05-14,1,0.0170259318954,0.465272000368,0.416577194715,0.322052964556
2007-05-14,20,0.49900550451,0.481207493267,0.416577194715,0.322052964556
2007-05-15,1,0.737802455917,0.448277114127,0.392604118946,0.320608008553
2007-05-15,20,0.611708102553,0.466095769241,0.392604118946,0.320608008553
2007-05-16,1,0.00843539696464,0.462441227834,0.413316019164,0.357258039563
2007-05-16,20,0.586360753077,0.478690391787,0.413316019164,0.357258039563
2007-05-17,1,0.434112867703,0.445240311643,0.389023181832,0.356956477176
2007-05-17,20,0.607100109612,0.463395467491,0.389023181832,0.356956477176
2007-05-18,1,0.023779334298,0.446831821859,0.391728562985,0.336175559723
2007-05-18,20,0.586131492456,0.464810626311,0.391728562985,0.336175559723
2007-05-21,1,0.00413159126495,0.431125319383,0.369651609263,0.334704222082
2007-05-21,20,0.586437727652,0.450844523363,0.369651609263,0.334704222082
2007-05-22,1,0.0145916951437,0.415450811976,0.347720408184,0.334849128976
2007-05-22,20,0.679999832441,0.436906870188,0.347720408184,0.334849128976
2007-05-23,1,0.950613427368,0.40106941645,0.327732685401,0.28469450174
2007-05-23,20,0.698251626093,0.424119042295,0.327732685401,0.28469450174
2007-05-24,1,0.295704152869,0.426732936042,0.365105529919,0.331918844281
2007-05-24,20,0.734957128732,0.446938849391,0.365105529919,0.331918844281
2007-05-25,1,0.0246167394687,0.423527729801,0.360941447296,0.3466967912
2007-05-25,20,0.725333799374,0.444088804296,0.360941447296,0.3466967912
2007-05-29,1,0.632328356421,0.409126583497,0.340761964827,0.317024081791
2007-05-29,20,0.729362947205,0.431283414162,0.340761964827,0.317024081791
2007-05-30,1,0.000649438074619,0.419960727426,0.358255948322,0.345135373773
2007-05-30,20,0.737967976912,0.437433460446,0.358255948322,0.345135373773
2007-05-31,1,0.139133719237,0.405708621948,0.336799557707,0.324356348342
2007-05-31,20,0.738023002077,0.424788281657,0.336799557707,0.324356348342
2007-06-01,1,0.0341103897554,0.397552895506,0.324939607399,0.322000178284
2007-06-01,20,0.732296548377,0.417552114398,0.324939607399,0.322000178284
2007-06-04,1,0.287447828399,0.385750851668,0.30748985434,0.321399632648
2007-06-04,20,0.787189071177,0.40708075249,0.30748985434,0.321399632648
2007-06-05,1,0.792680251372,0.384366071561,0.306287332784,0.332494104076
2007-06-05,20,0.779202908274,0.405852106515,0.306287332784,0.332494104076
2007-06-06,1,3.14209712714,0.402615225708,0.335470907899,0.371447579139
2007-06-06,20,0.739629284058,0.422043666233,0.335470907899,0.371447579139
2007-06-07,1,1.27830991206,0.51089355988,0.503868481054,0.52337397674
2007-06-07,20,0.587964646132,0.518113604585,0.503868481054,0.52337397674
2007-06-08,1,0.00924009937509,0.541427574203,0.550334966914,0.488523836367
2007-06-08,20,0.52447318067,0.545204904947,0.550334966914,0.488523836367
2007-06-11,1,1.15329937547,0.521250112394,0.517869274862,0.442950801923
2007-06-11,20,0.626070713454,0.527302454498,0.517869274862,0.442950801923
2007-06-12,1,2.27107789275,0.546410150184,0.555995080899,0.49900550451
2007-06-12,20,0.58467985189,0.549625694858,0.555995080899,0.49900550451
2007-06-13,1,0.230855466399,0.613554303629,0.65890004961,0.611708102553
2007-06-13,20,0.649272124265,0.609199336543,0.65890004961,0.611708102553
2007-06-14,1,0.423222527653,0.598241807005,0.633217374617,0.586360753077
2007-06-14,20,0.642523842853,0.595613325842,0.633217374617,0.586360753077
2007-06-15,1,0.0147405245962,0.591166661161,0.620617683799,0.607100109612
2007-06-15,20,0.623208445342,0.589335903583,0.620617683799,0.607100109612
2007-06-18,1,0.0299040382072,0.568639611963,0.584265054247,0.586131492456
2007-06-18,20,0.622476106615,0.569348782021,0.584265054247,0.586131492456
2007-06-19,1,1.87537368705,0.547860290025,0.551003393285,0.586437727652
2007-06-19,20,0.623118099739,0.55091233125,0.551003393285,0.586437727652
2007-06-20,1,0.379627568187,0.599608072452,0.630465610911,0.679999832441
2007-06-20,20,0.539291175092,0.596825544688,0.630465610911,0.679999832441
2007-06-21,1,1.68472348015,0.590774540411,0.615415328347,0.698251626093
2007-06-21,20,0.595907495699,0.588987994497,0.615415328347,0.698251626093
2007-06-22,1,0.103237565714,0.632929402948,0.679573817455,0.734957128732
2007-06-22,20,0.523468823417,0.626389890973,0.679573817455,0.734957128732
2007-06-25,1,0.10519969608,0.611677336083,0.644993642351,0.725333799374
2007-06-25,20,0.718370179321,0.607533997324,0.644993642351,0.725333799374
2007-06-26,1,0.804428950564,0.591596151915,0.612606005575,0.729362947205
2007-06-26,20,0.723943598747,0.589716969201,0.612606005575,0.729362947205
2007-06-27,1,0.00174994138569,0.416416894796,0.624115382274,0.737967976912
2007-06-27,20,0.962559766269,0.416406533174,0.624115382274,0.737967976912
2007-06-28,1,0.0246046452217,0.416415749514,0.586773455821,0.738023002077
2007-06-28,20,1.0924128408,0.4164054731,0.586773455821,0.738023002077
2007-06-29,1,1.13196084576,0.41641461365,0.553043327185,0.732296548377
2007-06-29,20,1.14322088152,0.416404421744,0.553043327185,0.732296548377
2007-07-02,1,0.127724570337,0.416413487127,0.587778378299,0.787189071177
2007-07-02,20,1.16761483162,0.416403379033,0.587778378299,0.787189071177
2007-07-03,1,0.00120776705453,0.416412369868,0.560175149822,0.779202908274
2007-07-03,20,1.18726802154,0.416402344897,0.560175149822,0.779202908274
2007-07-05,1,0.108804368614,0.416411261796,0.526637106856,0.739629284058
2007-07-05,20,1.19666808629,0.416401319266,0.526637106856,0.739629284058
2007-07-06,1,0.00848060282834,0.416410162837,0.501567142561,0.587964646132
2007-07-06,20,1.55426562456,0.416400302068,0.501567142561,0.587964646132
2007-07-09,1,2.04119075505,0.416409072915,0.471981950177,0.52447318067
2007-07-09,20,1.83858875548,0.416399293236,0.471981950177,0.52447318067
2007-07-10,1,0.325482144193,0.416407991956,0.56613447847,0.626070713454
2007-07-10,20,1.75538193221,0.416398292699,0.56613447847,0.626070713454
2007-07-11,1,3.56292334026,0.416406919886,0.551695338413,0.58467985189
2007-07-11,20,1.83674070851,0.416397300391,0.551695338413,0.58467985189
2007-07-12,1,0.0958898381665,0.416405856632,0.732369018524,0.649272124265
2007-07-12,20,2.11154135127,0.416396316242,0.732369018524,0.649272124265
2007-07-13,1,0.0369145774247,0.416404802121,0.694180267702,0.642523842853
2007-07-13,20,2.10681847751,0.416395340187,0.694180267702,0.642523842853
2007-07-16,1,9.37500579736e-05,0.416403756283,0.654744326286,0.623208445342
2007-07-16,20,2.1050954646,0.416394372158,0.654744326286,0.623208445342
2007-07-17,1,0.0427439006922,0.416402719045,0.615465291712,0.622476106615
2007-07-17,20,2.2729641884,0.41639341209,0.615465291712,0.622476106615
2007-07-18,1,0.198835194107,0.416401690336,0.581102008251,0.623118099739
2007-07-18,20,2.36890342376,0.416392459917,0.581102008251,0.623118099739
2007-07-19,1,1.51195398031,0.416400670087,0.558165999402,0.539291175092
2007-07-19,20,2.36422187824,0.416391515574,0.558165999402,0.539291175092
2007-07-20,1,0.235950034508,0.416399658228,0.615393278257,0.595907495699
2007-07-20,20,2.58313010882,0.416390578996,0.615393278257,0.595907495699
2007-07-23,1,4.0012646838,0.41639865469,0.592626683632,0.523468823417
2007-07-23,20,2.57136897151,0.416389650121,0.592626683632,0.523468823417
2007-07-24,1,0.216668084592,0.416397659405,0.797144963642,0.718370179321
2007-07-24,20,2.37189485475,0.416388728884,0.797144963642,0.718370179321
2007-07-25,1,5.57675230101,0.416396672304,0.762316350899,0.723943598747
2007-07-25,20,2.42886237719,0.416387815223,0.762316350899,0.723943598747
2007-07-26,1,2.5988114321,0.71600202774,1.05118250791,0.962559766269
2007-07-26,20,2.15060031054,0.69231142901,1.05118250791,0.962559766269
2007-07-27,1,1.04076545947,0.754124729294,1.14404024336,1.0924128408
2007-07-27,20,2.08642892645,0.726157445825,1.14404024336,1.0924128408
2007-07-30,1,1.61983984787,0.757164108287,1.13784375632,1.14322088152
2007-07-30,20,2.07085604282,0.728855860899,1.13784375632,1.14322088152
2007-07-31,1,0.520788368664,0.772650730567,1.16676352182,1.16761483162
2007-07-31,20,2.27196519854,0.742605161361,1.16676352182,1.16761483162
2007-08-01,1,0.18920906216,0.763781857048,1.12800501263,1.18726802154
2007-08-01,20,2.48104649813,0.734731216703,1.12800501263,1.18726802154
2007-08-02,1,7.26075513395,0.748030928745,1.0716772556,1.19666808629
2007-08-02,20,2.48036315136,0.720747260622,1.0716772556,1.19666808629
2007-08-03,1,5.69494322113,0.886102322012,1.4430219283,1.55426562456
2007-08-03,20,2.17953463562,0.843329514968,1.4430219283,1.55426562456
2007-08-06,1,0.377054289832,0.98548321051,1.69813720587,1.83858875548
2007-08-06,20,1.94901118431,0.931561646641,1.69813720587,1.83858875548
2007-08-07,1,1.95265767011,0.966176058992,1.61887223091,1.75538193221
2007-08-07,20,1.99706516321,0.914420411936,1.61887223091,1.75538193221
2007-08-08,1,9.05893619536,0.981685427578,1.63889935726,1.83674070851
2007-08-08,20,1.90843326331,0.928189906976,1.63889935726,1.83674070851
2007-08-09,1,0.00143236304972,1.15069441973,2.08410156755,2.11154135127
2007-08-09,20,1.60088949036,1.07823911538,2.08410156755,2.11154135127
2007-08-10,1,0.0024543192613,1.11756113415,1.95914141528,2.10681847751
2007-08-10,20,1.60162893111,1.04882279137,1.95914141528,2.10681847751
2007-08-13,1,3.35746822612,1.08558998916,1.84174018951,2.1050954646
2007-08-13,20,1.69317521597,1.02043823658,1.84174018951,2.1050954646
2007-08-14,1,1.96152860779,1.12744097221,1.93268387171,2.2729641884
2007-08-14,20,1.52530293831,1.05759428845,1.93268387171,2.2729641884
2007-08-15,1,0.105204283725,1.13759411828,1.93441455588,2.36890342376
2007-08-15,20,1.4623748866,1.06660843326,1.93441455588,2.36890342376
2007-08-16,1,5.89011859191,1.10716088807,1.82466193955,2.36422187824
2007-08-16,20,1.45713510991,1.03958926674,1.82466193955,2.36422187824
2007-08-17,1,0.000727288208584,1.20316655485,2.06858933869,2.58313010882
2007-08-17,20,1.17580594561,1.12482481616,2.06858933869,2.58313010882
2007-08-20,1,0.0117823486455,1.16821262179,1.94451761566,2.57136897151
2007-08-20,20,1.59018958672,1.09379208873,1.94451761566,2.57136897151
2007-08-21,1,1.35601853341,1.13470094491,1.82855349964,2.37189485475
2007-08-21,20,1.60801053714,1.06403982216,1.82855349964,2.37189485475
2007-08-22,1,0.0115109680123,1.13147947577,1.80020140167,2.42886237719
2007-08-22,20,1.56296345343,1.06117974419,1.80020140167,2.42886237719
2007-08-23,1,1.31538375037,1.37082949049,1.69287997565,2.15060031054
2007-08-23,20,1.57296084215,1.264195789,1.69287997565,2.15060031054
2007-08-24,1,0.729307786782,1.35625145157,1.67023020213,2.08642892645
2007-08-24,20,1.52107972663,1.25161931412,1.67023020213,2.08642892645
2007-08-27,1,5.64202296227,1.31865526545,1.61377485721,2.07085604282
2007-08-27,20,1.484673055,1.21918508252,1.61377485721,2.07085604282
2007-08-28,1,4.70241436043,1.48304212752,1.85546974351,2.27196519854
2007-08-28,20,1.2171341713,1.36100163644,1.85546974351,2.27196519854
2007-08-29,1,0.175542126931,1.59990850961,2.02628642053,2.48104649813
2007-08-29,20,0.989616433481,1.46182226997,2.02628642053,2.48104649813
2007-08-30,1,1.24418481905,1.52600599688,1.91524176291,2.48036315136
2007-08-30,20,0.985423718328,1.39806656863,1.91524176291,2.48036315136
2007-08-31,1,1.08447419493,1.49975658973,1.87497834628,2.17953463562
2007-08-31,20,1.01036299015,1.37542120381,1.87497834628,2.17953463562
2007-09-04,1,1.33813386787,1.46849424527,1.8275480972,1.94901118431
2007-09-04,20,0.95617441396,1.34845117771,1.8275480972,1.94901118431
2007-09-05,1,0.180019672021,1.44931899509,1.79818324344,1.99706516321
2007-09-05,20,0.899674776424,1.33190868845,1.79818324344,1.99706516321
2007-09-06,1,2.90806073634,1.38411413438,1.70109342915,1.90843326331
2007-09-06,20,0.892897157047,1.27565645194,1.70109342915,1.90843326331
2007-09-07,1,0.0162211781858,1.43357751213,1.77351146759,1.60088949036
2007-09-07,20,0.792760602635,1.31832851033,1.77351146759,1.60088949036
2007-09-10,1,1.83338001633,1.36259921359,1.66807405022,1.60162893111
2007-09-10,20,0.797139212708,1.25709552872,1.66807405022,1.60162893111
2007-09-11,1,2.26729794287e-05,1.36955949044,1.67799240819,1.69317521597
2007-09-11,20,0.737981410613,1.2631001599,1.67799240819,1.69317521597
2007-09-12,1,0.702967573667,1.30154228608,1.57731422408,1.52530293831
2007-09-12,20,0.73944882867,1.20442171438,1.57731422408,1.52530293831
2007-09-13,1,0.000408749803459,1.26596821846,1.52485342505,1.4623748866
2007-09-13,20,0.717674255673,1.17373196451,1.52485342505,1.4623748866
2007-09-14,1,0.263535305924,1.20382457377,1.43338674454,1.45713510991
2007-09-14,20,0.728901648746,1.12012063921,1.43338674454,1.45713510991
2007-09-17,1,8.28840011052,1.15589941932,1.36319565822,1.17580594561
2007-09-17,20,0.751145575473,1.07877560612,1.36319565822,1.17580594561
2007-09-18,1,0.368201357004,1.43714859066,1.77870792536,1.59018958672
2007-09-18,20,0.358471705193,1.32140927996,1.77870792536,1.59018958672
2007-09-19,1,0.455076859121,1.38028746926,1.69407753126,1.60801053714
2007-09-19,20,0.341610167642,1.27235518775,1.69407753126,1.60801053714
2007-09-20,1,0.211458742471,1.33017595001,1.61973749093,1.56296345343
2007-09-20,20,0.319139788756,1.22912397765,1.61973749093,1.56296345343
2007-09-21,1,0.27776143994,1.24251549803,1.53524076602,1.57296084215
2007-09-21,20,0.645250232884,1.14092119312,1.53524076602,1.57296084215
2007-09-24,1,0.00117435420829,1.19169221832,1.45979200646,1.52107972663
2007-09-24,20,0.638548670587,1.09787122702,1.45979200646,1.52107972663
2007-09-25,1,0.291245288225,1.132663727,1.37227494732,1.484673055
2007-09-25,20,0.676896775716,1.04787101916,1.37227494732,1.484673055
2007-09-26,1,0.152059604079,1.08878360014,1.30741316778,1.2171341713
2007-09-26,20,0.665322075323,1.0107022653,1.30741316778,1.2171341713
2007-09-27,1,0.0916878238817,1.04184063372,1.23809195395,0.989616433481
2007-09-27,20,0.658196158966,0.970939126741,1.23809195395,0.989616433481
2007-09-28,1,1.74297025545,0.995194904303,1.16930770615,0.985423718328
2007-09-28,20,0.747367148379,0.931427763416,1.16930770615,0.985423718328
2007-10-01,1,0.000702671166069,1.01792749636,1.20372745911,1.01036299015
2007-10-01,20,0.667085005269,0.950683453387,1.20372745911,1.01036299015
2007-10-02,1,0.208141117158,0.969001683817,1.13154597183,0.95617441396
2007-10-02,20,0.688073413704,0.909240740848,1.13154597183,0.95617441396
2007-10-03,1,0.0444672844705,0.93129993773,1.07614168055,0.899674776424
2007-10-03,20,0.748717441438,0.877305397435,1.07614168055,0.899674776424
2007-10-04,1,0.90532964811,0.889186892988,1.01424121679,0.892897157047
2007-10-04,20,1.10504851695,0.841633454208,1.01424121679,0.892897157047
2007-10-05,1,0.103793379638,0.884279384359,1.00770652267,0.792760602635
2007-10-05,20,1.06010354566,0.837476538691,1.00770652267,0.792760602635
2007-10-08,1,0.650223974445,0.847300223582,0.953471734084,0.797139212708
2007-10-08,20,1.06724988529,0.806153262686,0.953471734084,0.797139212708
2007-10-09,1,0.0293710341115,0.834534140666,0.935276868505,0.737981410613
2007-10-09,20,1.10646540511,0.795339725271,0.935276868505,0.737981410613
2007-10-10,1,0.267476113733,0.797448235901,0.880922518442,0.73944882867
2007-10-10,20,1.54930674628,0.763926031546,0.880922518442,0.73944882867
2007-10-11,1,0.224956611256,0.772134720667,0.844115734159,0.717674255673
2007-10-11,20,1.53609893141,0.742484165165,0.844115734159,0.717674255673
2007-10-12,1,0.708413840476,0.746579221375,0.806966186785,0.728901648746
2007-10-12,20,1.62838804032,0.720837325677,0.806966186785,0.728901648746
2007-10-15,1,0.434922704908,0.74202918162,0.801053046007,0.751145575473
2007-10-15,20,1.64335261352,0.716983204921,0.801053046007,0.751145575473
2007-10-16,1,0.0309706059971,0.726703515486,0.779085225541,0.358471705193
2007-10-16,20,2.03281413697,0.704001567151,0.779085225541,0.358471705193
2007-10-17,1,0.00566928138667,0.695963271964,0.734198348368,0.341610167642
2007-10-17,20,2.0564314139,0.677962979145,0.734198348368,0.341610167642
2007-10-18,1,6.73366762504,0.665992235927,0.690486604349,0.319139788756
2007-10-18,20,2.14459944765,0.652575949959,0.690486604349,0.319139788756
2007-10-19,1,0.143730193997,0.928589592438,1.05307746559,0.645250232884
2007-10-19,20,1.82152294335,0.882924234566,1.05307746559,0.645250232884
2007-10-22,1,0.768136456787,0.891967683294,0.998516629295,0.638548670587
2007-10-22,20,1.96947142313,0.851332080557,0.998516629295,0.638548670587
2007-10-23,1,0.059751280376,0.882326335403,0.984693818944,0.676896775716
2007-10-23,20,1.94108262236,0.843014902273,0.984693818944,0.676896775716
2007-10-24,1,0.00954127692938,0.844932458067,0.92919726663,0.665322075323
2007-10-24,20,2.06697782417,0.810756804336,0.92919726663,0.665322075323
2007-10-25,1,1.87510761216,0.807620247381,0.874017907248,0.658196158966
2007-10-25,20,2.20677239805,0.778569156724,0.874017907248,0.658196158966
2007-10-26,1,0.13732739324,0.846895014162,0.934083289543,0.747367148379
2007-10-26,20,2.38944681547,0.812449817503,0.934083289543,0.747367148379
2007-10-29,1,0.420470839875,0.81457663782,0.886277935764,0.667085005269
2007-10-29,20,2.49239361597,0.7845701371,0.886277935764,0.667085005269
2007-10-30,1,1.42102167183,0.795369724056,0.858329510011,0.688073413704
2007-10-30,20,2.86785226899,0.768001154437,0.858329510011,0.688073413704
2007-10-31,1,7.17108879463,0.817193458573,0.89209103972,0.748717441438
2007-10-31,20,2.7969146455,0.786827556392,0.89209103972,0.748717441438
2007-11-01,1,0.00643022249078,1.06743820299,1.26883090501,1.10504851695
2007-11-01,20,2.46831543696,1.00270298972,1.26883090501,1.10504851695
2007-11-02,1,0.246720172129,1.01758406789,1.19308686406,1.06010354566
2007-11-02,20,2.4854268788,0.959695960567,1.19308686406,1.06010354566
2007-11-05,1,1.43453437083,0.980108608049,1.13630486255,1.06724988529
2007-11-05,20,2.49461907149,0.927367484894,1.13630486255,1.06724988529
2007-11-06,1,8.88619785749,0.992162023018,1.15419863304,1.10646540511
2007-11-06,20,2.53653396017,0.937765450236,1.15419863304,1.10646540511
2007-11-07,1,0.0033198163495,1.30113793107,1.61811858651,1.54930674628
2007-11-07,20,2.2036014695,1.2043057454,1.61811858651,1.54930674628
2007-11-08,1,2.07073878952,1.2381171797,1.5212306603,1.53609893141
2007-11-08,20,2.20501879513,1.14994043977,1.5212306603,1.53609893141
2007-11-09,1,1.0077053045,1.26117949414,1.55420114805,1.62838804032
2007-11-09,20,2.12947122537,1.16983531163,1.55420114805,1.62838804032
2007-11-12,1,8.22415317391,1.24050064305,1.52141139744,1.64335261352
2007-11-12,20,2.40666027575,1.15199655161,1.52141139744,1.64335261352
2007-11-13,1,0.503316144505,1.50917727307,1.92357590403,2.03281413697
2007-11-13,20,2.01364439934,1.38377238397,1.92357590403,2.03281413697
2007-11-14,1,1.76902995641,1.45451441396,1.83836031846,2.0564314139
2007-11-14,20,1.98922716064,1.33661707437,1.83836031846,2.0564314139
2007-11-15,1,0.272137538947,1.45345068697,1.83420049674,2.14459944765
2007-11-15,20,1.99657092164,1.33569944262,1.83420049674,2.14459944765
2007-11-16,1,3.1026997897,1.41072181045,1.74047671927,1.82152294335
2007-11-16,20,2.09749595456,1.30593936031,1.74047671927,1.82152294335
2007-11-19,1,0.200360441461,1.46725568152,1.82221010349,1.96947142313
2007-11-19,20,1.96195576333,1.35504243839,1.82221010349,1.96947142313
2007-11-20,1,2.57765531653,1.40298556197,1.72489912377,1.94108262236
2007-11-20,20,1.95286493207,1.29921996173,1.72489912377,1.94108262236
2007-11-21,1,2.80543275451,1.43866541726,1.77606449534,2.06697782417
2007-11-21,20,1.83592959277,1.33021006884,1.77606449534,2.06697782417
2007-11-23,1,5.52859596044,1.48159304005,1.83782659089,2.20677239805
2007-11-23,20,1.83231845464,1.36749529934,1.83782659089,2.20677239805
2007-11-26,1,2.19626340338,1.63252477375,2.05927275306,2.38944681547
2007-11-26,20,1.58824613251,1.49858861675,2.05927275306,2.38944681547
2007-11-27,1,7.92964390016,1.63996668724,2.06749219208,2.49239361597
2007-11-27,20,1.47875964409,1.50505236763,2.06749219208,2.49239361597
2007-11-28,1,0.00226920207494,1.87941833743,2.41922129457,2.86785226899
2007-11-28,20,1.18574534998,1.7130305735,2.41922129457,2.86785226899
2007-11-29,1,0.599104623904,1.78417571906,2.27420416902,2.7969146455
2007-11-29,20,1.1867608542,1.63030661284,2.27420416902,2.7969146455
2007-11-30,1,0.348659059168,1.71842952348,2.17369819631,2.46831543696
2007-11-30,20,1.18043959266,1.57320207508,2.17369819631,2.46831543696
2007-12-03,1,0.430564025916,1.64619020024,2.06419584808,2.4854268788
2007-12-03,20,1.26875727133,1.51045786418,2.06419584808,2.4854268788
2007-12-04,1,2.27283214461,1.58129224413,1.96617793875,2.49461907149
2007-12-04,20,1.24722907004,1.45409007358,1.96617793875,2.49461907149
2007-12-05,1,2.22754804403,1.5946899038,1.9845771911,2.53653396017
2007-12-05,20,1.44254680463,1.46572674938,1.9845771911,2.53653396017
2007-12-06,1,0.03166632888,1.60550605209,1.99915544228,2.2036014695
2007-12-06,20,1.33634740653,1.47512122678,1.99915544228,2.2036014695
2007-12-07,1,0.559787394308,1.52670188318,1.88110609547,2.20501879513
2007-12-07,20,1.5063103621,1.40667505131,1.88110609547,2.20501879513
2007-12-10,1,6.5514863121,1.47369353392,1.8018269734,2.12947122537
2007-12-10,20,1.56987999077,1.36063410164,1.8018269734,2.12947122537
2007-12-11,1,0.363835645778,1.66653165398,2.08680653373,2.40666027575
2007-12-11,20,1.27364283879,1.52812564409,2.08680653373,2.40666027575
2007-12-12,1,0.0149713705392,1.59779635151,1.98342828045,2.01364439934
2007-12-12,20,1.3491406441,1.46842488665,1.98342828045,2.01364439934
2007-12-13,1,1.91590517632,1.51874453375,1.86532086585,1.98922716064
2007-12-13,20,1.4068414951,1.39976361321,1.86532086585,1.98922716064
2007-12-14,1,2.29063819737,1.52115440802,1.86835592448,1.99657092164
2007-12-14,20,1.62959776771,1.40185673442,1.86835592448,1.99657092164
2007-12-17,1,0.391895965126,1.5462537891,1.89369286086,2.09749595456
2007-12-17,20,1.53090240669,1.4184535102,1.89369286086,2.09749595456
2007-12-18,1,0.0185438161688,1.48203454473,1.80358504711,1.96195576333
2007-12-18,20,1.94714610876,1.36308773469,1.80358504711,1.96195576333
2007-12-19,1,0.238948530615,1.40559768764,1.69648257326,1.95286493207
2007-12-19,20,1.96460356719,1.29718870531,1.69648257326,1.95286493207
2007-12-20,1,2.73320999194,1.34309371948,1.6090305307,1.83592959277
2007-12-20,20,2.01478458486,1.24330173258,1.6090305307,1.83592959277
2007-12-21,1,0.6471495179,1.3911001777,1.67648129837,1.83231845464
2007-12-21,20,2.10317343474,1.2846898681,1.67648129837,1.83231845464
2007-12-24,1,0.00653363493054,1.3469327652,1.61472139154,1.58824613251
2007-12-24,20,2.12094041877,1.24661151527,1.61472139154,1.58824613251
2007-12-26,1,2.06935801784,1.2779215343,1.51823012615,1.47875964409
2007-12-26,20,2.24860156145,1.1871143917,1.51823012615,1.47875964409
2007-12-27,1,0.0225792865874,1.30132337017,1.55129779965,1.18574534998
2007-12-27,20,2.29644633719,1.20728997621,1.55129779965,1.18574534998
2007-12-28,1,0.472679393055,1.23567993207,1.45957468886,1.1867608542
2007-12-28,20,2.31417257968,1.15069635083,1.45957468886,1.1867608542
2007-12-31,1,2.11501263262,1.19317361449,1.40036097112,1.18043959266
2007-12-31,20,2.30194073093,1.1140500891,1.40036097112,1.18043959266
2008-01-02,1,0,1.22351169577,1.44324007081,1.26875727133
2008-01-02,20,2.3345209825,1.1402056662,1.44324007081,1.26875727133
2008-01-03,1,6.17918683656,1.16147418223,1.35664566656,1.24722907004
2008-01-03,20,2.40849293276,1.08672084118,1.35664566656,1.24722907004
2008-01-04,1,0.103560081971,1.36775654426,1.64599813676,1.44254680463
2008-01-04,20,2.15484764796,1.26456446206,1.64599813676,1.44254680463
2008-01-07,1,3.43092544018,1.30167742588,1.55345185347,1.33634740653
2008-01-07,20,2.67839520049,1.20759522067,1.55345185347,1.33634740653
2008-01-08,1,1.83117996774,1.38200329083,1.66610026867,1.5063103621
2008-01-08,20,2.53613198037,1.27684710693,1.66610026867,1.5063103621
2008-01-09,1,0.626743272624,1.38908623332,1.67600505062,1.56987999077
2008-01-09,20,2.47542225843,1.28295357249,1.67600505062,1.56987999077
2008-01-10,1,1.87379175196,1.34416311902,1.61304934394,1.27364283879
2008-01-10,20,2.45295801086,1.24422370131,1.61304934394,1.27364283879
2008-01-11,1,1.16898839057,1.35529516013,1.62869388842,1.3491406441
2008-01-11,20,2.37650701052,1.2538210439,1.62869388842,1.3491406441
2008-01-14,1,6.37103062836,1.33558403129,1.60111155855,1.4068414951
2008-01-14,20,2.3442636933,1.23682735384,1.60111155855,1.4068414951
2008-01-15,1,0.316730976975,1.53985106108,1.88730670274,1.62959776771
2008-01-15,20,2.11700407176,1.41293348259,1.88730670274,1.62959776771
2008-01-16,1,8.71677000656,1.46246582312,1.79307215919,1.53090240669
2008-01-16,20,2.19245943279,1.34095792112,1.79307215919,1.53090240669
2008-01-17,1,0.367692984829,1.75897002325,2.20849403003,1.94714610876
2008-01-17,20,1.75697154965,1.59508214768,2.20849403003,1.94714610876
2008-01-18,1,1.24256888403,1.68038322374,2.09804596732,1.96460356719
2008-01-18,20,1.73898891424,1.52772792595,2.09804596732,1.96460356719
2008-01-22,1,4.50098698947,1.64392374189,2.04671734232,2.01478458486
2008-01-22,20,1.71135759705,1.49647967508,2.04671734232,2.01478458486
2008-01-23,1,1.00248919862,1.74914400473,2.19397352115,2.10317343474
2008-01-23,20,1.57017069358,1.58666058281,2.19397352115,2.10317343474
2008-01-24,1,2.55975648844,1.69832062692,2.1224844618,2.12094041877
2008-01-24,20,1.55085528984,1.54310149808,2.1224844618,2.12094041877
2008-01-25,1,3.02625353257,1.71719295702,2.1487207834,2.24860156145
2008-01-25,20,1.5169612276,1.55927636605,2.1487207834,2.24860156145
2008-01-28,1,0.377104136422,1.7549179914,2.20137274835,2.29644633719
2008-01-28,20,1.38941280145,1.59160928133,2.20137274835,2.29644633719
2008-01-29,1,0.228042418124,1.67697484316,2.09191663163,2.31417257968
2008-01-29,20,1.37098067269,1.52480671242,2.09191663163,2.31417257968
2008-01-30,1,2.76661766404,1.59727937896,1.98008417882,2.30194073093
2008-01-30,20,1.39991754903,1.45650228978,1.98008417882,2.30194073093
2008-01-31,1,1.47943900514,1.63101083085,2.02727618794,2.3345209825
2008-01-31,20,1.63870569882,1.48541243378,2.02727618794,2.3345209825
2008-02-01,1,1.10628114048,1.60762611308,1.99440595697,2.40849293276
2008-02-01,20,1.56487601178,1.46537014326,1.99440595697,2.40849293276
2008-02-04,1,10.5745111327,1.56965319067,1.94111846798,2.15484764796
2008-02-04,20,1.5155255809,1.43282477111,1.94111846798,2.15484764796
2008-02-05,1,0.585661037736,1.93933216987,2.45912202786,2.67839520049
2008-02-05,20,1.00044853582,1.74966475054,2.45912202786,2.67839520049
2008-02-06,1,0.616985528925,1.85936411607,2.34671436845,2.53613198037
2008-02-06,20,1.2189161347,1.6811267001,2.34671436845,2.53613198037
2008-02-07,1,0.17745832125,1.78548753145,2.24293063808,2.47542225843
2008-02-07,20,1.22373370988,1.61780945225,2.24293063808,2.47542225843
2008-02-08,1,0.3447717452,1.69718036036,2.11900229907,2.45295801086
2008-02-08,20,1.33629577565,1.54212421223,2.11900229907,2.45295801086
2008-02-11,1,0.524122046121,1.6212825857,2.01254846584,2.37650701052
2008-02-11,20,1.98361844758,1.47707466732,2.01254846584,2.37650701052
2008-02-12,1,1.82583819757,1.55757244075,1.92324288066,2.3442636933
2008-02-12,20,1.99823950857,1.42247074838,1.92324288066,2.3442636933
2008-02-13,1,1.82583819757,1.55338170493,1.91739859967,2.11700407176
2008-02-13,20,1.9200231937,1.41887900331,1.91739859967,2.11700407176
2008-02-14,1,0.0070123437147,1.55172566193,1.91190497555,2.19245943279
2008-02-14,20,2.04927904863,1.41683462098,1.91190497555,2.19245943279
2008-02-15,1,0.00804027670294,1.46883603063,1.79761141764,1.75697154965
2008-02-15,20,2.08941991865,1.34588208876,1.79761141764,1.75697154965
2008-02-19,1,0.689942540183,1.39098468498,1.69023714918,1.73898891424
2008-02-19,20,2.9515917155,1.27924226875,1.69023714918,1.73898891424
2008-02-20,1,1.67724892009,1.34749919589,1.63021947264,1.71135759705
2008-02-20,20,3.21935479003,1.2420192106,1.63021947264,1.71135759705
2008-02-21,1,0.616181123853,1.34960018576,1.63304123949,1.57017069358
2008-02-21,20,3.41544423634,1.24381763278,1.63304123949,1.57017069358
2008-02-22,1,1.88187524357,1.3053978019,1.57202963255,1.55085528984
2008-02-22,20,3.50023488118,1.20598092129,1.57202963255,1.55085528984
2008-02-25,1,0.475285009621,1.31894029199,1.59062036921,1.5169612276
2008-02-25,20,3.40878898957,1.21757313071,1.59062036921,1.5169612276
2008-02-26,1,0.00846156125201,1.2704532798,1.52370024763,1.38941280145
2008-02-26,20,3.42378351401,1.17606882865,1.52370024763,1.38941280145
2008-02-27,1,0.806779944887,1.20457151387,1.43278592645,1.37098067269
2008-02-27,20,3.4897923646,1.11967482561,1.43278592645,1.37098067269
2008-02-28,1,7.54238065989,1.17740085103,1.39522556756,1.39991754903
2008-02-28,20,3.48130919037,1.09641706344,1.39522556756,1.39991754903
2008-02-29,1,0.00284526431124,1.44499487698,1.7640548731,1.63870569882
2008-02-29,20,3.1202710457,1.32547434661,1.7640548731,1.63870569882
2008-03-03,1,0.119272522893,1.36835372011,1.65838229657,1.56487601178
2008-03-03,20,3.74201267636,1.25987043371,1.65838229657,1.56487601178
2008-03-04,1,0.272970231014,1.30139650405,1.56603571015,1.5155255809
2008-03-04,20,3.73792298773,1.20255585822,1.56603571015,1.5155255809
2008-03-05,1,4.95501301544,1.24516181502,1.4884517814,1.00044853582
2008-03-05,20,3.72512050581,1.15441963754,1.4884517814,1.00044853582
2008-03-06,1,0.71333703244,1.39607356745,1.69644545544,1.2189161347
2008-03-06,20,3.47768640815,1.28359829123,1.69644545544,1.2189161347
2008-03-07,1,2.42869963667,1.3532996161,1.63745895006,1.22373370988
2008-03-07,20,3.44323695017,1.24698430087,1.63745895006,1.22373370988
2008-03-10,1,13.2912251839,1.38775368994,1.68493339126,1.33629577565
2008-03-10,20,3.33487377685,1.27647657567,1.68493339126,1.33629577565
2008-03-11,1,0.816543265909,1.89286036541,2.38131089882,1.98361844758
2008-03-11,20,2.70332025621,1.70884184384,2.38131089882,1.98361844758
2008-03-12,1,0.261511900131,1.82464975334,2.28742484084,1.99823950857
2008-03-12,20,2.67245706742,1.65045437638,2.28742484084,1.99823950857
2008-03-13,1,4.41095529618,1.73639386724,2.1658700644,1.9200231937
2008-03-13,20,2.87124429829,1.57490839428,2.1658700644,1.9200231937
2008-03-14,1,0.809829744001,1.84389384422,2.30057517831,2.04927904863
2008-03-14,20,2.65644096575,1.66964183408,2.30057517831,2.04927904863
2008-03-17,1,17.2514762137,1.77826257548,2.21113045225,2.08941991865
2008-03-17,20,2.62648044975,1.61336232633,2.21113045225,2.08941991865
2008-03-18,1,6.04520403092,2.43874641651,3.11355119794,2.9515917155
2008-03-18,20,2.01563067631,2.17973421224,3.11355119794,2.9515917155
2008-03-19,1,5.5990378462,2.56710329046,3.28945036792,3.21935479003
2008-03-19,20,1.71356436523,2.2898015905,3.28945036792,3.21935479003
2008-03-20,1,2.31199402076,2.66810446084,3.42802561661,3.41544423634
2008-03-20,20,1.59518891505,2.37641116335,3.42802561661,3.41544423634
2008-03-24,1,0.0529574112743,2.61862697399,3.36106372086,3.50023488118
2008-03-24,20,1.48079781105,2.33398369459,3.36106372086,3.50023488118
2008-03-25,1,0.775175498456,2.47291934858,3.16257734229,3.40878898957
2008-03-25,20,1.51730475949,2.20903786326,3.16257734229,3.40878898957
2008-03-26,1,1.32863857304,2.36774100325,3.01933323166,3.42378351401
2008-03-26,20,1.48273858416,2.11884631867,3.01933323166,3.42378351401
2008-03-27,1,0.637116460333,2.29322988321,2.91789155214,3.4897923646
2008-03-27,20,1.43692522448,2.05495224442,2.91789155214,3.4897923646
2008-03-28,1,0.321617766442,2.19285007261,2.78104504663,3.48130919037
2008-03-28,20,1.42602403378,1.96887549416,2.78104504663,3.48130919037
2008-03-31,1,12.4376778775,2.0846809976,2.63347940982,3.1202710457
2008-03-31,20,1.41049666042,1.87611936721,2.63347940982,3.1202710457
2008-04-01,1,0.037478750335,2.51521068154,3.22173131788,3.74201267636
2008-04-01,20,0.79620323918,2.24530312899,3.22173131788,3.74201267636
2008-04-02,1,0.0169205926089,2.37507478621,3.03067616383,3.73792298773
2008-04-02,20,0.801754874448,2.1251351152,3.03067616383,3.73792298773
2008-04-03,1,0.00633106219073,2.24250724373,2.84985082956,3.72512050581
2008-04-03,20,0.945331817943,2.01145704409,2.84985082956,3.72512050581
2008-04-04,1,0.0243478727918,2.1174883829,2.67923964352,3.47768640815
2008-04-04,20,0.950232927567,1.90425204742,2.67923964352,3.47768640815
2008-04-07,1,0.261436170208,2.0008183247,2.51994613727,3.44323695017
2008-04-07,20,0.959339009411,1.80420623738,2.51994613727,3.44323695017
2008-04-08,1,0.660154771212,1.90161440529,2.38443553925,3.33487377685
2008-04-08,20,0.975320784697,1.71913782627,2.38443553925,3.33487377685
2008-04-09,1,0.199279490072,1.82591988852,2.28097869317,2.70332025621
2008-04-09,20,1.10938955428,1.65422897679,2.28097869317,2.70332025621
2008-04-10,1,4.23725651745,1.73455865561,2.15607674098,2.67245706742
2008-04-10,20,1.10613376109,1.57588575237,2.15607674098,2.67245706742
2008-04-11,1,0.114888645539,1.82607572074,2.28094752757,2.87124429829
2008-04-11,20,0.917039805124,1.65436260457,2.28094752757,2.87124429829
2008-04-14,1,0.210619423845,1.79583984127,2.15098399465,2.65644096575
2008-04-14,20,0.971361568494,1.65488269564,2.15098399465,2.65644096575
2008-04-15,1,5.03448074495,1.70878622217,2.0345621204,2.62648044975
2008-04-15,20,0.960904611794,1.57860518152,2.0345621204,2.62648044975
2008-04-16,1,0.00387780937827,1.8426842215,2.21455723787,2.01563067631
2008-04-16,20,0.71717091059,1.69592835131,2.21455723787,2.01563067631
2008-04-17,1,3.23152884253,1.74362140963,2.08191647216,1.71356436523
2008-04-17,20,0.772405268587,1.60912822618,2.08191647216,1.71356436523
2008-04-18,1,0.0241719408404,1.79480181437,2.15089321438,1.59518891505
2008-04-18,20,0.611609597911,1.65397316296,2.15089321438,1.59518891505
2008-04-21,1,0.783096379947,1.69946752135,2.02328993797,1.48079781105
2008-04-21,20,0.610803882,1.57044001458,2.02328993797,1.48079781105
2008-04-22,1,0.0838519920112,1.64370387952,1.94887832449,1.51730475949
2008-04-22,20,0.615050970854,1.52157918581,1.94887832449,1.51730475949
2008-04-23,1,0.412371379282,1.55994023798,1.83697674454,1.48273858416
2008-04-23,20,0.741815844576,1.44818439285,1.83697674454,1.48273858416
2008-04-24,1,0.41909264643,1.49580898207,1.75150042263,1.43692522448
2008-04-24,20,0.724613667336,1.39199175171,1.75150042263,1.43692522448
2008-04-25,1,0.0110702991506,1.43575613172,1.67155595605,1.42602403378
2008-04-25,20,0.79208321103,1.33937266261,1.67155595605,1.42602403378
2008-04-28,1,0.151809452827,1.36098546272,1.57192681664,1.41049666042
2008-04-28,20,0.814805627188,1.27385762924,1.57192681664,1.41049666042
2008-04-29,1,0.148511455686,1.29691599497,1.48671977481,0.79620323918
2008-04-29,20,0.815036400063,1.21771912769,1.48671977481,0.79620323918
2008-04-30,1,2.88845946252,1.23647302267,1.40642727566,0.801754874448
2008-04-30,20,0.8217660542,1.16475820866,1.40642727566,0.801754874448
2008-05-01,1,0.10435325467,1.3021780924,1.49534920688,0.945331817943
2008-05-01,20,0.678490721411,1.22232984595,1.49534920688,0.945331817943
2008-05-02,1,0.206469509674,1.23944947747,1.41188944974,0.950232927567
2008-05-02,20,0.729027989096,1.1673662171,1.41188944974,0.950232927567
2008-05-05,1,0.581071675928,1.18498469788,1.33956425334,0.959339009411
2008-05-05,20,0.735551448767,1.11964346832,1.33956425334,0.959339009411
2008-05-06,1,3.34153016281,1.15048821962,1.29405469869,0.975320784697
2008-05-06,20,0.706551247664,1.08941720508,1.29405469869,0.975320784697
2008-05-07,1,0.1341636263,1.24152904588,1.41690322654,1.10938955428
2008-05-07,20,0.725884506354,1.169188362,1.41690322654,1.10938955428
2008-05-08,1,0.45537739815,1.18370674112,1.33993885053,1.10613376109
2008-05-08,20,1.21141361877,1.11852370598,1.33993885053,1.10613376109
2008-05-09,1,1.20132391293,1.14366187242,1.28686516338,0.917039805124
2008-05-09,20,1.18895946974,1.08343587081,1.28686516338,0.917039805124
2008-05-12,1,0.00148028985822,1.09374684349,1.28173268836,0.971361568494
2008-05-12,20,1.13187263298,1.02910751014,1.28173268836,0.971361568494
2008-05-13,1,0.159806720856,1.03548939628,1.20491754445,0.960904611794
2008-05-13,20,1.27695694395,0.979127518213,1.20491754445,0.960904611794
2008-05-14,1,1.10856496932,0.988257272271,1.14221089503,0.71717091059
2008-05-14,20,1.27432723389,0.938606326689,1.14221089503,0.71717091059
2008-05-15,1,0.0156154290184,0.988090605339,1.14019213949,0.772405268587
2008-05-15,20,1.33041398869,0.938463340473,1.14019213949,0.772405268587
2008-05-16,1,0.00805762263071,0.937141171441,1.07271753686,0.611609597911
2008-05-16,20,1.32963648694,0.894753009581,1.07271753686,0.611609597911
2008-05-19,1,0.868038157017,0.889047786886,1.00883794201,0.610803882
2008-05-19,20,1.35231528652,0.853492928914,1.00883794201,0.610803882
2008-05-20,1,2.61914946646,0.883948259467,1.00038995491,0.615050970854
2008-05-20,20,1.35653526387,0.849117963112,1.00038995491,0.615050970854
2008-05-21,1,0.0683278344714,0.960550130164,1.0975155256,0.741815844576
2008-05-21,20,1.23259143443,0.91483592814,1.0975155256,0.741815844576
2008-05-22,1,1.76848352031,0.913784113616,1.03576426413,0.724613667336
2008-05-22,20,1.40433677467,0.874714617629,1.03576426413,0.724613667336
2008-05-23,1,0.46551862232,0.94897432822,1.0797274195,0.79208321103
2008-05-23,20,1.31591400695,0.904904863267,1.0797274195,0.79208321103
2008-05-27,1,0.15642491033,0.921395883984,1.04287489167,0.814805627188
2008-05-27,20,1.29661092214,0.881244876672,1.04287489167,0.814805627188
2008-05-28,1,0.28310453842,0.881188828071,0.989687892792,0.815036400063
2008-05-28,20,1.30576314822,0.846750602964,0.989687892792,0.815036400063
2008-05-29,1,0.0229528067463,0.849400076244,0.94729289153,0.8217660542
2008-05-29,20,1.73577737523,0.819478526423,0.94729289153,0.8217660542
2008-05-30,1,1.11509860836,0.807522261489,0.891832486443,0.678490721411
2008-05-30,20,1.74156514921,0.783550882092,0.891832486443,0.678490721411
2008-06-02,1,0.336938703098,0.819036578276,0.905228453758,0.729027989096
2008-06-02,20,1.6866121321,0.79342919787,0.905228453758,0.729027989096
2008-06-03,1,0.00106765387644,0.793662201197,0.871131068718,0.735551448767
2008-06-03,20,1.67709438414,0.771660115596,0.871131068718,0.735551448767
2008-06-04,1,3.7281953366,0.754276027265,0.818927263828,0.706551247664
2008-06-04,20,1.84579415977,0.737870089616,0.818927263828,0.706551247664
2008-06-05,1,9.84474587454,0.890582130082,0.993483348194,0.725884506354
2008-06-05,20,1.65998207206,0.854809266381,0.993483348194,0.725884506354
2008-06-06,1,0.00629441755875,1.30256560185,1.52455909977,1.21141361877
2008-06-06,20,1.2031996334,1.20825644911,1.52455909977,1.21141361877
2008-06-09,1,0.0595871778925,1.23138665876,1.43346321884,1.18895946974
2008-06-09,20,1.34630098652,1.14719090005,1.43346321884,1.18895946974
2008-06-10,1,2.90316650922,1.17399818504,1.35103065638,1.13187263298
2008-06-10,20,1.60873220775,1.1025947109,1.35103065638,1.13187263298
2008-06-11,1,0.107212519569,1.24542864582,1.44415880755,1.27695694395
2008-06-11,20,1.4878325338,1.16432644155,1.44415880755,1.27695694395
2008-06-12,1,2.23030006542,1.18362300078,1.36394203028,1.27432723389
2008-06-12,20,1.54465429279,1.11091268234,1.36394203028,1.27432723389
2008-06-13,1,6.53939511866e-05,1.22345638882,1.41592351238,1.33041398869
2008-06-13,20,1.47426137767,1.14533754752,1.41592351238,1.33041398869
2008-06-16,1,0.461633614209,1.15807062563,1.33097202528,1.32963648694
2008-06-16,20,1.53433108742,1.08882977369,1.33097202528,1.32963648694
2008-06-17,1,0.95243770411,1.11798939019,1.27881172061,1.35231528652
2008-06-17,20,1.81764463796,1.0541907135,1.27881172061,1.35231528652
2008-06-18,1,0.140272877686,1.10299722657,1.25922927962,1.35653526387
2008-06-18,20,1.84131627083,1.04123416532,1.25922927962,1.35653526387
2008-06-19,1,3.50323463929,1.05150978991,1.19209189551,1.23259143443
2008-06-19,20,1.83434343524,0.996737622288,1.19209189551,1.23259143443
2008-06-20,1,2.81657671863e-05,1.15815225465,1.33076046013,1.40433677467
2008-06-20,20,1.65932727633,1.08890031923,1.33076046013,1.40433677467
2008-06-23,1,0.0794569260681,1.09679721059,1.25091652247,1.31591400695
2008-06-23,20,1.74913074133,1.03587597902,1.25091652247,1.31591400695
2008-06-24,1,0.339469432012,1.04289048171,1.18062894669,1.29661092214
2008-06-24,20,1.75338318194,0.989288631945,1.18062894669,1.29661092214
2008-06-25,1,8.88338907856,1.00429265779,1.13015937581,1.30576314822
2008-06-25,20,2.01009581339,0.95593156769,1.13015937581,1.30576314822
2008-06-26,1,0.138708286504,1.36174478987,1.59535315797,1.73577737523
2008-06-26,20,1.574574368,1.26484933889,1.59535315797,1.73577737523
2008-06-27,1,0.0160382660756,1.29420798138,1.50795446568,1.74156514921
2008-06-27,20,1.74382645657,1.20648258575,1.50795446568,1.74156514921
2008-06-30,1,0.146583743921,1.22518937155,1.41843949371,1.6866121321
2008-06-30,20,2.00953927361,1.14683522822,1.41843949371,1.6866121321
2008-07-01,1,3.37506316639,1.1664475265,1.34212814872,1.67709438414
2008-07-01,20,2.13890558101,1.09606927043,1.34212814872,1.67709438414
2008-07-02,1,0.0119535825302,1.26008717157,1.46410424978,1.84579415977
2008-07-02,20,2.05768082359,1.17699465276,1.46410424978,1.84579415977
2008-07-03,1,0.709097101218,1.19298726725,1.37697520975,1.65998207206
2008-07-03,20,2.07272963159,1.11900548154,1.37697520975,1.65998207206
2008-07-07,1,2.86832147998,1.16215201988,1.33690252323,1.2031996334
2008-07-07,20,2.07783351026,1.09235700182,1.33690252323,1.2031996334
2008-07-08,1,5.30821160255,1.23270845682,1.42878766064,1.34630098652
2008-07-08,20,2.3352612043,1.15333338239,1.42878766064,1.34630098652
2008-07-09,1,0.485173030101,1.43290203312,1.66155309715,1.60873220775
2008-07-09,20,2.0754576411,1.3455922039,1.66155309715,1.60873220775
2008-07-10,1,1.24364769943,1.38018030823,1.59097029313,1.4878325338
2008-07-10,20,2.21494058603,1.29900757286,1.59097029313,1.4878325338
2008-07-11,1,0.822441763024,1.36477740105,1.57013093751,1.54465429279
2008-07-11,20,2.43151834612,1.28539764737,1.57013093751,1.54465429279
2008-07-14,1,1.20145958896,1.33125919303,1.52526958704,1.47426137767
2008-07-14,20,2.41433074439,1.25578114,1.52526958704,1.47426137767
2008-07-15,1,6.12790462504,1.3168084246,1.50584098715,1.53433108742
2008-07-15,20,2.42775185746,1.24301251916,1.50584098715,1.53433108742
2008-07-16,1,1.42587036149,1.52559863304,1.78316480543,1.81764463796
2008-07-16,20,2.12561959798,1.42749841837,1.78316480543,1.81764463796
2008-07-17,1,0.000816165908862,1.50993046355,1.76172713879,1.84131627083
2008-07-17,20,2.06948746857,1.41365410853,1.76172713879,1.84131627083
2008-07-18,1,0.00291146110353,1.43084522233,1.65607248042,1.83434343524
2008-07-18,20,2.07771954774,1.34377481701,1.65607248042,1.83434343524
2008-07-21,1,1.79609746577,1.35647260847,1.55688281926,1.65932727633
2008-07-21,20,2.19329077301,1.27805957755,1.55688281926,1.65932727633
2008-07-22,1,0.164505738163,1.36739360528,1.57123569805,1.74913074133
2008-07-22,20,2.14727719958,1.28770931128,1.57123569805,1.74913074133
2008-07-23,1,5.47372206103,1.30402106992,1.48683190046,1.75338318194
2008-07-23,20,2.15813703451,1.2317136817,1.48683190046,1.75338318194
2008-07-24,1,0.172960170721,1.48402585824,1.72604531009,2.01009581339
2008-07-24,20,1.88755560673,1.39076493934,1.72604531009,2.01009581339
2008-07-25,1,3.52375005799,1.41422445831,1.63286020173,1.574574368
2008-07-25,20,1.94240207624,1.32908879979,1.63286020173,1.574574368
2008-07-28,1,5.3302946069,1.49976548885,1.7463135931,1.74382645657
2008-07-28,20,1.96264208136,1.40467239185,1.7463135931,1.74382645657
2008-07-29,1,2.73390989198,1.66186531656,1.96135245393,2.00953927361
2008-07-29,20,1.7028970586,1.54790292311,1.96135245393,2.00953927361
2008-07-30,1,1.75056801794,1.69728963288,2.00770590021,2.13890558101
2008-07-30,20,1.59781045543,1.57920365746,2.00770590021,2.13890558101
2008-07-31,1,0.312929742569,1.68625388125,1.99227762728,2.05768082359
2008-07-31,20,1.61878480454,1.56945252699,1.99227762728,2.05768082359
2008-08-01,1,0.811174674467,1.61096246643,1.8915167542,2.07272963159
2008-08-01,20,1.6986166252,1.50292543997,1.8915167542,2.07272963159
2008-08-04,1,8.01687536094,1.56256009458,1.82669622941,2.07783351026
2008-08-04,20,1.66646662946,1.46015736593,1.82669622941,2.07783351026
2008-08-05,1,0.112140338552,1.84227490185,2.1981069773,2.3352612043
2008-08-05,20,1.26769785586,1.70731185716,2.1981069773,2.3352612043
2008-08-06,1,3.27483192865,1.80014566481,2.07294897898,2.0754576411
2008-08-06,20,1.72352833721,1.68686186181,2.07294897898,2.0754576411
2008-08-07,1,5.57520290126,1.85735889971,2.14506195596,2.21494058603
2008-08-07,20,1.56955926306,1.73796350692,2.14506195596,2.21494058603
2008-08-08,1,0.478689728306,2.02038914126,2.35087041268,2.43151834612
2008-08-08,20,1.49689814011,1.88357865279,2.35087041268,2.43151834612
2008-08-11,1,1.46988185036,1.93172094585,2.23853957161,2.41433074439
2008-08-11,20,2.07620591317,1.80438210567,2.23853957161,2.41433074439
2008-08-12,1,0.085259435451,1.89539662915,2.19242010834,2.42775185746
2008-08-12,20,2.021503899,1.77193799821,2.19242010834,2.42775185746
2008-08-13,1,0.303227773411,1.79549209786,2.06599046797,2.12561959798
2008-08-13,20,2.11124954412,1.68270539474,2.06599046797,2.12561959798
2008-08-14,1,0.165457749214,1.71188702448,1.96022470629,2.06948746857
2008-08-14,20,2.0983338439,1.60803112057,1.96022470629,2.06948746857
2008-08-15,1,2.31433596658,1.6267197563,1.85253868887,2.07771954774
2008-08-15,20,3.25568426119,1.53196152722,1.85253868887,2.07771954774
2008-08-18,1,0.875825997218,1.648656237,1.88024652553,2.19329077301
2008-08-18,20,3.290852408,1.55155472542,1.88024652553,2.19329077301
2008-08-19,1,0.381702436732,1.60098399576,1.81998129383,2.14727719958
2008-08-19,20,4.4129281578,1.50897489302,1.81998129383,2.14727719958
2008-08-20,1,0.062093505292,1.53268938588,1.73368456241,2.15813703451
2008-08-20,20,5.29394483871,1.44797559936,1.73368456241,2.15813703451
2008-08-21,1,1.26988956094,1.45328679289,1.63338909898,1.88755560673
2008-08-21,20,6.06967712567,1.37705489133,1.63338909898,1.88755560673
2008-08-22,1,3.92855016053,1.43596086804,1.6115791267,1.94240207624
2008-08-22,20,6.76616811022,1.36157974359,1.6115791267,1.94240207624
2008-08-25,1,0.135394151615,1.54590334259,1.75059738873,1.96264208136
2008-08-25,20,6.69386813065,1.45977802458,1.75059738873,1.96264208136
2008-08-26,1,0.632177828538,1.46919416712,1.6536851945,1.7028970586
2008-08-26,20,6.68905800143,1.39126301982,1.6536851945,1.7028970586
2008-08-27,1,2.17005500016,1.42064149461,1.59239475254,1.59781045543
2008-08-27,20,6.84690799018,1.34789680492,1.59239475254,1.59781045543
2008-08-28,1,1.90956615581,1.44800081252,1.6270543674,1.61878480454
2008-08-28,20,6.74410636446,1.37233356604,1.6270543674,1.61878480454
2008-08-29,1,0.168174759701,1.46136234729,1.6440050747,1.6986166252
2008-08-29,20,10.8980885251,1.38426780484,1.6440050747,1.6986166252
2008-09-02,1,0.0414998889409,1.39124467428,1.5554552558,1.66646662946
2008-09-02,20,12.2813914051,1.32164018995,1.5554552558,1.66646662946
2008-09-03,1,9.22874996547,1.31928834422,1.46461793379,1.26769785586
2008-09-03,20,12.2896874359,1.25737032567,1.46461793379,1.26769785586
2008-09-04,1,0.195450445719,1.68523509362,1.93046585569,1.72352833721
2008-09-04,20,12.6738806412,1.59183663648,1.93046585569,1.72352833721
2008-09-05,1,4.12198044214,1.6074634346,1.82636493109,1.56955926306
2008-09-05,20,12.7565686147,1.52168542929,1.82636493109,1.56955926306
2008-09-08,1,12.0648451896,1.71138164602,1.96410186176,1.49689814011
2008-09-08,20,13.3219001069,1.61542122035,1.96410186176,1.49689814011
2008-09-09,1,0.375841566989,2.16816164662,2.57014646143,2.07620591317
2008-09-09,20,14.4655233367,2.02744365714,2.57014646143,2.07620591317
2008-09-10,1,1.8801723378,2.0714112455,2.43848816776,2.021503899
2008-09-10,20,14.5116817006,1.94017333887,2.43848816776,2.021503899
2008-09-11,1,0.0449137689001,2.0480305284,2.40498921797,2.11124954412
2008-09-11,20,17.5558991876,1.91908358008,2.40498921797,2.11124954412
2008-09-12,1,23.3124660952,1.94308303749,2.26338469102,2.0983338439
2008-09-12,20,17.6236158414,1.82441936343,2.26338469102,2.0983338439
2008-09-15,1,3.01769890267,2.89478980168,3.52632957527,3.25568426119
2008-09-15,20,22.461000578,2.68287319147,3.52632957527,3.25568426119
2008-09-16,1,23.3173409932,2.87653182774,3.49581173491,3.290852408
2008-09-16,20,22.3243539475,2.66640422413,3.49581173491,3.290852408
2008-09-17,1,18.0020360549,3.77602847649,4.68510349041,4.4129281578
2008-09-17,20,25.6420702363,3.47776374208,4.68510349041,4.4129281578
2008-09-18,1,15.5767392444,4.38496344025,5.48411944428,5.29394483871
2008-09-18,20,25.6084478562,4.02703224614,5.48411944428,5.29394483871
2008-09-19,1,15.199709252,4.85016946313,6.08967663229,6.06967712567
2008-09-19,20,24.8490310894,4.44665508187,6.08967663229,6.06967712567
2008-09-22,1,2.48255056918,5.27221901419,6.63627858948,6.76616811022
2008-09-22,20,25.1740278567,4.82735013034,6.63627858948,6.76616811022
2008-09-23,1,0.0391915672316,5.09625757105,6.38705490826,6.69386813065
2008-09-23,20,25.5392444228,4.66863025975,6.38705490826,6.69386813065
2008-09-24,1,3.78917760359,4.81983782591,6.0061831078,6.68905800143
2008-09-24,20,27.5188299655,4.41929548848,6.0061831078,6.68905800143
2008-09-25,1,0.114022485571,4.72829298218,5.87316277754,6.84690799018
2008-09-25,20,27.4081838153,4.33672066135,5.87316277754,6.84690799018
2008-09-26,1,84.9892093683,4.47592054985,5.52761436003,6.74410636446
2008-09-26,20,28.0192172129,4.10907692824,5.52761436003,6.74410636446
2008-09-29,1,27.8342323596,8.07067546498,10.2953100605,10.8980885251
2008-09-29,20,24.2907491438,7.35159997618,10.2953100605,10.8980885251
2008-09-30,1,0.207420505417,8.88240791504,11.3476453985,12.2813914051
2008-09-30,20,28.1477926785,8.08379486573,11.3476453985,12.2813914051
2008-10-01,1,16.9126140711,8.40092360187,10.6792319049,12.2896874359
2008-10-01,20,28.1994815596,7.64948876712,10.6792319049,12.2896874359
2008-10-02,1,1.84920991608,10.7648954487,11.0532348349,12.6738806412
2008-10-02,20,27.6783807097,10.1420400286,11.0532348349,12.6738806412
2008-10-03,1,15.4286102869,10.1507133304,10.5009933397,12.7565686147
2008-10-03,20,27.7021792899,9.56773971752,10.5009933397,12.7565686147
2008-10-06,1,34.937309784,10.4097785515,10.7966503566,13.3219001069
2008-10-06,20,26.9339549163,9.80998258438,10.7966503566,13.3219001069
2008-10-07,1,1.29900884627,11.8453724801,12.2450899222,14.4655233367
2008-10-07,20,25.9876686702,11.1523564751,12.2450899222,14.4655233367
2008-10-08,1,62.7645220784,11.1236623204,11.5883250576,14.5116817006
2008-10-08,20,27.3869488525,10.477510437,11.5883250576,14.5116817006
2008-10-09,1,1.39924684381,14.2139215488,14.6588968789,17.5558991876
2008-10-09,20,25.5785175103,13.3671042288,14.6588968789,17.5558991876
2008-10-10,1,120.060160827,13.3364646406,13.8633178768,17.6236158414
2008-10-10,20,25.9131478025,12.5466248299,13.8633178768,17.6236158414
2008-10-13,1,0.284766293323,19.7828675765,20.2351284538,22.461000578
2008-10-13,20,19.9912158172,18.5744317311,20.2351284538,22.461000578
2008-10-14,1,89.6716667683,18.4565672519,19.0381067242,22.3243539475
2008-10-14,20,20.2253371501,17.3342544835,19.0381067242,22.3243539475
2008-10-15,1,17.3295884533,22.6927801233,23.2761203268,25.6420702363
2008-10-15,20,17.1616054285,21.2953896212,23.2761203268,25.6420702363
2008-10-16,1,0.388403907877,22.2110039317,22.9193284144,25.6084478562
2008-10-16,20,18.5344425849,20.8448974814,22.9193284144,25.6084478562
2008-10-17,1,21.699644599,20.7250923645,21.567472944,24.8490310894
2008-10-17,20,19.4221251111,19.4554733191,21.567472944,24.8490310894
2008-10-20,1,9.78688188997,20.6453166516,21.5754032433,25.1740278567
2008-10-20,20,18.6790371337,19.380877828,21.5754032433,25.1740278567
2008-10-21,1,39.6309024219,19.8417475064,20.8680919621,25.5392444228
2008-10-21,20,18.2376179331,18.6294883031,20.8680919621,25.5392444228
2008-10-22,1,1.57625459919,20.9200167341,21.9938605897,27.5188299655
2008-10-22,20,18.2472246237,19.6377403092,21.9938605897,27.5188299655
2008-10-23,1,12.3346904391,19.5950549622,20.7688042303,27.4081838153
2008-10-23,20,20.5822753147,18.3988146957,20.7688042303,27.4081838153
2008-10-24,1,10.4198479854,19.0192332965,20.2627574028,28.0192172129
2008-10-24,20,21.8461026532,17.860383908,20.2627574028,28.0192172129
2008-10-27,1,104.975103054,18.3655491697,19.6721828378,24.2907491438
2008-10-27,20,23.2916476272,17.2491466444,19.6721828378,24.2907491438
2008-10-28,1,1.24119812737,23.5447905053,24.7903580508,28.1477926785
2008-10-28,20,18.0642090956,22.0920748597,24.7903580508,28.1477926785
2008-10-29,1,6.49059707266,22.0199230604,23.3774084554,28.1994815596
2008-10-29,20,18.6048328879,20.6662244127,23.3774084554,28.1994815596
2008-10-30,1,2.32518152021,22.0327288179,22.3641997724,27.6783807097
2008-10-30,20,18.3263534126,20.9959664767,22.3641997724,27.6783807097
2008-10-31,1,0.0641228142762,20.5694976348,21.1618586773,27.7021792899
2008-10-31,20,22.5846347767,19.6068280776,21.1618586773,27.7021792899
2008-11-03,1,16.0115848621,19.0596548884,19.8959945255,26.9339549163
2008-11-03,20,23.348324924,18.1734383578,19.8959945255,26.9339549163
2008-11-04,1,29.2846124919,18.7543878503,19.6629299457,25.9876686702
2008-11-04,20,22.8730759352,17.8836289486,19.6629299457,25.9876686702
2008-11-05,1,26.5958952341,19.3812530721,20.2402308985,27.3869488525
2008-11-05,20,21.851272435,18.4787519617,20.2402308985,27.3869488525
2008-11-06,1,8.09185268792,19.7774656742,20.6215707586,25.5785175103
2008-11-06,20,21.164056334,18.8549017775,20.6215707586,25.5785175103
2008-11-07,1,1.62152112097,18.8763584489,19.8697876744,25.9131478025
2008-11-07,20,21.4689360904,17.9994233931,19.8697876744,25.9131478025
2008-11-10,1,4.96719295118,17.5985841491,18.7748916811,19.9912158172
2008-11-10,20,21.6613813962,16.7863510053,18.7748916811,19.9912158172
2008-11-11,1,28.3970323377,16.6446688538,17.9464297574,20.2253371501
2008-11-11,20,21.4829253254,15.8807385624,17.9464297574,20.2253371501
2008-11-12,1,44.7863315799,17.3669012894,18.5734659122,17.1616054285
2008-11-12,20,20.4817996959,16.5663997354,18.5734659122,17.1616054285
2008-11-13,1,18.1420544327,19.1587393638,20.1462378522,18.5344425849
2008-11-13,20,18.2670099429,18.2675055503,20.1462378522,18.5344425849
2008-11-14,1,6.83788505085,18.9921269652,20.0259868471,19.4221251111
2008-11-14,20,17.4414032006,18.1093298066,20.0259868471,19.4221251111
2008-11-17,1,0.958497877896,18.063232642,19.2347007393,18.6790371337
2008-11-17,20,18.3537533344,17.2274713634,19.2347007393,18.6790371337
2008-11-18,1,39.8230362342,16.8002227893,18.1381285676,18.2376179331
2008-11-18,20,18.3522852398,16.028415804,18.1381285676,18.2376179331
2008-11-19,1,48.2772684196,18.2939045333,19.4392230276,18.2472246237
2008-11-19,20,16.5898956948,17.4464628568,19.4392230276,18.2472246237
2008-11-20,1,37.6112372077,20.2563298949,21.1695057511,20.5822753147
2008-11-20,20,14.1803323217,19.3095180299,21.1695057511,20.5822753147
2008-11-21,1,39.3307474666,21.3425829155,22.1560096385,21.8461026532
2008-11-21,20,12.4703700339,20.3407670899,22.1560096385,21.8461026532
2008-11-24,1,0.426332421416,22.4662467343,23.1864939082,23.2916476272
2008-11-24,20,10.5515101265,21.4075325993,23.1864939082,23.2916476272
2008-11-25,1,12.0536739733,20.8408025967,21.820884219,18.0642090956
2008-11-25,20,10.5468082145,19.8643951284,21.820884219,18.0642090956
2008-11-26,1,0.921007567651,20.1324567813,21.2348516043,18.6048328879
2008-11-26,20,9.95839236551,19.1919174069,21.2348516043,18.6048328879
2008-11-28,1,87.4908088017,18.7809276483,20.0160209621,18.3263534126
2008-11-28,20,9.91986964314,17.9579688331,20.0160209621,18.3263534126
2008-12-01,1,15.3379257605,23.3617995356,24.0645082324,22.5846347767
2008-12-01,20,5.83607215592,22.3192803558,24.0645082324,22.5846347767
2008-12-02,1,6.50660508681,22.7032181714,23.5409132841,23.348324924
2008-12-02,20,5.16800428548,21.6922646778,23.5409132841,23.348324924
2008-12-03,1,8.84854248799,21.4925609725,22.5188547923,22.8730759352
2008-12-03,20,5.32686439368,20.5396340604,22.5188547923,22.8730759352
2008-12-04,1,12.8515732134,20.5296750759,21.698636054,21.851272435
2008-12-04,20,4.89538513947,19.6228991114,21.698636054,21.851272435
2008-12-05,1,14.1894478163,19.9093348952,21.1678122836,21.164056334
2008-12-05,20,4.28312311858,19.0322917239,21.1678122836,21.164056334
2008-12-08,1,5.47042723713,19.4253234682,20.7491104156,21.4689360904
2008-12-08,20,4.03783437127,18.5714788775,20.7491104156,21.4689360904
2008-12-09,1,1.3980715349,18.38409521,19.8323894248,21.6613813962
2008-12-09,20,3.77006352047,17.5801565022,19.8323894248,21.6613813962
2008-12-10,1,8.37451974786,17.142259198,18.7263303515,21.4829253254
2008-12-10,20,3.93199960263,16.3978414666,18.7263303515,21.4829253254
2008-12-11,1,0.490536519058,16.4654848954,18.1052217152,20.4817996959
2008-12-11,20,3.77370886827,15.7535048345,18.1052217152,20.4817996959
2008-12-12,1,1.62991958758,15.3023567912,17.0483406035,18.2670099429
2008-12-12,20,3.75072471517,14.6461252508,17.0483406035,18.2670099429
2008-12-15,1,25.0848877258,14.3017841397,16.1232353425,17.4414032006
2008-12-15,20,4.24833305542,13.6935098664,16.1232353425,17.4414032006
2008-12-16,1,0.929135985893,14.9686681941,16.6609344855,18.3537533344
2008-12-16,20,2.99497085847,14.3284302882,16.6609344855,18.3537533344
2008-12-17,1,4.57524533493,13.9448805852,15.7170265755,18.3522852398
2008-12-17,20,2.9768880947,13.353712635,15.7170265755,18.3522852398
2008-12-18,1,0.0860009573102,13.2438351036,15.0485197011,16.5898956948
2008-12-18,20,4.22030894348,12.6862681371,15.0485197011,16.5898956948
2008-12-19,1,3.41199145279,12.28895314,14.1507685765,14.1803323217
2008-12-19,20,5.12219895974,11.7771534941,14.1507685765,14.1803323217
2008-12-22,1,0.953549317427,11.6300126071,13.506441949,12.4703700339
2008-12-22,20,5.06831484992,11.1497958622,13.506441949,12.4703700339
2008-12-23,1,0.332294182599,10.852188745,12.7532683912,10.5515101265
2008-12-23,20,5.03501961085,10.4092529578,12.7532683912,10.5515101265
2008-12-24,1,0.285356992497,10.0890548606,12.0080099386,10.5468082145
2008-12-24,20,5.03373879389,9.68269594304,12.0080099386,10.5468082145
2008-12-26,1,0.150553120347,9.37857256368,11.3046507619,9.95839236551
2008-12-26,20,5.07850950304,9.00626693466,11.3046507619,9.95839236551
2008-12-29,1,5.81485905731,7.70372324832,10.6354049034,9.91986964314
2008-12-29,20,5.61570754694,7.19857562383,10.6354049034,9.91986964314
2008-12-30,1,1.97656835172,7.51043827346,10.3461721526,5.83607215592
2008-12-30,20,5.89217164588,7.02036801163,10.3461721526,5.83607215592
2008-12-31,1,9.68380725081,7.05384723243,9.84399592456,5.16800428548
2008-12-31,20,6.05905950657,6.59939375209,9.84399592456,5.16800428548
2009-01-02,1,0.218957403764,7.19467903258,9.83438460414,5.32686439368
2009-01-02,20,5.57501114055,6.72923984512,9.83438460414,5.32686439368
2009-01-05,1,0.606332795509,6.63600061601,9.25745897211,4.89538513947
2009-01-05,20,5.6874643533,6.2141416246,9.25745897211,4.89538513947
2009-01-06,1,9.28367287011,6.15092522673,8.73839140152,4.28312311858
2009-01-06,20,5.68540560092,5.76690496318,8.73839140152,4.28312311858
2009-01-07,1,0.115010221227,6.33611187823,8.77110828963,4.03783437127
2009-01-07,20,5.35298016349,5.93764596878,8.77110828963,4.03783437127
2009-01-08,1,4.63679317801,5.83971209786,8.25174240553,3.77006352047
2009-01-08,20,5.69943355122,5.47996828525,8.25174240553,3.77006352047
2009-01-09,1,5.20870506068,5.71240382076,8.03484545188,3.93199960263
2009-01-09,20,5.46869515644,5.36259080109,8.03484545188,3.93199960263
2009-01-12,1,0.0308534570314,5.63702630295,7.86527702841,3.77370886827
2009-01-12,20,6.47676133671,5.29309317215,7.86527702841,3.77370886827
2009-01-13,1,11.5820863927,5.19137173609,7.39521161412,3.75072471517
2009-01-13,20,6.50660940951,4.88220227759,7.39521161412,3.75072471517
2009-01-14,1,0.0176437867697,5.62169276545,7.64642410084,4.24833305542
2009-01-14,20,5.92901481295,5.27895574059,7.64642410084,4.24833305542
2009-01-15,1,0.567480710454,5.17632512833,7.18869728199,2.99497085847
2009-01-15,20,5.9786138599,4.86832939357,7.18869728199,2.99497085847
2009-01-16,1,29.4436623105,4.8071541859,6.7914242877,2.9768880947
2009-01-16,20,7.03739495102,4.52795595176,6.7914242877,2.9768880947
2009-01-20,1,18.1238012825,6.56718916512,8.15055856907,4.22030894348
2009-01-20,20,5.56566386244,6.15069787082,8.15055856907,4.22030894348
2009-01-21,1,2.33430925648,7.36115767334,8.74895313188,5.12219895974
2009-01-21,20,4.7326412556,6.88273217463,8.74895313188,5.12219895974
2009-01-22,1,0.287644535987,6.9427152667,8.36407449935,5.06831484992
2009-01-22,20,4.68180483295,6.49693073206,8.36407449935,5.06831484992
2009-01-23,1,0.306677843377,6.40952464814,7.87948870155,5.03501961085
2009-01-23,20,5.29100843087,6.00533211169,7.87948870155,5.03501961085
2009-01-26,1,1.18077117554,5.92108696804,7.42512005006,5.03373879389
2009-01-26,20,6.0487076741,5.55499543787,7.42512005006,5.03373879389
2009-01-27,1,10.8945139982,5.53592135256,7.05045911759,5.07850950304
2009-01-27,20,6.04707500039,5.19987500139,7.05045911759,5.07850950304
2009-01-28,1,11.3441410361,5.89289773983,7.28110241043,5.61570754694
2009-01-28,20,5.62884457845,5.53213492643,7.28110241043,5.61570754694
2009-01-29,1,5.31432556549,6.24961332688,7.52488472797,5.89217164588
2009-01-29,20,5.34596493028,5.86120824872,7.52488472797,5.89217164588
2009-01-30,1,0.0028399304133,6.13853270238,7.39225117822,6.05905950657
2009-01-30,20,6.21989262277,5.75873537825,7.39225117822,6.05905950657
2009-02-02,1,2.4680216588,5.64998299556,6.94888650335,5.57501114055
2009-02-02,20,6.24040622047,5.30804390033,6.94888650335,5.57501114055
2009-02-03,1,0.565157747949,5.38056347292,6.68003461268,5.6874643533
2009-02-03,20,6.39255136142,5.05950197892,6.68003461268,5.6874643533
2009-02-04,1,2.63516412144,4.99459415052,6.3131420008,5.68540560092
2009-02-04,20,7.30882279247,4.7034418239,6.3131420008,5.68540560092
2009-02-05,1,7.04407797596,4.79065389732,6.09246332803,5.35298016349
2009-02-05,20,7.17780308093,4.51530511469,6.09246332803,5.35298016349
2009-02-06,1,0.0220252823123,4.92413180302,6.14956020691,5.69943355122
2009-02-06,20,6.87634438961,4.63843967756,6.14956020691,5.69943355122
2009-02-09,1,25.3700286661,4.53577113581,5.78190811143,5.46869515644
2009-02-09,20,8.77983791314,4.28017348555,5.78190811143,5.46869515644
2009-02-10,1,0.627814913107,6.02352489541,6.95719534471,6.47676133671
2009-02-10,20,7.51432019084,5.65263964679,6.95719534471,6.47676133671
2009-02-11,1,0.0301944614278,5.58980932418,6.57743251882,6.50660940951
2009-02-11,20,8.27977555451,5.25253314982,6.57743251882,6.50660940951
2009-02-12,1,1.00962472587,5.14788945042,6.18459823537,5.92901481295
2009-02-12,20,8.30798198365,4.84485811031,6.18459823537,5.92901481295
2009-02-13,1,21.7431025329,4.81319136326,5.8740998248,5.9786138599
2009-02-13,20,8.26370341398,4.53609612878,5.8740998248,5.9786138599
2009-02-17,1,0.00904053876937,6.01445288,6.82623998729,7.03739495102
2009-02-17,20,7.67691147291,5.64427063137,6.82623998729,7.03739495102
2009-02-18,1,1.46334914574,5.53644841997,6.41720802038,5.56566386244
2009-02-18,20,7.889534258,5.20330723801,6.41720802038,5.56566386244
2009-02-19,1,1.31758080353,5.20315716758,6.1199764879,4.7326412556
2009-02-19,20,7.9017025209,4.89584307414,6.1199764879,4.7326412556
2009-02-20,1,12.4717164944,4.88637230091,5.83183274684,4.68180483295
2009-02-20,20,8.03517259019,4.60360619886,5.83183274684,4.68180483295
2009-02-23,1,15.460662708,5.40702122464,6.23022577169,5.29100843087
2009-02-23,20,9.74856822565,5.08390949172,6.23022577169,5.29100843087
2009-02-24,1,1.14811770133,6.1028140585,6.78405198787,6.0487076741
2009-02-24,20,9.18825847629,5.72578460952,6.78405198787,6.0487076741
2009-02-25,1,2.52990555925,5.7005095574,6.44589593068,6.04707500039
2009-02-25,20,9.17674397419,5.35465510593,6.44589593068,6.04707500039
2009-02-26,1,5.68654807279,5.49850230622,6.21093650839,5.62884457845
2009-02-26,20,9.31595993124,5.21096971954,6.21093650839,5.62884457845
2009-02-27,1,22.7928794153,5.4801524139,6.17947320226,5.34596493028
2009-02-27,20,9.24226453949,5.19387764291,6.17947320226,5.34596493028
2009-03-02,1,0.413111884483,6.67359071671,7.17627757504,6.21989262277
2009-03-02,20,8.73059339123,6.30551026616,7.17627757504,6.21989262277
2009-03-03,1,5.51092447783,6.19011047751,6.7704876336,6.24040622047
2009-03-03,20,8.79501296134,5.85517076781,6.7704876336,6.24040622047
2009-03-04,1,18.8905863688,6.1051808236,6.69491384426,6.39255136142
2009-03-04,20,8.65429206701,5.7760627203,6.69491384426,6.39255136142
2009-03-05,1,0.0147698908094,6.97357367263,7.42665419573,7.30882279247
2009-03-05,20,8.11083699027,6.58493052562,7.42665419573,7.30882279247
2009-03-06,1,1.01490414944,6.43841995603,6.98194113744,7.17780308093
2009-03-06,20,8.15699541869,6.0864595712,6.98194113744,7.17780308093
2009-03-09,1,38.091895753,6.0159333764,6.62391891816,6.87634438961
2009-03-09,20,8.14125586184,5.69293284788,6.62391891816,6.87634438961
2009-03-10,1,0.0596742200451,8.24989507014,8.51199752825,8.77983791314
2009-03-10,20,6.52811945825,7.77376492107,8.51199752825,8.77983791314
2009-03-11,1,15.9369221865,7.61798134414,8.00485812976,7.51432019084
2009-03-11,20,6.59375117111,7.18516648975,8.00485812976,7.51432019084
2009-03-12,1,0.594323044248,8.15893516868,8.48078197316,8.27977555451
2009-03-12,20,6.49430765071,7.68903997664,8.48078197316,8.27977555451
2009-03-13,1,0.124053332466,7.57197254656,8.00759443743,8.30798198365
2009-03-13,20,6.46779236812,7.14231142114,8.00759443743,8.30798198365
2009-03-16,1,10.0072637114,6.99769592549,7.53458197113,8.26370341398
2009-03-16,20,6.66699609675,6.60739928933,7.53458197113,8.26370341398
2009-03-17,1,4.26149624053,7.16766817003,7.68294287555,7.67691147291
2009-03-17,20,6.24439496356,6.76572057969,7.68294287555,7.67691147291
2009-03-18,1,1.70671440381,6.91779202898,7.47765607745,7.889534258
2009-03-18,20,6.15019770404,6.53297250255,7.47765607745,7.889534258
2009-03-19,1,3.98698218921,6.50671890132,7.13139957703,7.9017025209
2009-03-19,20,6.07714817715,6.15007688225,7.13139957703,7.9017025209
2009-03-20,1,46.7396292036,6.2891725977,6.94273453376,8.03517259019
2009-03-20,20,6.8340521259,5.94744255453,6.94273453376,8.03517259019
2009-03-23,1,4.25446772089,9.11360619129,9.33054821395,9.74856822565
2009-03-23,20,4.71818816597,8.57827191323,9.33054821395,9.74856822565
2009-03-24,1,0.917827659243,8.71086392609,9.02598338437,9.18825847629
2009-03-24,20,4.53519700974,8.20313610629,9.02598338437,9.18825847629
2009-03-25,1,5.31422470031,8.10357418476,8.53949404086,9.17674397419
2009-03-25,20,4.53804806576,7.63747377868,8.53949404086,9.17674397419
2009-03-26,1,4.21264023773,8.00665653457,8.34597788043,9.31595993124
2009-03-26,20,4.41107854787,7.68477026737,8.34597788043,9.31595993124
2009-03-27,1,12.5594564502,7.70914013916,8.09797762186,9.24226453949
2009-03-27,20,4.25162932438,7.40217734039,8.09797762186,9.24226453949
2009-03-30,1,1.70150328667,8.01136210875,8.36566635156,8.73059339123
2009-03-30,20,3.62742208664,7.68923980923,8.36566635156,8.73059339123
2009-03-31,1,2.69650659109,7.53974476941,7.96581656767,8.79501296134
2009-03-31,20,3.77089599501,7.24127886858,7.96581656767,8.79501296134
2009-04-01,1,8.02148483406,7.17217773796,7.64965796908,8.65429206701
2009-04-01,20,3.63652240885,6.89214905629,7.64965796908,8.65429206701
2009-04-02,1,0.937938459213,7.20049214453,7.67196758097,8.11083699027
2009-04-02,20,3.24993048507,6.91904320785,7.67196758097,8.11083699027
2009-04-03,1,0.700113012445,6.73657077989,7.26792583367,8.15699541869
2009-04-03,20,3.75771979981,6.47839221063,7.26792583367,8.15699541869
2009-04-06,1,5.82916768121,6.29082380195,6.8738570644,8.14125586184
2009-04-06,20,3.72993008178,6.05500397006,6.8738570644,8.14125586184
2009-04-07,1,1.37230847739,6.23323781607,6.8111757014,6.52811945825
2009-04-07,20,3.58733262456,6.00030650615,6.8111757014,6.52811945825
2009-04-08,1,13.9480517784,5.87157298892,6.48484366796,6.59375117111
2009-04-08,20,3.60703375587,5.65678284267,6.48484366796,6.59375117111
2009-04-09,1,0.0640173925926,6.40704136989,6.93263615459,6.49430765071
2009-04-09,20,3.19246817315,6.16539204682,6.93263615459,6.49430765071
2009-04-13,1,4.108127905,5.94187997592,6.52051902887,6.46779236812
2009-04-13,20,3.42573744438,5.72356322033,6.52051902887,6.46779236812
2009-04-14,1,1.55524104763,5.7912597158,6.37577556144,6.66699609675
2009-04-14,20,3.22081059763,5.58049809575,6.37577556144,6.66699609675
2009-04-15,1,2.37755105018,5.47524423472,6.08654349061,6.24439496356
2009-04-15,20,3.51468954247,5.2803340001,6.08654349061,6.24439496356
2009-04-16,1,0.245723866041,5.23971505656,5.86400394418,6.15019770404
2009-04-16,20,3.44884084072,5.05661900195,5.86400394418,6.15019770404
2009-04-17,1,19.1250611641,4.87426258749,5.52690713949,6.07714817715
2009-04-17,20,3.50240022762,4.70949768526,5.52690713949,6.07714817715
2009-04-20,1,4.4223500051,5.84238208406,6.34279638097,6.8340521259
2009-04-20,20,2.99424702941,5.62905615811,6.34279638097,6.8340521259
2009-04-21,1,0.594644596185,5.72093049675,6.22756959842,4.71818816597
2009-04-21,20,2.77464045259,5.51369660122,6.22756959842,4.71818816597
2009-04-22,1,0.974848779735,5.34369957088,5.88959409828,4.53519700974
2009-04-22,20,2.75814205132,5.15538763695,5.88959409828,4.53519700974
2009-04-23,1,2.77483434249,5.02093441412,5.59470937917,4.53804806576
2009-04-23,20,2.85219714314,4.84881243038,5.59470937917,4.53804806576
2009-04-24,1,1.02365576803,4.80212193031,5.42551687697,4.41107854787
2009-04-24,20,2.71457792617,4.61889892968,5.42551687697,4.41107854787
2009-04-27,1,0.0753116953612,4.52048907989,5.16140521043,4.25162932438
2009-04-27,20,3.0004132495,4.35286863244,5.16140521043,4.25162932438
2009-04-28,1,4.57098145395,4.19439249102,4.85623959953,3.62742208664
2009-04-28,20,3.18007450503,4.04483790258,4.85623959953,3.62742208664
2009-04-29,1,0.00903486788911,4.20414971598,4.83912411079,3.77089599501
2009-04-29,20,3.06858963717,4.05405457404,4.83912411079,3.77089599501
2009-04-30,1,0.289646358406,3.89728105474,4.54931875622,3.63652240885
2009-04-30,20,3.15903955028,3.76418653825,4.54931875622,3.63652240885
2009-05-01,1,11.0937247542,3.63294749613,4.29373841235,3.24993048507
2009-05-01,20,3.46942585139,3.51449714633,4.29373841235,3.24993048507
2009-05-04,1,0.144318651734,4.13664234857,4.70173759286,3.75771979981
2009-05-04,20,2.91670246178,3.99028713714,4.70173759286,3.75771979981
2009-05-05,1,2.97721853694,3.84422403495,4.42829245639,3.72993008178
2009-05-05,20,3.0051827505,3.71406889493,4.42829245639,3.72993008178
2009-05-06,1,1.76633110358,3.76998565655,4.34122802123,3.58733262456
2009-05-06,20,2.92150969926,3.64394334728,4.34122802123,3.58733262456
2009-05-07,1,5.65674012384,3.61748899406,4.18673420617,3.60703375587
2009-05-07,20,2.83636294725,3.49989505039,4.18673420617,3.60703375587
2009-05-08,1,4.72940281716,3.74586458797,4.27493456123,3.19246817315
2009-05-08,20,2.55403706774,3.62115859389,4.27493456123,3.19246817315
2009-05-11,1,0.00959097009995,3.80036143326,4.30220265658,3.42573744438
2009-05-11,20,2.32368164036,3.67263629589,4.30220265658,3.42573744438
2009-05-12,1,7.43281994442,3.52393258231,4.04464595539,3.22081059763
2009-05-12,20,2.32927958915,3.41152169483,4.04464595539,3.22081059763
2009-05-13,1,1.06057701508,3.78233642126,4.24793639474,3.51468954247
2009-05-13,20,1.97620272761,3.65560987554,4.24793639474,3.51468954247
2009-05-14,1,1.31691160406,3.58004003801,4.05669483196,3.44884084072
2009-05-14,20,1.92414831396,3.46452077891,4.05669483196,3.44884084072
2009-05-15,1,8.9619971999,3.41072443886,3.89230783828,3.50240022762
2009-05-15,20,2.14763846904,3.30458532001,3.89230783828,3.50240022762
2009-05-18,1,0.0302184688502,3.78353937709,4.19648919998,2.99424702941
2009-05-18,20,1.78148294401,3.65674618721,4.19648919998,2.99424702941
2009-05-19,1,0.264676570673,3.50980541009,3.94651295611,2.77464045259
2009-05-19,20,1.78092770614,3.39817717263,3.94651295611,2.77464045259
2009-05-20,1,2.85595061621,3.27291594373,3.72560277299,2.75814205132
2009-05-20,20,1.8027710161,3.17441146115,3.72560277299,2.75814205132
2009-05-21,1,0.0224500030489,3.23329429156,3.67342364358,2.85219714314
2009-05-21,20,1.66480753957,3.13698486163,3.67342364358,2.85219714314
2009-05-22,1,6.74036223471,2.94810182867,3.45436522515,2.71457792617
2009-05-22,20,2.14661740416,2.85070603845,3.45436522515,2.71457792617
2009-05-26,1,3.66853680585,3.20402797135,3.65152504572,3.0004132495
2009-05-26,20,1.81225365825,3.09058478174,3.65152504572,3.0004132495
2009-05-27,1,2.3412840967,3.22424429206,3.65254575133,3.18007450503
2009-05-27,20,1.64997294059,3.10953347355,3.65254575133,3.18007450503
2009-05-28,1,1.81803313011,3.14959082386,3.57387005205,3.06858963717
2009-05-28,20,1.75800167112,3.03956101999,3.57387005205,3.06858963717
2009-05-29,1,6.49737238061,3.04391302587,3.46851983674,3.15903955028
2009-05-29,20,1.66819361731,2.94050956277,3.46851983674,3.15903955028
2009-06-01,1,0.0392569620755,3.2753617335,3.65025098937,3.46942585139
2009-06-01,20,1.38404396502,3.15744568559,3.65025098937,3.46942585139
2009-06-02,1,1.91392442609,3.03492424302,3.43359134773,2.91670246178
2009-06-02,20,1.41878087392,2.93208440577,3.43359134773,2.91670246178
2009-06-03,1,1.30375751217,2.94483767948,3.34241133243,3.0051827505
2009-06-03,20,1.33255653972,2.84764656201,3.34241133243,3.0051827505
2009-06-04,1,0.0633960633406,2.81880746121,3.22009210322,2.92150969926
2009-06-04,20,1.70478838394,2.72951884728,3.22009210322,2.92150969926
2009-06-05,1,0.0102225335332,2.61530325981,3.03069034082,2.83636294725
2009-06-05,20,1.70490168679,2.5387750195,3.03069034082,2.83636294725
2009-06-08,1,0.122294269736,2.423766993,2.84946227239,2.55403706774
2009-06-08,20,1.90199349315,2.35924869798,2.84946227239,2.55403706774
2009-06-09,1,0.121549945821,2.25489218895,2.68583219223,2.32368164036
2009-06-09,20,1.89727311472,2.20096289199,2.68583219223,2.32368164036
2009-06-10,1,0.371282713703,2.0989985868,2.53197525744,2.32927958915
2009-06-10,20,1.89746476693,2.05484432443,2.53197525744,2.32927958915
2009-06-11,1,0.019488742089,1.97269354419,2.40233370482,1.97620272761
2009-06-11,20,1.8870208317,1.93645901774,2.40233370482,1.97620272761
2009-06-12,1,5.78671470564,1.83140446965,2.25936300705,1.92414831396
2009-06-12,20,2.18931432509,1.80402922653,2.25936300705,1.92414831396
2009-06-15,1,1.63888669928,2.10647176289,2.47100410897,2.14763846904
2009-06-15,20,1.91403410292,2.06184890813,2.47100410897,2.14763846904
2009-06-16,1,0.01911371136,2.06870600159,2.42107706439,1.78148294401
2009-06-16,20,2.25839326647,2.02645118259,2.42107706439,1.78148294401
2009-06-17,1,0.701542769954,1.91998044922,2.27695926321,1.78092770614
2009-06-17,20,2.29445744999,1.88705120483,2.27695926321,1.78092770614
2009-06-18,1,0.096681085607,1.83070997679,2.18243427361,1.8027710161
2009-06-18,20,2.25945355459,1.80337828062,2.18243427361,1.8027710161
2009-06-19,1,9.65864729486,1.70580583706,2.05728908233,1.66480753957
2009-06-19,20,2.31922046274,1.68630603566,2.05728908233,1.66480753957
2009-06-22,1,0.0530873165051,2.26189378678,2.51337057508,2.14661740416
2009-06-22,20,1.84284288483,2.2087774384,2.51337057508,2.14661740416
2009-06-23,1,0.422922452716,2.09948585509,2.36575357957,1.81225365825
2009-06-23,20,1.84033132104,2.05663874711,2.36575357957,1.81225365825
2009-06-24,1,4.50185870722,1.97593488362,2.24918371196,1.64997294059
2009-06-24,20,2.08420523592,1.94090004574,2.24918371196,1.64997294059
2009-06-25,1,0.0218720539731,2.151153208,2.38434421167,1.75800167112
2009-06-25,20,1.86372563565,2.10503911384,2.38434421167,1.75800167112
2009-06-26,1,0.814379334795,1.99515091309,2.24259588221,1.66819361731
2009-06-26,20,1.86706445595,1.95890102354,2.24259588221,1.66819361731
2009-06-29,1,0.733995140076,1.90747008142,2.15690288937,1.38404396502
2009-06-29,20,1.82975114017,1.87676435176,2.15690288937,1.38404396502
2009-06-30,1,0.189437742017,1.82091468161,2.07152842441,1.41878087392
2009-06-30,20,1.80350940451,1.79568194947,2.07152842441,1.41878087392
2009-07-01,1,8.74839439658,1.70249210908,1.95860298346,1.33255653972
2009-07-01,20,1.86395737301,1.68474737247,1.95860298346,1.33255653972
2009-07-02,1,0.0656621203536,2.20002621967,2.36599046825,1.70478838394
2009-07-02,20,1.42681109002,2.15082182875,2.36599046825,1.70478838394
2009-07-06,1,3.95205866072,2.04332460145,2.22797076738,1.70490168679
2009-07-06,20,1.53943755086,2.00402863416,2.22797076738,1.70490168679
2009-07-07,1,0.0278867010571,2.1743232055,2.33141604098,1.90199349315
2009-07-07,20,1.34635735775,2.12674404574,2.33141604098,1.90199349315
2009-07-08,1,0.125382990163,2.01694406294,2.19320428058,1.89727311472
2009-07-08,20,1.3492199313,1.97931616745,2.19320428058,1.89727311472
2009-07-09,1,0.162404009103,1.87872454023,2.06913500316,1.89746476693
2009-07-09,20,1.3588585861,1.84983642421,2.06913500316,1.89746476693
2009-07-10,1,6.06535860976,1.75388646197,1.95473114351,1.8870208317
2009-07-10,20,1.4398456378,1.73289200128,1.95473114351,1.8870208317
2009-07-13,1,0.281110262359,2.05722164002,2.20136879149,2.18931432509
2009-07-13,20,1.14219082249,2.01704694699,2.20136879149,2.18931432509
2009-07-14,1,8.52606997024,1.92690691552,2.08615327974,1.91403410292
2009-07-14,20,1.20930102948,1.89497217247,2.08615327974,1.91403410292
2009-07-15,1,0.740397381778,2.39121529637,2.47254828117,2.25839326647
2009-07-15,20,0.848654516149,2.32992180013,2.47254828117,2.25839326647
2009-07-16,1,0.00146486182223,2.26746590004,2.36861922721,2.29445744999
2009-07-16,20,0.83514010582,2.21399722052,2.36861922721,2.29445744999
2009-07-17,1,1.29201924876,2.1009648231,2.22658996528,2.25945355459
2009-07-17,20,0.871771746136,2.05802419827,2.22658996528,2.25945355459
2009-07-20,1,0.131095736527,2.03890860706,2.17051572229,2.31922046274
2009-07-20,20,1.10876662215,1.99989186818,2.17051572229,2.31922046274
2009-07-21,1,0.00285604069683,1.90132396884,2.04815052315,1.84284288483
2009-07-21,20,1.15316163755,1.86958773942,2.04815052315,1.84284288483
2009-07-22,1,5.30040075042,1.76554587102,1.9254328542,1.84033132104
2009-07-22,20,1.17639442546,1.74225796036,1.9254328542,1.84033132104
2009-07-23,1,0.0922667017113,2.00932748842,2.12793092797,2.08420523592
2009-07-23,20,0.97066203098,1.97087111653,2.12793092797,2.08420523592
2009-07-24,1,0.0886484600771,1.87151702769,2.0057910744,1.86372563565
2009-07-24,20,1.13627724792,1.84163543125,2.0057910744,1.86372563565
2009-07-27,1,0.0681130192378,1.74399804604,1.89076251754,1.86706445595
2009-07-27,20,1.13199385339,1.72205087366,1.89076251754,1.86706445595
2009-07-28,1,0.20916042687,1.62480424745,1.78140354764,1.82975114017
2009-07-28,20,1.13138875124,1.61027349362,1.78140354764,1.82975114017
2009-07-29,1,1.39839711197,1.52455895979,1.68706896039,1.80350940451
2009-07-29,20,1.12093754168,1.51626561949,1.68706896039,1.80350940451
2009-07-30,1,0.00546873685073,1.51485794712,1.66974864949,1.86395737301
2009-07-30,20,1.05487605104,1.50716821852,1.66974864949,1.86395737301
2009-07-31,1,2.31819133708,1.4088297247,1.56989185473,1.42681109002
2009-07-31,20,1.05658327663,1.40773723257,1.56989185473,1.42681109002
2009-08-03,1,0.0904547984423,1.47208091803,1.61478982367,1.53943755086
2009-08-03,20,0.973553260258,1.46705284092,1.61478982367,1.53943755086
2009-08-04,1,0.0851381721029,1.37524793642,1.52332972216,1.34635735775
2009-08-04,20,1.21928877552,1.37624495399,1.52332972216,1.34635735775
2009-08-05,1,0.318156086231,1.28545296659,1.43703822915,1.3492199313
2009-08-05,20,1.22048308703,1.2920371631,1.43703822915,1.3492199313
2009-08-06,1,1.78214504303,1.21876643364,1.36990530058,1.3588585861
2009-08-06,20,1.24068823456,1.22949996716,1.36990530058,1.3588585861
2009-08-07,1,0.112262303672,1.25920340092,1.39463968513,1.4398456378
2009-08-07,20,1.23650067044,1.26742088513,1.39463968513,1.4398456378
2009-08-10,1,1.62331440204,1.18017699228,1.31769704224,1.14219082249
2009-08-10,20,1.26966077684,1.19331161925,1.31769704224,1.14219082249
2009-08-11,1,1.31313970365,1.21249788826,1.33603408383,1.20930102948
2009-08-11,20,1.21854381673,1.22362146016,1.33603408383,1.20930102948
2009-08-12,1,0.470109175205,1.22073073501,1.33466042102,0.848654516149
2009-08-12,20,1.2066375791,1.23134204673,1.33466042102,0.848654516149
2009-08-13,1,0.734097668135,1.16958518118,1.28278734627,0.83514010582
2009-08-13,20,1.18404517887,1.18337884667,1.28278734627,0.83514010582
2009-08-14,1,6.03191676912,1.14074932457,1.24986596558,0.871771746136
2009-08-14,20,1.16730585468,1.1563372007,1.24986596558,0.871771746136
2009-08-17,1,1.0189960444,1.48331035082,1.53678901379,1.10876662215
2009-08-17,20,0.870609832533,1.47758356141,1.53678901379,1.10876662215
2009-08-18,1,0.467511798883,1.45202384362,1.50572143563,1.15316163755
2009-08-18,20,0.935291139565,1.4491656691,1.50572143563,1.15316163755
2009-08-19,1,1.18575286089,1.38341539127,1.44342885742,1.17639442546
2009-08-19,20,0.916610605748,1.38481713555,1.44342885742,1.17639442546
2009-08-20,1,3.40457104057,1.36985727856,1.42796829763,0.97066203098
2009-08-20,20,0.860791591955,1.37210085002,1.42796829763,0.97066203098
2009-08-21,1,0.00298056946402,1.51125038662,1.54656446221,1.13627724792
2009-08-21,20,0.696387714225,1.50471481878,1.54656446221,1.13627724792
2009-08-24,1,0.0560109762899,1.40590600329,1.45394942864,1.13199385339
2009-08-24,20,0.717711874611,1.40591129891,1.45394942864,1.13199385339
2009-08-25,1,0.000136235480507,1.31226496887,1.3700731215,1.13138875124
2009-08-25,20,0.76611405744,1.31808446362,1.3700731215,1.13138875124
2009-08-26,1,0.0771672991911,1.22188107435,1.28787690834,1.12093754168
2009-08-26,20,0.811771052336,1.23331253145,1.28787690834,1.12093754168
2009-08-27,1,0.039613248699,1.14372582197,1.21523433179,1.05487605104
2009-08-27,20,0.826574832239,1.16000996148,1.21523433179,1.05487605104
2009-08-28,1,0.657591009665,1.06891897155,1.14469706681,1.05658327663
2009-08-28,20,0.980405789027,1.08984789021,1.14469706681,1.05658327663
2009-08-31,1,5.00516510373,1.042679406,1.11547070338,0.973553260258
2009-08-31,20,0.950017297061,1.06523754693,1.11547070338,0.973553260258
2009-09-01,1,0.109024402324,1.32002792293,1.3488523674,1.21928877552
2009-09-01,20,0.705316326904,1.3253654136,1.3488523674,1.21928877552
2009-09-02,1,0.722259036759,1.23660620555,1.27446268949,1.22048308703
2009-09-02,20,1.04039733065,1.24712337497,1.27446268949,1.22048308703
2009-09-03,1,1.69839376069,1.20207898564,1.24133047033,1.24068823456
2009-09-03,20,1.01448017603,1.21473996021,1.24133047033,1.24068823456
2009-09-04,1,0.775464431559,1.23789592108,1.26875426775,1.23650067044
2009-09-04,20,1.03856980333,1.24833301169,1.26875426775,1.23650067044
2009-09-08,1,0.600975199983,1.206961291,1.23915687758,1.26966077684
2009-09-08,20,1.09244551056,1.21931912181,1.23915687758,1.26966077684
2009-09-09,1,1.07501495102,1.16627887952,1.20086597692,1.21854381673
2009-09-09,20,1.06606321077,1.18116269312,1.20086597692,1.21854381673
2009-09-10,1,0.0182611706186,1.1615793938,1.19331491537,1.2066375791
2009-09-10,20,1.04000523084,1.17675499983,1.19331491537,1.2066375791
2009-09-11,1,0.399311184218,1.08393135582,1.12281169069,1.18404517887
2009-09-11,20,1.05491141914,1.10392815116,1.12281169069,1.18404517887
2009-09-14,1,0.0979963262196,1.03863145941,1.0794016603,1.16730585468
2009-09-14,20,1.04452395087,1.06144093852,1.0794016603,1.16730585468
2009-09-15,1,2.31262218506,0.975880224837,1.02051734025,0.870609832533
2009-09-15,20,1.04352038361,1.0025859464,1.02051734025,0.870609832533
2009-09-16,1,0.093901122541,1.0681653489,1.09804363094,0.935291139565
2009-09-16,20,1.07916042315,1.0871815474,1.09804363094,0.935291139565
2009-09-17,1,0.0693725850304,1.00273112056,1.03779508044,0.916610605748
2009-09-17,20,1.08307184649,1.02599799745,1.03779508044,0.916610605748
2009-09-18,1,0.116493485959,0.940598746412,0.979689730712,0.860791591955
2009-09-18,20,1.11265998856,0.967901809673,0.979689730712,0.860791591955
2009-09-21,1,0.429463777194,0.886481590401,0.927897956027,0.696387714225
2009-09-21,20,1.15065290788,0.917300162768,0.927897956027,0.696387714225
2009-09-22,1,1.02405463286,0.858192010474,0.897991905297,0.717711874611
2009-09-22,20,1.14876506385,0.890848304614,0.897991905297,0.717711874611
2009-09-23,1,0.913276133415,0.873273818015,0.905555668951,0.76611405744
2009-09-23,20,1.13710713696,0.904950381591,0.905555668951,0.76611405744
2009-09-24,1,0.373242897249,0.879525110146,0.906018896819,0.811771052336
2009-09-24,20,1.14748957819,0.91079558301,0.906018896819,0.811771052336
2009-09-25,1,3.11623238445,0.847870825234,0.874052336845,0.826574832239
2009-09-25,20,1.20389930189,0.881197594753,0.874052336845,0.826574832239
2009-09-28,1,0.0498211703425,1.00874276188,1.0085831397,0.980405789027
2009-09-28,20,1.11754864407,1.03161911604,1.0085831397,0.980405789027
2009-09-29,1,0.111145700596,0.944795816877,0.951057421539,0.950017297061
2009-09-29,20,1.12057977065,0.971826233892,0.951057421539,0.950017297061
2009-09-30,1,6.81064447728,0.889987198525,0.900662718283,0.705316326904
2009-09-30,20,1.30974548388,0.92057804279,0.900662718283,0.705316326904
2009-10-01,1,0.203915944407,1.30368589027,1.25526162382,1.04039733065
2009-10-01,20,1.21719247895,1.30740241915,1.25526162382,1.04039733065
2009-10-02,1,2.18018630654,1.22787303451,1.19218088306,1.01448017603
2009-10-02,20,1.61215405721,1.23651444867,1.19218088306,1.01448017603
2009-10-05,1,1.85297857624,1.29482341971,1.25146120847,1.03856980333
2009-10-05,20,1.52385355788,1.29911566429,1.25146120847,1.03856980333
2009-10-06,1,0.0733292041603,1.3339785033,1.28755225053,1.09244551056
2009-10-06,20,1.4341402494,1.33572719121,1.28755225053,1.09244551056
2009-10-07,1,0.553855352505,1.24679957118,1.21469886775,1.06606321077
2009-10-07,20,1.43101675168,1.25421149701,1.21469886775,1.06606321077
2009-10-08,1,0.316384936508,1.1995881622,1.17504825684,1.04000523084
2009-10-08,20,1.58483023978,1.21006699232,1.17504825684,1.04000523084
2009-10-09,1,0.191561818841,1.13952742161,1.12352845762,1.05491141914
2009-10-09,20,1.57213630376,1.15390786253,1.12352845762,1.05491141914
2009-10-12,1,0.0779249810385,1.07540673244,1.06761045929,1.04452395087
2009-10-12,20,1.80445009303,1.09395252282,1.06761045929,1.04452395087
2009-10-13,1,3.02542297577,1.00831171998,1.00822933059,1.04352038361
2009-10-13,20,1.80055589148,1.03121607509,1.00822933059,1.04352038361
2009-10-14,1,0.172129589486,1.15359758561,1.1292609493,1.07916042315
2009-10-14,20,1.66188171903,1.16922892977,1.1292609493,1.07916042315
2009-10-15,1,0.661135426438,1.08735911721,1.07183306772,1.08307184649
2009-10-15,20,1.70644761424,1.10713539327,1.07183306772,1.08307184649
2009-10-16,1,0.876351872325,1.06001774676,1.04719120924,1.11265998856
2009-10-16,20,1.68976656219,1.08150493372,1.04719120924,1.11265998856
2009-10-19,1,0.391706896458,1.04965758475,1.03694084902,1.15065290788
2009-10-19,20,1.74911088,1.0717930682,1.03694084902,1.15065290788
2009-10-20,1,0.790896095059,1.00653116479,0.99822681187,1.14876506385
2009-10-20,20,1.7299478009,1.03136532286,0.99822681187,1.14876506385
2009-10-21,1,1.12092495807,0.994324589775,0.985786968862,1.13710713696
2009-10-21,20,1.69051267237,1.01992258528,0.985786968862,1.13710713696
2009-10-22,1,1.50143737139,1.00589660736,0.993895248214,1.14748957819
2009-10-22,20,1.72581844279,1.03077047343,0.993895248214,1.14748957819
2009-10-23,1,1.38921922795,1.04293299527,1.0243477756,1.20389930189
2009-10-23,20,1.65593110333,1.06548927597,1.0243477756,1.20389930189
2009-10-26,1,0.110443701918,1.06938155274,1.04624006274,1.11754864407
2009-10-26,20,1.67791826599,1.09028279111,1.04624006274,1.11754864407
2009-10-27,1,3.8944599653,1.00528080541,0.990092281095,1.12057977065
2009-10-27,20,1.67253836509,1.03019320584,0.990092281095,1.12057977065
2009-10-28,1,4.95958437852,1.20804615148,1.16435434215,1.30974548388
2009-10-28,20,1.48791341574,1.22027032753,1.16435434215,1.30974548388
2009-10-29,1,8.1031475097,1.46912610892,1.39206814433,1.21719247895
2009-10-29,20,1.3910307091,1.4650129712,1.39206814433,1.21719247895
2009-10-30,1,0.414176319956,1.92798484818,1.79473290625,1.61215405721
2009-10-30,20,0.993039544208,1.89515821106,1.79473290625,1.61215405721
2009-11-02,1,0.0587124066653,1.81957618177,1.71189951107,1.52385355788
2009-11-02,20,1.04436556348,1.79353331471,1.71189951107,1.52385355788
2009-11-03,1,0.0108592497724,1.69480635309,1.61270828481,1.4341402494
2009-11-03,20,1.04148864424,1.67657107058,1.61270828481,1.4341402494
2009-11-04,1,3.63012511441,1.57621797706,1.51659734271,1.43101675168
2009-11-04,20,1.07654220747,1.56540346911,1.51659734271,1.43101675168
2009-11-05,1,0.0625062161328,1.71723545574,1.64340900901,1.58483023978
2009-11-05,20,0.91012968532,1.6975966519,1.64340900901,1.58483023978
2009-11-06,1,4.83783760432,1.60051609904,1.54855484144,1.57213630376
2009-11-06,20,0.910058364869,1.58818111421,1.54855484144,1.57213630376
2009-11-09,1,4.09499416347e-05,1.82330113635,1.74591180721,1.80445009303
2009-11-09,20,0.721257763059,1.7970251769,1.74591180721,1.80445009303
2009-11-10,1,0.251939526812,1.69418570321,1.64115955577,1.80055589148
2009-11-10,20,0.727974193647,1.67598925842,1.64115955577,1.80055589148
2009-11-11,1,1.06344749362,1.60825154293,1.55780635404,1.66188171903
2009-11-11,20,0.732329251519,1.60601830104,1.55780635404,1.66188171903
2009-11-12,1,0.3275143855,1.56977107263,1.52814482241,1.70644761424
2009-11-12,20,0.685914570726,1.56970740191,1.52814482241,1.70644761424
2009-11-13,1,2.06323822858,1.4825773756,1.4561069962,1.68976656219
2009-11-13,20,0.693588018192,1.48742978126,1.4561069962,1.68976656219
2009-11-16,1,0.00844531429926,1.52386042025,1.49253487014,1.74911088
2009-11-16,20,0.605896302798,1.52638524252,1.49253487014,1.74911088
2009-11-17,1,0.00219352457177,1.41777797408,1.40348949679,1.7299478009
2009-11-17,20,0.606109771305,1.42628384116,1.40348949679,1.7299478009
2009-11-18,1,1.82704036645,1.31935514775,1.31941173846,1.69051267237
2009-11-18,20,0.676578148325,1.33341020186,1.31941173846,1.69051267237
2009-11-19,1,0.103690582187,1.35652132445,1.34986945614,1.72581844279
2009-11-19,20,0.602121335717,1.3684809087,1.34986945614,1.72581844279
2009-11-20,1,1.82896248104,1.26989835279,1.2750987237,1.65593110333
2009-11-20,20,0.651527368037,1.28674183531,1.2750987237,1.65593110333
2009-11-23,1,0.0028456839134,1.31097499236,1.30833054914,1.67791826599
2009-11-23,20,0.566406127925,1.32550252884,1.30833054914,1.67791826599
2009-11-24,1,0.201960978392,1.22075133986,1.23000145723,1.67253836509
2009-11-24,20,0.568899699226,1.24036578494,1.23000145723,1.67253836509
2009-11-25,1,3.02193024574,1.15139015426,1.1683190285,1.48791341574
2009-11-25,20,0.572543068357,1.17491525915,1.1683190285,1.48791341574
2009-11-27,1,0.143324211852,1.28524122247,1.27953570153,1.3910307091
2009-11-27,20,0.422111739476,1.30121965714,1.27953570153,1.3910307091
2009-11-30,1,1.44069670548,1.20684146889,1.21136301215,0.993039544208
2009-11-30,20,0.415928378676,1.22724016777,1.21136301215,0.993039544208
2009-12-01,1,0.00117402168797,1.22548180004,1.22512303375,1.04436556348
2009-12-01,20,0.34391263603,1.24482953658,1.22512303375,1.04436556348
2009-12-02,1,0.711930514382,1.14166742401,1.15168609303,1.04148864424
2009-12-02,20,0.394863337266,1.16574070711,1.15168609303,1.04148864424
2009-12-03,1,0.301874671483,1.11413533571,1.12530075831,1.07654220747
2009-12-03,20,0.485927647324,1.13976090818,1.12530075831,1.07654220747
2009-12-04,1,0.0610798071191,1.05992563753,1.0758951931,0.91012968532
2009-12-04,20,0.475672551512,1.08860761231,1.0758951931,0.91012968532
2009-12-07,1,1.06182556812,0.992954353872,1.01500626994,0.910058364869
2009-12-07,20,0.472767276404,1.02541224317,1.01500626994,0.910058364869
2009-12-08,1,0.134369561696,1.00133220014,1.01781542783,0.721257763059
2009-12-08,20,0.427648894412,1.03331773727,1.01781542783,0.721257763059
2009-12-09,1,0.339040684258,0.943977754041,0.964808675862,0.727974193647
2009-12-09,20,0.425070658505,0.979196997821,0.964808675862,0.727974193647
2009-12-10,1,0.135153877765,0.897527405939,0.927262596366,0.732329251519
2009-12-10,20,0.40964154101,0.934071956508,0.927262596366,0.732329251519
2009-12-11,1,0.480983334822,0.847556812048,0.87973607325,0.685914570726
2009-12-11,20,0.44730336741,0.887246629447,0.87973607325,0.685914570726
2009-12-14,1,0.309403920709,0.825955164351,0.855810908944,0.693588018192
2009-12-14,20,0.457628324732,0.867004640315,0.855810908944,0.693588018192
2009-12-15,1,0.0127146844287,0.793883702714,0.82302648965,0.605896302798
2009-12-15,20,0.445094771914,0.836951831983,0.82302648965,0.605896302798
2009-12-16,1,1.41156106497,0.743297800837,0.774407781337,0.606109771305
2009-12-16,20,0.50366937411,0.78954992587,0.774407781337,0.606109771305
2009-12-17,1,0.337904114292,0.795685832474,0.812636978355,0.676578148325
2009-12-17,20,0.510246241176,0.838640531453,0.812636978355,0.676578148325
2009-12-18,1,1.09181122859,0.76798440902,0.784153006511,0.602121335717
2009-12-18,20,0.550109012393,0.812682700811,0.784153006511,0.602121335717
2009-12-21,1,0.126537678801,0.795814753427,0.802612499836,0.651527368037
2009-12-21,20,0.678432960182,0.838761337817,0.802612499836,0.651527368037
2009-12-22,1,0.0527171099454,0.753137850611,0.762048010574,0.566406127925
2009-12-22,20,0.922757192186,0.798770619743,0.762048010574,0.566406127925
2009-12-23,1,0.274828361002,0.708550479051,0.719488156536,0.568899699226
2009-12-23,20,0.930644185725,0.756989682326,0.719488156536,0.568899699226
2009-12-24,1,0.0133036681233,0.683154072549,0.692808568804,0.572543068357
2009-12-24,20,0.925773483331,0.733191785443,0.692808568804,0.572543068357
2009-12-28,1,0.0196569958562,0.641214298861,0.652038274763,0.422111739476
2009-12-28,20,0.93695838897,0.693891799854,0.652038274763,0.422111739476
2009-12-29,1,0.000381852546004,0.602983360729,0.614095398029,0.415928378676
2009-12-29,20,1.00663930354,0.658067206979,0.614095398029,0.415928378676
2009-12-30,1,1.02018804642,0.566358474274,0.5772725853,0.34391263603
2009-12-30,20,1.05540566794,0.623747577108,0.5772725853,0.34391263603
2009-12-31,1,2.53321671552,0.60478532562,0.603847512967,0.394863337266
2009-12-31,20,1.10472420623,0.659755751958,0.603847512967,0.394863337266
2010-01-04,1,0.0967727552501,0.747353723355,0.719609665121,0.485927647324
2010-01-04,20,1.06113323911,0.793350559075,0.719609665121,0.485927647324
2010-01-05,1,0.0029743049604,0.706335106102,0.682239450528,0.475672551512
2010-01-05,20,1.07136108516,0.754913750166,0.682239450528,0.475672551512
2010-01-06,1,0.159457928279,0.661862658484,0.641483541794,0.472767276404
2010-01-06,20,1.57162606391,0.713240503108,0.641483541794,0.472767276404
2010-01-07,1,0.0828048435458,0.631925586683,0.612562004983,0.427648894412
2010-01-07,20,1.56783769054,0.68518774109,0.612562004983,0.427648894412
2010-01-08,1,0.0304583343741,0.598887525091,0.580776575297,0.425070658505
2010-01-08,20,1.60332739988,0.654229172879,0.580776575297,0.425070658505
2010-01-11,1,0.888390405747,0.556171968104,0.547757480842,0.40964154101
2010-01-11,20,1.68573140119,0.61465353398,0.547757480842,0.40964154101
2010-01-12,1,0.687482481278,0.586760862549,0.568195456336,0.44730336741
2010-01-12,20,1.64380964858,0.643128299768,0.568195456336,0.44730336741
2010-01-13,1,0.0587328643494,0.600290034589,0.575352677833,0.457628324732
2010-01-13,20,1.65584136894,0.655722413158,0.575352677833,0.457628324732
2010-01-14,1,1.18420672835,0.567030697942,0.544355489024,0.445094771914
2010-01-14,20,1.65668148389,0.624761770793,0.544355489024,0.445094771914
2010-01-15,1,1.54309840628,0.618249742359,0.582746563383,0.50366937411
2010-01-15,20,1.75661560677,0.672440849102,0.582746563383,0.50366937411
2010-01-19,1,1.13515953863,0.691442815676,0.640367673957,0.510246241176
2010-01-19,20,1.68840292639,0.740575237669,0.640367673957,0.510246241176
2010-01-20,1,3.65829018437,0.729106560931,0.670055185837,0.550109012393
2010-01-20,20,1.65318246918,0.775635881221,0.670055185837,0.550109012393
2010-01-21,1,5.01302231888,0.947145554288,0.849349285749,0.678432960182
2010-01-21,20,1.47265340093,0.978605271943,0.849349285749,0.678432960182
2010-01-22,1,0.210456980725,1.24614805089,1.09916966774,0.922757192186
2010-01-22,20,1.22254976683,1.25694243369,1.09916966774,0.922757192186
2010-01-25,1,0.177414313134,1.17205526969,1.04584690652,0.930644185725
2010-01-25,20,1.28616225886,1.18797051987,1.04584690652,0.930644185725
2010-01-26,1,0.237001780889,1.10151029444,0.993740950913,0.925773483331
2010-01-26,20,1.32408003487,1.12230120805,0.993740950913,0.925773483331
2010-01-27,1,1.41327528718,1.04096127597,0.948336600712,0.93695838897
2010-01-27,20,1.31439982476,1.06593698989,0.948336600712,0.93695838897
2010-01-28,1,0.975709140721,1.07077446753,0.9762329219,1.00663930354
2010-01-28,20,1.24472221963,1.09368966492,0.9762329219,1.00663930354
2010-01-29,1,2.0065588122,1.06638817203,0.976201495029,1.05540566794
2010-01-29,20,1.2470150889,1.08960652497,0.976201495029,1.05540566794
2010-02-01,1,1.66139737309,1.13728379689,1.03802293406,1.10472420623
2010-02-01,20,1.14939631411,1.15560225152,1.03802293406,1.10472420623
2010-02-02,1,0.301329676224,1.17739770021,1.0754254004,1.06113323911
2010-02-02,20,1.06641851294,1.19294371229,1.0754254004,1.06113323911
2010-02-03,1,10.00827388,1.1154308084,1.02897965695,1.07136108516
2010-02-03,20,1.05830533166,1.13525961606,1.02897965695,1.07136108516
2010-02-04,1,0.0836904607212,1.76401160885,1.56773731034,1.57162606391
2010-02-04,20,0.654639621472,1.73901423753,1.56773731034,1.57162606391
2010-02-05,1,0.792599030428,1.63912049302,1.47869449936,1.56783769054
2010-02-05,20,0.650470518124,1.62275487816,1.47869449936,1.56783769054
2010-02-08,1,1.6785383606,1.57578669768,1.43752877122,1.60332739988
2010-02-08,20,0.612304792572,1.56379835091,1.43752877122,1.60332739988
2010-02-09,1,0.0499553534786,1.61849821097,1.45198934659,1.68573140119
2010-02-09,20,0.538567574643,1.62213781607,1.45198934659,1.68573140119
2010-02-10,1,0.928116888463,1.50045548266,1.367867307,1.64380964858
2010-02-10,20,0.544203861145,1.51129175286,1.367867307,1.64380964858
2010-02-11,1,0.0755351632924,1.45842483208,1.34148228189,1.65584136894
2010-02-11,20,0.497821641487,1.47182356861,1.34148228189,1.65584136894
2010-02-12,1,3.18288918602,1.35546977323,1.26552545477,1.65668148389
2010-02-12,20,0.494147077193,1.37514533079,1.26552545477,1.65668148389
2010-02-16,1,0.178844798787,1.49561408734,1.38056727865,1.75661560677
2010-02-16,20,0.365026234496,1.506745521,1.38056727865,1.75661560677
2010-02-17,1,0.43075039439,1.39740347112,1.30846392986,1.68840292639
2010-02-17,20,0.372931818983,1.41452247323,1.30846392986,1.68840292639
2010-02-18,1,0.0477088193928,1.32628610289,1.25580111773,1.65318246918
2010-02-18,20,0.351447404384,1.34774088993,1.25580111773,1.65318246918
2010-02-19,1,0.0109496368548,1.2320900952,1.18331557983,1.47265340093
2010-02-19,20,0.362064038482,1.2592876936,1.18331557983,1.47265340093
2010-02-22,1,1.48270682122,1.14286017591,1.11297362325,1.22254976683
2010-02-22,20,0.374431743646,1.1754978201,1.11297362325,1.22254976683
2010-02-23,1,0.93576983333,1.17209693745,1.13515761513,1.28616225886
2010-02-23,20,0.325824614429,1.20295211536,1.13515761513,1.28616225886
2010-02-24,1,0.0433975787501,1.1576313285,1.12319434822,1.32408003487
2010-02-24,20,0.294207621826,1.18936842557,1.12319434822,1.32408003487
2010-02-25,1,0.0197231845395,1.07697119225,1.05840654205,1.31439982476
2010-02-25,20,0.293492314528,1.11362586447,1.05840654205,1.31439982476
2010-02-26,1,1.02156652627,1.00115269509,0.9960855406,1.24472221963
2010-02-26,20,0.292778072006,1.04242976414,0.9960855406,1.24472221963
2010-03-01,1,0.0541833162201,1.00721521498,0.99761439974,1.2470150889
2010-03-01,20,0.257758019358,1.04812267274,0.99761439974,1.2470150889
2010-03-02,1,0.00184134981318,0.939731928887,0.941008534729,1.14939631411
2010-03-02,20,0.25504976342,0.984753613905,0.941008534729,1.14939631411
2010-03-03,1,0.139066050656,0.873842600435,0.884658503634,1.06641851294
2010-03-03,20,0.260331132277,0.922881334515,0.884658503634,1.06641851294
2010-03-04,1,1.93495967622,0.823730489132,0.839922956455,1.05830533166
2010-03-04,20,0.280657681132,0.875824388811,0.839922956455,1.05830533166
2010-03-05,1,0.000308393751189,0.913345728098,0.905625159641,0.654639621472
2010-03-05,20,0.21508886527,0.959976090358,0.905625159641,0.654639621472
2010-03-08,1,0.0292845194011,0.849509277109,0.851306153688,0.650470518124
2010-03-08,20,0.216489486237,0.900031531448,0.851306153688,0.650470518124
2010-03-09,1,0.203794002013,0.79310742283,0.801984855631,0.612304792572
2010-03-09,20,0.232395131516,0.847068307082,0.801984855631,0.612304792572
2010-03-10,1,0.162681083528,0.745607341388,0.766093404414,0.538567574643
2010-03-10,20,0.227879371333,0.798684133775,0.766093404414,0.538567574643
2010-03-11,1,0.000472495300024,0.70731055291,0.72988866516,0.544203861145
2010-03-11,20,0.241934229406,0.763018314882,0.72988866516,0.544203861145
2010-03-12,1,0.00204387740126,0.659920513652,0.686123694969,0.497821641487
2010-03-12,20,0.243468306905,0.71888394684,0.686123694969,0.497821641487
2010-03-15,1,0.600472332096,0.616596422817,0.645078905915,0.494147077193
2010-03-15,20,0.243600839286,0.678536198664,0.645078905915,0.494147077193
2010-03-16,1,0.33695648853,0.622195237084,0.642402511486,0.365026234496
2010-03-16,20,0.275053120799,0.683750377284,0.642402511486,0.365026234496
2010-03-17,1,0.0010621024077,0.607373628085,0.624075750108,0.372931818983
2010-03-17,20,0.25855993331,0.669947005166,0.624075750108,0.372931818983
2010-03-18,1,0.260041501352,0.568351650493,0.586694931246,0.351447404384
2010-03-18,20,0.390667824351,0.633605817276,0.586694931246,0.351447404384
2010-03-19,1,0.258303740131,0.552190289019,0.567095725453,0.362064038482
2010-03-19,20,0.387840944669,0.618554732987,0.567095725453,0.362064038482
2010-03-22,1,0.510564236868,0.537243365871,0.548568206333,0.374431743646
2010-03-22,20,0.407134462749,0.604634655738,0.548568206333,0.374431743646
2010-03-23,1,0.303429981271,0.54264315435,0.546287968165,0.325824614429
2010-03-23,20,0.382125957787,0.609663481538,0.546287968165,0.325824614429
2010-03-24,1,0.0290914327968,0.531908458714,0.531716488952,0.294207621826
2010-03-24,20,0.369511244249,0.599666253946,0.531716488952,0.294207621826
2010-03-25,1,0.00543833410943,0.501294179846,0.501558985582,0.293492314528
2010-03-25,20,0.393249374661,0.571155160223,0.501558985582,0.293492314528
2010-03-26,1,0.321165473305,0.471438587555,0.471791746494,0.292778072006
2010-03-26,20,0.402247002952,0.543350631698,0.471791746494,0.292778072006
2010-03-29,1,1.81974445781e-05,0.467977262519,0.462754170103,0.257758019358
2010-03-29,20,0.666078015979,0.540127097904,0.462754170103,0.257758019358
2010-03-30,1,0.107468726957,0.440486098703,0.434990011743,0.25504976342
2010-03-30,20,0.686826519981,0.514524562841,0.434990011743,0.25504976342
2010-03-31,1,0.545597027757,0.423421021023,0.415338734656,0.260331132277
2010-03-31,20,0.764145202066,0.498631847182,0.415338734656,0.260331132277
2010-04-01,1,0.623583358972,0.440953470723,0.423154232242,0.280657681132
2010-04-01,20,0.877780635326,0.514959826644,0.423154232242,0.280657681132
2010-04-05,1,0.028320813091,0.462931032078,0.435179979846,0.21508886527
2010-04-05,20,0.931560435814,0.535427540888,0.435179979846,0.21508886527
2010-04-06,1,0.347397424992,0.438003300969,0.410768429841,0.216489486237
2010-04-06,20,1.22120528405,0.512212332029,0.410768429841,0.216489486237
2010-04-07,1,0.113478798353,0.439313042832,0.40696616955,0.232395131516
2010-04-07,20,1.22567050348,0.513432095302,0.40696616955,0.232395131516
2010-04-08,1,0.443778244977,0.41039370114,0.389356927278,0.227879371333
2010-04-08,20,1.76082132756,0.486875614293,0.389356927278,0.227879371333
2010-04-09,1,0.031154045284,0.421506184005,0.39262220634,0.241934229406
2010-04-09,20,1.8576231215,0.497145304571,0.39262220634,0.241934229406
2010-04-12,1,0.00469452502059,0.398883499299,0.370934116676,0.243468306905
2010-04-12,20,2.78205829969,0.476238368828,0.370934116676,0.243468306905
2010-04-13,1,1.22951796237,0.376146025628,0.348959741177,0.243600839286
2010-04-13,20,2.7876140363,0.455225349941,0.348959741177,0.243600839286
2010-04-14,1,0.00709273874925,0.452647521769,0.401793234448,0.275053120799
2010-04-14,20,2.81924469249,0.525924821948,0.401793234448,0.275053120799
2010-04-15,1,2.64321992322,0.425380796088,0.378111204706,0.25855993331
2010-04-15,20,2.89354814433,0.500726058444,0.378111204706,0.25855993331
2010-04-16,1,0.203503907716,0.609798924952,0.514017727817,0.390667824351
2010-04-16,20,2.94148801543,0.671157553212,0.514017727817,0.390667824351
2010-04-19,1,0.644174101741,0.584330484518,0.495386898611,0.387840944669
2010-04-19,20,2.93192748734,0.64762068946,0.495386898611,0.387840944669
2010-04-20,1,0.0103941376273,0.596084112488,0.504314130799,0.407134462749
2010-04-20,20,3.00192991958,0.658482899137,0.504314130799,0.407134462749
2010-04-21,1,0.0511357105101,0.556487969113,0.474678931209,0.382125957787
2010-04-21,20,3.01463784866,0.621889805258,0.474678931209,0.382125957787
2010-04-22,1,0.503854041031,0.523602372685,0.449266337967,0.369511244249
2010-04-22,20,3.80234271448,0.591498317229,0.449266337967,0.369511244249
2010-04-23,1,0.185390899938,0.52954650014,0.45254160015,0.393249374661
2010-04-23,20,3.88834331774,0.596991630351,0.45254160015,0.393249374661
2010-04-26,1,5.59778573385,0.509684934297,0.436512558138,0.402247002952
2010-04-26,20,3.96347040658,0.578636404778,0.436512558138,0.402247002952
2010-04-27,1,0.414988277466,0.921275655358,0.74618894868,0.666078015979
2010-04-27,20,3.68364373357,0.959011274947,0.74618894868,0.666078015979
2010-04-28,1,1.65384236867,0.885254822908,0.726316908407,0.686826519981
2010-04-28,20,3.67900893094,0.925722333372,0.726316908407,0.686826519981
2010-04-29,1,2.81830569294,0.950752977065,0.781968436023,0.764145202066
2010-04-29,20,4.11949110184,0.986252978522,0.781968436023,0.764145202066
2010-04-30,1,1.69917936873,1.10295217147,0.904148671438,0.877780635326
2010-04-30,20,4.05610062868,1.12690908628,0.904148671438,0.877780635326
2010-05-03,1,5.82121777786,1.15293930701,0.951850513276,0.931560435814
2010-05-03,20,4.12103507577,1.17310509901,0.951850513276,0.931560435814
2010-05-04,1,0.436701813554,1.52580122769,1.24401254915,1.22120528405
2010-05-04,20,4.15546720772,1.51768843729,1.24401254915,1.22120528405
2010-05-05,1,10.8164952799,1.43843625797,1.19557390502,1.22567050348
2010-05-05,20,4.14180581775,1.43694939893,1.19557390502,1.22567050348
2010-05-06,1,2.37981412392,2.25070007076,1.77282918751,1.76082132756
2010-05-06,20,4.21409167902,2.22662231046,1.77282918751,1.76082132756
2010-05-07,1,18.5198576091,2.25866682273,1.80924828369,1.8576231215
2010-05-07,20,4.18791401197,2.23409615392,1.80924828369,1.8576231215
2010-05-10,1,0.115809257071,3.59168797777,2.81188484321,2.78205829969
2010-05-10,20,3.32150358115,3.48464235882,2.81188484321,2.78205829969
2010-05-11,1,1.8621310863,3.29444326342,2.65012030805,2.7876140363
2010-05-11,20,3.33347032306,3.2057883826,2.65012030805,2.7876140363
2010-05-12,1,1.49316177544,3.16707514999,2.60284095474,2.81924469249
2010-05-12,20,3.66318248073,3.08630062333,2.60284095474,2.81924469249
2010-05-13,1,3.60201734524,3.02072527774,2.53626020398,2.89354814433
2010-05-13,20,3.59807334776,2.94900551992,2.53626020398,2.89354814433
2010-05-14,1,0.0122933459207,3.06061309547,2.60020563246,2.94148801543
2010-05-14,20,3.41960382938,2.9864254505,2.60020563246,2.94148801543
2010-05-17,1,2.04422274659,2.8020897081,2.44493089527,2.93192748734
2010-05-17,20,3.68863026799,2.74389708572,2.44493089527,2.93192748734
2010-05-18,1,0.26455271914,2.73345989678,2.42088840635,3.00192991958
2010-05-18,20,3.58657374834,2.67951344878,2.42088840635,3.00192991958
2010-05-19,1,15.8052330269,2.52474852391,2.29150826511,3.01463784866
2010-05-19,20,3.57416811262,2.48371519435,2.29150826511,3.01463784866
2010-05-20,1,2.22386610635,3.61112658898,3.10233175082,3.80234271448
2010-05-20,20,2.78477273691,3.50287828957,3.10233175082,3.80234271448
2010-05-21,1,1.68793267675,3.48531171031,3.04962381215,3.88834331774
2010-05-21,20,2.68104583089,3.38484766534,3.04962381215,3.88834331774
2010-05-24,1,0.0012522734905,3.32666232006,2.96792234403,3.96347040658
2010-05-24,20,2.72788904421,3.2360140237,2.96792234403,3.96347040658
2010-05-25,1,0.322292224939,3.04357437176,2.7899221398,3.68364373357
2010-05-25,20,2.73229629893,2.97044092454,2.7899221398,3.68364373357
2010-05-26,1,10.4634857866,2.81202978743,2.64186434491,3.67900893094
2010-05-26,20,2.85976994492,2.7532221654,2.64186434491,3.67900893094
2010-05-27,1,1.55049622982,3.43408460096,3.11116163141,4.11949110184
2010-05-27,20,2.34067197304,3.33679001303,3.11116163141,4.11949110184
2010-05-28,1,2.99786831049,3.26870123154,3.01752170731,4.05610062868
2010-05-28,20,2.26521982912,3.18163902822,3.01752170731,4.05610062868
2010-06-01,1,6.50986041695,3.23691298989,3.0163425035,4.12103507577
2010-06-01,20,2.61171070324,3.15181754729,3.0163425035,4.12103507577
2010-06-02,1,0.163474014152,3.49643073038,3.22595357831,4.15546720772
2010-06-02,20,2.33787574468,3.39527874387,3.22595357831,4.15546720772
2010-06-03,1,12.2622125052,3.21157172382,3.04220480446,4.14180581775
2010-06-03,20,2.33496937142,3.12804416306,3.04220480446,4.14180581775
2010-06-04,1,1.85626078301,4.0390496515,3.5954052665,4.21409167902
2010-06-04,20,1.7327784806,3.95033075759,3.5954052665,4.21409167902
2010-06-07,1,1.19164899265,3.84225054824,3.49105659749,4.18791401197
2010-06-07,20,1.65424848886,3.76379256796,3.49105659749,4.18791401197
2010-06-08,1,0.355144095278,3.60646128586,3.3530921412,3.32150358115
2010-06-08,20,2.07052799903,3.54029712814,3.3530921412,3.32150358115
2010-06-09,1,8.45637423971,3.32050892679,3.17321525845,3.33347032306
2010-06-09,20,2.09665664207,3.26925404665,3.17321525845,3.33347032306
2010-06-10,1,0.190979116037,3.75524588864,3.49020479732,3.66318248073
2010-06-10,20,1.6996002298,3.6813242466,3.49020479732,3.66318248073
2010-06-11,1,0.0326269776782,3.4416184716,3.29225125645,3.59807334776
2010-06-11,20,1.69031965,3.38404905771,3.29225125645,3.59807334776
2010-06-14,1,5.39282211802,3.14308390971,3.09667379972,3.41960382938
2010-06-14,20,1.80514991772,3.1010797972,3.09667379972,3.41960382938
2010-06-15,1,0.0030923536975,3.33138917672,3.23444269882,3.68863026799
2010-06-15,20,1.5355208466,3.27956701094,3.23444269882,3.68863026799
2010-06-16,1,0.0164400045741,3.04039866865,3.04056167811,3.58657374834
2010-06-16,20,1.53608070581,3.00374846463,3.04056167811,3.58657374834
2010-06-17,1,0.0173255128212,2.77715224675,2.8591143777,3.57416811262
2010-06-17,20,1.96283258947,2.75422745484,2.8591143777,3.57416811262
2010-06-18,1,0.14932798595,2.53804536753,2.68860704581,2.78477273691
2010-06-18,20,1.97975137685,2.5275873755,2.68860704581,2.78477273691
2010-06-21,1,2.62479694319,2.33211258059,2.53625030221,2.68104583089
2010-06-21,20,2.03671750113,2.33239172356,2.53625030221,2.68104583089
2010-06-22,1,0.0893973678515,2.35723594918,2.54156310067,2.72788904421
2010-06-22,20,1.98871748223,2.35620518417,2.54156310067,2.72788904421
2010-06-23,1,2.87176514464,2.16269304993,2.3944331567,2.73229629893
2010-06-23,20,2.23208351156,2.17180556227,2.3944331567,2.73229629893
2010-06-24,1,0.0815263490874,2.22447678022,2.42307307598,2.85976994492
2010-06-24,20,2.12200399205,2.23036794902,2.42307307598,2.85976994492
2010-06-25,1,0.0414533513444,2.04139471916,2.28258027237,2.34067197304
2010-06-25,20,2.17995417988,2.05683160836,2.28258027237,2.34067197304
2010-06-28,1,9.92768579298,1.87161276179,2.14811265711,2.26521982912
2010-06-28,20,2.17843266604,1.89590191693,2.14811265711,2.26521982912
2010-06-29,1,1.03316124577,2.56493609362,2.61488704526,2.61171070324
2010-06-29,20,1.7061720611,2.55307604531,2.61488704526,2.61171070324
2010-06-30,1,0.105346548857,2.43231967768,2.51998349729,2.33787574468
2010-06-30,20,1.66319716104,2.42737412017,2.51998349729,2.33787574468
2010-07-01,1,0.218394688901,2.23228068365,2.37510528038,2.33496937142
2010-07-01,20,1.65793184954,2.23776496452,2.37510528038,2.33496937142
2010-07-02,1,0.28566094813,2.04495356774,2.24570264489,1.7327784806
2010-07-02,20,1.88427317818,2.04684666997,2.24570264489,1.7327784806
2010-07-06,1,9.51723919604,1.89611386126,2.12810014309,1.65424848886
2010-07-06,20,1.88154805621,1.906968338,2.12810014309,1.65424848886
2010-07-07,1,0.877716956041,2.54296249773,2.57144848627,2.07052799903
2010-07-07,20,1.42388390525,2.51487136637,2.57144848627,2.07052799903
2010-07-08,1,0.515245994378,2.39880795485,2.46982459445,2.09665664207
2010-07-08,20,1.38080365658,2.3793961126,2.46982459445,2.09665664207
2010-07-09,1,0.00536752000571,2.23710783927,2.35254987845,1.6996002298
2010-07-09,20,1.36192680403,2.22743167393,2.35254987845,1.6996002298
2010-07-12,1,2.32923233212,2.04697591778,2.21171893694,1.69031965
2010-07-12,20,1.37660841634,2.04874725791,2.21171893694,1.69031965
2010-07-13,1,0.000240695567255,2.07108254532,2.21876974065,1.80514991772
2010-07-13,20,1.27805859767,2.0714024682,2.21876974065,1.80514991772
2010-07-14,1,0.0142895380094,1.89567622268,2.08565799795,1.5355208466
2010-07-14,20,1.68655211211,1.90655704886,2.08565799795,1.5355208466
2010-07-15,1,8.5514776777,1.73747664939,1.96137589035,1.53608070581
2010-07-15,20,1.70038129645,1.75788239104,1.96137589035,1.53608070581
2010-07-16,1,0.355701260496,2.31699147424,2.35678199759,1.96283258947
2010-07-16,20,1.28093467756,2.30250565706,2.35678199759,1.96283258947
2010-07-19,1,1.2886504715,2.1492455058,2.23671715337,1.97975137685
2010-07-19,20,1.26315686879,2.14485937559,2.23671715337,1.97975137685
2010-07-20,1,1.66479656512,2.07585588431,2.17983315245,2.03671750113
2010-07-20,20,1.27215324033,2.07588841293,2.17983315245,2.03671750113
2010-07-21,1,4.95671795454,2.0410345744,2.14893095721,1.98871748223
2010-07-21,20,1.1900111006,2.04316363226,2.14893095721,1.98871748223
2010-07-22,1,0.67017475435,2.28828381744,2.31739817705,2.23208351156
2010-07-22,20,1.0880458474,2.2755264373,2.31739817705,2.23208351156
2010-07-23,1,1.24053010581,2.14980131238,2.21856477169,2.12200399205
2010-07-23,20,1.06127065661,2.14538171804,2.21856477169,2.12200399205
2010-07-26,1,0.0110230745418,2.07228419096,2.15988269174,2.17995417988
2010-07-26,20,1.00743929018,2.07253176489,2.15988269174,2.17995417988
2010-07-27,1,0.48247369412,1.89768162599,2.03095111471,2.17843266604
2010-07-27,20,1.11374233066,1.9084417104,2.03095111471,2.17843266604
2010-07-28,1,0.173663244509,1.77896341401,1.93804246947,1.7061720611
2010-07-28,20,1.09501079233,1.79687131121,1.93804246947,1.7061720611
2010-07-29,1,4.03189391789e-05,1.64492312031,1.83217971597,1.66319716104
2010-07-29,20,1.11608412742,1.67090134565,1.83217971597,1.66319716104
2010-07-30,1,4.74522126163,1.50841288266,1.72225135215,1.65793184954
2010-07-30,20,1.25139504786,1.54261014707,1.72225135215,1.65793184954
2010-08-02,1,0.231158508825,1.79237141179,1.90362954672,1.88427317818
2010-08-02,20,1.12407783855,1.81164686143,1.90362954672,1.88427317818
2010-08-03,1,0.363956176874,1.66385850581,1.80328128445,1.88154805621
2010-08-03,20,1.11259624342,1.69087543132,1.80328128445,1.88154805621
2010-08-04,1,0.0161119825082,1.55805636296,1.71692177799,1.42388390525
2010-08-04,20,1.51715581126,1.59144669299,1.71692177799,1.42388390525
2010-08-05,1,0.137708943415,1.43270085146,1.61487319026,1.38080365658
2010-08-05,20,1.55720968315,1.47364245939,1.61487319026,1.38080365658
2010-08-06,1,0.298999766145,1.32883397152,1.52624333545,1.36192680403
2010-08-06,20,1.63655411935,1.37603240585,1.52624333545,1.36192680403
2010-08-09,1,0.358235958778,1.24783720159,1.45260872129,1.37660841634
2010-08-09,20,1.68816098509,1.2999147921,1.45260872129,1.37660841634
2010-08-10,1,8.17011098448,1.17910755304,1.38694635554,1.27805859767
2010-08-10,20,1.69084493096,1.23532534186,1.38694635554,1.27805859767
2010-08-11,1,0.290873224615,1.77018329176,1.79393623328,1.68655211211
2010-08-11,20,1.29395872488,1.79079532931,1.79393623328,1.68655211211
2010-08-12,1,0.16254529999,1.64866933274,1.70375245276,1.70038129645
2010-08-12,20,1.29118380829,1.6766012373,1.70375245276,1.70038129645
2010-08-13,1,0.000145085129494,1.52738661496,1.61128002359,1.28093467756
2010-08-13,20,1.34431932517,1.56262445681,1.61128002359,1.28093467756
2010-08-16,1,1.46857790218,1.40346351557,1.51461192729,1.26315686879
2010-08-16,20,1.34456652209,1.4461663484,1.51461192729,1.26315686879
2010-08-17,1,0.0219537706245,1.41358642457,1.51184988578,1.27215324033
2010-08-17,20,1.27738532873,1.45567946451,1.51184988578,1.27215324033
2010-08-18,1,2.91741289062,1.30175988909,1.42245611887,1.1900111006
2010-08-18,20,1.27635403754,1.35058923632,1.42245611887,1.1900111006
2010-08-19,1,0.13467093855,1.44228351754,1.51215352518,1.0880458474
2010-08-19,20,1.1308249558,1.48264787622,1.51215352518,1.0880458474
2010-08-20,1,0.163902777129,1.33729750001,1.42950456998,1.06127065661
2010-08-20,20,1.23802526711,1.38398610071,1.42950456998,1.06127065661
2010-08-23,1,2.13708388422,1.24423353598,1.35356846241,1.00743929018
2010-08-23,20,1.23312567658,1.29652820734,1.35356846241,1.00743929018
2010-08-24,1,0.107842927377,1.32466129272,1.40057938772,1.11374233066
2010-08-24,20,1.13797060269,1.37211108463,1.40057938772,1.11374233066
2010-08-25,1,0.595129946283,1.22804750424,1.3230152001,1.09501079233
2010-08-25,20,1.16757544368,1.28131720432,1.3230152001,1.09501079233
2010-08-26,1,2.70625872773,1.18092449886,1.27934208487,1.11608412742
2010-08-26,20,1.35775053965,1.23703283686,1.27934208487,1.11608412742
2010-08-27,1,2.19887707543,1.31468823772,1.36495708344,1.25139504786
2010-08-27,20,1.23858899165,1.36273879548,1.36495708344,1.25139504786
2010-08-30,1,0.00152660624694,1.39272416809,1.41499228296,1.12407783855
2010-08-30,20,1.14035145674,1.43457677489,1.41499228296,1.12407783855
2010-08-31,1,8.45514753377,1.28166693553,1.33018434236,1.11259624342
2010-08-31,20,1.14363205942,1.33050741261,1.33018434236,1.11259624342
2010-09-01,1,0.817189420212,1.88334004537,1.75768213384,1.51715581126
2010-09-01,20,0.725644057795,1.894322442,1.75768213384,1.51715581126
2010-09-02,1,1.72459766739,1.79591763464,1.70125257102,1.55720968315
2010-09-02,20,0.694494152509,1.81240076681,1.70125257102,1.55720968315
2010-09-03,1,1.33113708099,1.79179672309,1.7026532768,1.63655411935
2010-09-03,20,0.640805631769,1.80853914855,1.7026532768,1.63655411935
2010-09-07,1,0.411914876291,1.75533924852,1.68036230506,1.68816098509
2010-09-07,20,0.787392352863,1.77437562726,1.68036230506,1.68816098509
2010-09-08,1,0.232386862735,1.64575095725,1.60425545933,1.69084493096
2010-09-08,20,0.767022555944,1.67168277852,1.60425545933,1.69084493096
2010-09-09,1,0.23537489282,1.53110497189,1.52194334353,1.29395872488
2010-09-09,20,0.756760959773,1.56425047259,1.52194334353,1.29395872488
2010-09-10,1,1.22525563758,1.42702881103,1.44474923649,1.29118380829
2010-09-10,20,0.763619262005,1.4667229236,1.44474923649,1.29118380829
2010-09-13,1,0.00508902363537,1.4146092337,1.43157962056,1.34431932517
2010-09-13,20,0.702367112777,1.45508480276,1.43157962056,1.34431932517
2010-09-14,1,0.12495403496,1.30187785222,1.34599018474,1.34456652209
2010-09-14,20,0.709376365456,1.34944663127,1.34599018474,1.34456652209
2010-09-15,1,0.00132794688818,1.20925966719,1.27272801575,1.27738532873
2010-09-15,20,0.728303750076,1.26265610688,1.27272801575,1.27738532873
2010-09-16,1,0.00683125582145,1.11470300176,1.19644401162,1.27635403754
2010-09-16,20,0.73489142214,1.17404907387,1.19644401162,1.27635403754
2010-09-17,1,2.27867716469,1.0291166342,1.12506724627,1.1308249558
2010-09-17,20,0.736601048511,1.09384791556,1.12506724627,1.1308249558
2010-09-20,1,0.0659109665968,1.14008934578,1.19428384138,1.23802526711
2010-09-20,20,0.648714315541,1.19783807502,1.19428384138,1.23802526711
2010-09-21,1,0.233982406434,1.05712865117,1.12658146889,1.23312567658
2010-09-21,20,0.773493082459,1.12009737878,1.12658146889,1.23312567658
2010-09-22,1,0.699939747135,0.995608235579,1.07302552514,1.13797060269
2010-09-22,20,0.816594807523,1.06244791039,1.07302552514,1.13797060269
2010-09-23,1,4.39863186575,0.978360495223,1.05064037846,1.16757544368
2010-09-23,20,0.783168409303,1.04628542103,1.05064037846,1.16757544368
2010-09-24,1,0.323027767716,1.2701301622,1.2515198677,1.35775053965
2010-09-24,20,0.566084289459,1.31969654856,1.2515198677,1.35775053965
2010-09-27,1,0.234126377167,1.19683564143,1.1958103417,1.23858899165
2010-09-27,20,0.552232706093,1.2510138175,1.1958103417,1.23858899165
2010-09-28,1,0.0671386597309,1.12304648803,1.13810930383,1.14035145674
2010-09-28,20,0.540526529788,1.18137565812,1.13810930383,1.14035145674
2010-09-29,1,0.0953875013608,1.04209659987,1.07385106518,1.14363205942
2010-09-29,20,0.540798979592,1.10560921765,1.07385106518,1.14363205942
2010-09-30,1,0.194191314497,0.970749288409,1.01514325135,0.725644057795
2010-09-30,20,0.536661536721,1.03883047404,1.01514325135,0.725644057795
2010-10-01,1,0.650827252586,0.913979463274,0.965886135143,0.694494152509
2010-10-01,20,0.527048500064,0.985695779547,0.965886135143,0.694494152509
2010-10-04,1,4.26287150287,0.900081031367,0.94698260219,0.640805631769
2010-10-04,20,0.494954676527,0.972687303098,0.94698260219,0.640805631769
2010-10-05,1,0.00451893790836,1.18624290788,1.14593593623,0.787392352863
2010-10-05,20,0.311682419385,1.24052543449,1.14593593623,0.787392352863
2010-10-06,1,0.0271549393286,1.09444050902,1.07745091633,0.767022555944
2010-10-06,20,0.318195717991,1.15460139993,1.07745091633,0.767022555944
2010-10-07,1,0.372540937445,1.0127504194,1.01443315771,0.756760959773
2010-10-07,20,0.499229685492,1.07814215517,1.01443315771,0.756760959773
2010-10-08,1,0.000212653019515,0.966965084798,0.975919624495,0.763619262005
2010-10-08,20,0.488266560617,1.03528858357,0.975919624495,0.763619262005
2010-10-11,1,0.145274077215,0.894487676397,0.917377206206,0.702367112777
2010-10-11,20,0.490509937942,0.967452106287,0.917377206206,0.702367112777
2010-10-12,1,0.503501727358,0.840515930023,0.871051018467,0.709376365456
2010-10-12,20,0.515928993948,0.916936321748,0.871051018467,0.709376365456
2010-10-13,1,0.133081388179,0.821023433271,0.848998061,0.728303750076
2010-10-13,20,0.500287215331,0.898691984068,0.848998061,0.728303750076
2010-10-14,1,0.041023783238,0.772636792701,0.806043060631,0.73489142214
2010-10-14,20,0.50266928362,0.853403675392,0.806043060631,0.73489142214
2010-10-15,1,0.520942505291,0.720977454089,0.760141903988,0.736601048511
2010-10-15,20,0.571170638206,0.80505222868,0.760141903988,0.736601048511
2010-10-18,1,2.56148630496,0.713656928226,0.745789940066,0.648714315541
2010-10-18,20,0.54586549092,0.798200456558,0.745789940066,0.648714315541
2010-10-19,1,1.09601690771,0.875801110772,0.854731721959,0.773493082459
2010-10-19,20,0.551258869526,0.94996209371,0.854731721959,0.773493082459
2010-10-20,1,0.0314117827422,0.902158483968,0.869208833104,0.816594807523
2010-10-20,20,0.49648052591,0.9746317306,0.869208833104,0.816594807523
2010-10-21,1,0.0569494688589,0.838078782735,0.818941010083,0.783168409303
2010-10-21,20,0.611047630148,0.914655231816,0.818941010083,0.783168409303
2010-10-22,1,0.0459961003892,0.781863192841,0.773221517609,0.566084289459
2010-10-22,20,0.611418726617,0.862039283332,0.773221517609,0.566084289459
2010-10-25,1,2.85108026304e-06,0.729787084474,0.729587992576,0.552232706093
2010-10-25,20,0.610361769386,0.813297753799,0.729587992576,0.552232706093
2010-10-26,1,0.0725876557976,0.679807843164,0.685812884086,0.540526529788
2010-10-26,20,0.713854965825,0.761290780988,0.685812884086,0.540526529788
2010-10-27,1,0.0126386439542,0.639721862867,0.649019370389,0.540798979592
2010-10-27,20,0.819933853552,0.723811308369,0.649019370389,0.540798979592
2010-10-28,1,0.00193058135663,0.598318142876,0.610836526803,0.536661536721
2010-10-28,20,0.847401362845,0.685099779344,0.610836526803,0.536661536721
2010-10-29,1,0.0089507818441,0.559688889973,0.574302170076,0.527048500064
2010-10-29,20,0.848256771961,0.648982313442,0.574302170076,0.527048500064
2010-11-01,1,0.597426360016,0.525021863348,0.540381086782,0.494954676527
2010-11-01,20,0.86634546176,0.616569438279,0.540381086782,0.494954676527
2010-11-02,1,0.134784910032,0.540923418846,0.543803803176,0.311682419385
2010-11-02,20,1.06516794967,0.631437028131,0.543803803176,0.311682419385
2010-11-03,1,3.64783428935,0.518067343143,0.519262669588,0.318195717991
2010-11-03,20,1.13954556442,0.610067121317,0.519262669588,0.318195717991
2010-11-04,1,0.153278439955,0.780911592972,0.706976966773,0.499229685492
2010-11-04,20,0.960533470408,0.855820469289,0.706976966773,0.499229685492
2010-11-05,1,0.0450801995176,0.738455165772,0.673755055164,0.488266560617
2010-11-05,20,0.953713355566,0.816124683157,0.673755055164,0.488266560617
2010-11-08,1,0.653655197331,0.690993050428,0.636034563825,0.490509937942
2010-11-08,20,0.951591931097,0.771748693363,0.636034563825,0.490509937942
2010-11-09,1,0.190666155026,0.69684724259,0.637091801836,0.515928993948
2010-11-09,20,0.925735409389,0.77722222883,0.637091801836,0.515928993948
2010-11-10,1,0.180722753945,0.664798847644,0.610306263027,0.500287215331
2010-11-10,20,0.923557185191,0.747257714253,0.610306263027,0.500287215331
2010-11-11,1,1.41105087497,0.634764382268,0.584531252482,0.50266928362
2010-11-11,20,0.932423402744,0.719176177657,0.584531252482,0.50266928362
2010-11-12,1,0.0148395595727,0.706723224347,0.634122429832,0.571170638206
2010-11-12,20,0.861872026365,0.786456045368,0.634122429832,0.571170638206
2010-11-15,1,2.66935387707,0.659608148738,0.596965457616,0.54586549092
2010-11-15,20,0.861544591467,0.742404529772,0.596965457616,0.54586549092
2010-11-16,1,0.000450035391245,0.830995846179,0.721308762784,0.551258869526
2010-11-16,20,0.741264178677,0.902648097872,0.721308762784,0.551258869526
2010-11-17,1,2.3227538675,0.771795817353,0.67805723914,0.49648052591
2010-11-17,20,0.76025173672,0.847297428061,0.67805723914,0.49648052591
2010-11-18,1,0.0643713982453,0.905333575879,0.776739036842,0.611047630148
2010-11-18,20,0.644463871377,0.972152170974,0.776739036842,0.611047630148
2010-11-19,1,0.0248569557662,0.844761509445,0.733996978526,0.611418726617
2010-11-19,20,0.644484097638,0.915518677453,0.733996978526,0.611418726617
2010-11-22,1,2.06986677986,0.786322493791,0.69144857716,0.610361769386
2010-11-22,20,0.661313284875,0.860879537511,0.69144857716,0.610361769386
2010-11-23,1,2.19416541033,0.90343612641,0.774153669322,0.713854965825
2010-11-23,20,0.56351140352,0.974914115315,0.774153669322,0.713854965825
2010-11-24,1,0.56198882981,1.01411022006,0.859354373783,0.819933853552
2010-11-24,20,0.45515726726,1.07835552002,0.859354373783,0.819933853552
2010-11-26,1,0.019038763682,0.985150968514,0.841512441145,0.847401362845
2010-11-26,20,0.42724540979,1.05128879138,0.841512441145,0.847401362845
2010-11-29,1,0.370724577815,0.915454130365,0.792164020497,0.848256771961
2010-11-29,20,0.426590712611,0.986146727842,0.792164020497,0.848256771961
2010-11-30,1,4.57387611828,0.879825797234,0.766877653936,0.86634546176
2010-11-30,20,0.408563157526,0.952846750362,0.766877653936,0.86634546176
2010-12-01,1,1.62233720501,1.18212252502,0.995297561797,1.06516794967
2010-12-01,20,0.18100843194,1.23538801297,0.995297561797,1.06516794967
2010-12-02,1,0.0675924090623,1.22304228949,1.03291994039,1.13954556442
2010-12-02,20,0.0999097754692,1.2736336202,1.03291994039,1.13954556442
2010-12-03,1,0.0168761431109,1.13655460775,0.97500028851,0.960533470408
2010-12-03,20,0.159825965016,1.19279801547,0.97500028851,0.960533470408
2010-12-06,1,0.00265171014728,1.05353744814,0.917512839786,0.953713355566
2010-12-06,20,0.159845356857,1.11520612996,0.917512839786,0.953713355566
2010-12-07,1,0.136524763175,0.976596436005,0.862621172008,0.951591931097
2010-12-07,20,0.172186165893,1.04329330816,0.862621172008,0.951591931097
2010-12-08,1,0.147101671059,0.917001640582,0.819055387478,0.925735409389
2010-12-08,20,0.167618195795,0.987593106352,0.819055387478,0.925735409389
2010-12-09,1,0.358047105006,0.863424693248,0.778738164493,0.923557185191
2010-12-09,20,0.16196786709,0.937517478815,0.778738164493,0.923557185191
2010-12-10,1,2.33474029812e-05,0.83130473667,0.753496700923,0.932423402744
2010-12-10,20,0.145013955302,0.907496601139,0.753496700923,0.932423402744
2010-12-13,1,0.00829086159521,0.77345325439,0.708288299712,0.861872026365
2010-12-13,20,0.151925316822,0.853425784804,0.708288299712,0.861872026365
2010-12-14,1,0.263745621277,0.721284258446,0.666288453425,0.861544591467
2010-12-14,20,0.191716594088,0.804666097291,0.666288453425,0.861544591467
2010-12-15,1,0.380201196268,0.693995683058,0.642135883496,0.741264178677
2010-12-15,20,0.17999514669,0.779160864067,0.642135883496,0.741264178677
2010-12-16,1,0.00699656063474,0.678353947777,0.626419802263,0.76025173672
2010-12-16,20,0.188050830386,0.76454133554,0.626419802263,0.76025173672
2010-12-17,1,0.0647759234659,0.634340363956,0.589254407765,0.644463871377
2010-12-17,20,0.188646953328,0.723404093878,0.589254407765,0.644463871377
2010-12-20,1,0.361440700494,0.598751777781,0.557785698707,0.644484097638
2010-12-20,20,0.23709378729,0.690141265841,0.557785698707,0.644484097638
2010-12-21,1,0.113829152776,0.589886621354,0.546004998814,0.661313284875
2010-12-21,20,0.219861299017,0.681855458356,0.546004998814,0.661313284875
2010-12-22,1,0.0270826851324,0.557994676242,0.520074448052,0.56351140352
2010-12-22,20,0.217075428208,0.653161607178,0.520074448052,0.56351140352
2010-12-23,1,0.00375168040535,0.525641291102,0.490494942277,0.45515726726
2010-12-23,20,0.232653508851,0.623089526506,0.490494942277,0.45515726726
2010-12-27,1,0.00594482010385,0.494267498549,0.461290346564,0.42724540979
2010-12-27,20,0.232500621927,0.59392796531,0.461290346564,0.42724540979
2010-12-28,1,0.0101734761073,0.465846424001,0.433969614977,0.426590712611
2010-12-28,20,0.241073954635,0.567510919833,0.433969614977,0.426590712611
2010-12-29,1,0.0227816065582,0.440281097496,0.408541846645,0.408563157526
2010-12-29,20,0.24307809441,0.543748257665,0.408541846645,0.408563157526
2010-12-30,1,0.000364075603303,0.417995084321,0.385396232239,0.18100843194
2010-12-30,20,0.404187607012,0.523033677625,0.385396232239,0.18100843194
2010-12-31,1,1.2659162,0.395871690727,0.362294302841,0.0999097754692
2010-12-31,20,0.433303418831,0.502470250521,0.362294302841,0.0999097754692
2011-01-03,1,0.0172639799278,0.477835398643,0.416511616671,0.159825965016
2011-01-03,20,0.50705473052,0.578654526941,0.416511616671,0.159825965016
2011-01-04,1,0.249467890875,0.45178157424,0.392556758466,0.159845356857
2011-01-04,20,0.509907697237,0.554437811877,0.392556758466,0.159845356857
2011-01-05,1,0.0451653612145,0.446771613455,0.383971426411,0.172186165893
2011-01-05,20,0.5001989196,0.549781113846,0.383971426411,0.172186165893
2011-01-06,1,0.0340950969532,0.425717729262,0.363643062499,0.167618195795
2011-01-06,20,0.502088171407,0.530211782811,0.363643062499,0.167618195795
2011-01-07,1,0.018968869237,0.405633176498,0.343870184566,0.16196786709
2011-01-07,20,0.519732483057,0.51154343363,0.343870184566,0.16196786709
2011-01-10,1,0.138250577803,0.386104880184,0.324376105647,0.145013955302
2011-01-10,20,0.527503612685,0.4933921181,0.324376105647,0.145013955302
2011-01-11,1,0.804116406923,0.377930317717,0.313208573976,0.151925316822
2011-01-11,20,0.524482165942,0.485793961033,0.313208573976,0.151925316822
2011-01-12,1,0.0293166733202,0.424214209652,0.342663043953,0.191716594088
2011-01-12,20,0.484557005062,0.528814279496,0.342663043953,0.191716594088
2011-01-13,1,0.541314870192,0.403877059968,0.323862261715,0.17999514669
2011-01-13,20,0.498173639598,0.509911144529,0.323862261715,0.17999514669
2011-01-14,1,0.0189190194739,0.426657340453,0.336909418223,0.188050830386
2011-01-14,20,0.473945059715,0.531085140063,0.336909418223,0.188050830386
2011-01-18,1,1.0337126027,0.405264951379,0.317829994298,0.188646953328
2011-01-18,20,0.478248409954,0.51120117283,0.317829994298,0.188646953328
2011-01-19,1,0.0167909350341,0.467658830281,0.360782950802,0.23709378729
2011-01-19,20,0.446018719425,0.569195529577,0.360782950802,0.23709378729
2011-01-20,1,0.0581117365903,0.442467182326,0.340143429856,0.219861299017
2011-01-20,20,0.449894603747,0.545780197107,0.340143429856,0.219861299017
2011-01-21,1,0.338644297998,0.416187252765,0.32322152826,0.217075428208
2011-01-21,20,0.44883773667,0.520769982658,0.32322152826,0.217075428208
2011-01-24,1,0.000693941919034,0.421229816579,0.324146894445,0.232653508851
2011-01-24,20,0.647025054251,0.525474218191,0.324146894445,0.232653508851
2011-01-25,1,0.177411474275,0.397661685148,0.304739717293,0.232500621927
2011-01-25,20,0.665783190425,0.503487378677,0.304739717293,0.232500621927
2011-01-26,1,0.0502562716033,0.390952535408,0.297100022712,0.241073954635
2011-01-26,20,0.657407501821,0.497228375963,0.297100022712,0.241073954635
2011-01-27,1,3.24497185861,0.374258974655,0.282289397645,0.24307809441
2011-01-27,20,0.709969805267,0.481654861266,0.282289397645,0.24307809441
2011-01-28,1,0.582680311981,0.625219341861,0.460050345303,0.404187607012
2011-01-28,20,0.563098495397,0.715777168939,0.460050345303,0.404187607012
2011-01-31,1,2.74094243377,0.631635445444,0.467408143304,0.433303418831
2011-01-31,20,0.659811399622,0.721762787281,0.467408143304,0.433303418831
2011-02-01,1,0.0743233142691,0.817266618024,0.603820200732,0.50705473052
2011-02-01,20,0.524066611133,0.894939129763,0.603820200732,0.50705473052
2011-02-02,1,0.0552923381482,0.763917432089,0.572050387544,0.509907697237
2011-02-02,20,0.666084456651,0.845169380608,0.572050387544,0.509907697237
2011-02-03,1,0.0829503973401,0.713820849886,0.54104490458,0.5001989196
2011-02-03,20,0.690739738709,0.798434003376,0.54104490458,0.5001989196
2011-02-04,1,0.386981329954,0.670571399623,0.513559234146,0.502088171407
2011-02-04,20,0.721672709852,0.75808635321,0.513559234146,0.502088171407
2011-02-07,1,0.174391461798,0.656571757272,0.505964559894,0.519732483057
2011-02-07,20,0.741778922741,0.745026009818,0.505964559894,0.519732483057
2011-02-08,1,0.0778216429469,0.626131597583,0.486070174009,0.527503612685
2011-02-08,20,0.733987731807,0.716628217323,0.486070174009,0.527503612685
2011-02-09,1,0.00561318931893,0.59040704491,0.461575262145,0.524482165942
2011-02-09,20,0.911572293553,0.683300585532,0.461575262145,0.524482165942
2011-02-10,1,0.301649364053,0.551906773944,0.434217537775,0.484557005062
2011-02-10,20,0.936182129467,0.647383470869,0.434217537775,0.484557005062
2011-02-11,1,0.0567432725151,0.541559614545,0.426263447352,0.498173639598
2011-02-11,20,0.939508134444,0.637730548923,0.426263447352,0.498173639598
2011-02-14,1,0.104986024257,0.511748563796,0.404092236862,0.473945059715
2011-02-14,20,1.00010468699,0.609919655621,0.404092236862,0.473945059715
2011-02-15,1,0.389118792112,0.488659874117,0.386145864105,0.478248409954
2011-02-15,20,1.18865385853,0.588380089955,0.386145864105,0.478248409954
2011-02-16,1,0.094308621478,0.491335057744,0.386324239786,0.446018719425
2011-02-16,20,1.25776620274,0.590875783483,0.386324239786,0.446018719425
2011-02-17,1,0.0369743950514,0.469208084439,0.368803302687,0.449894603747
2011-02-17,20,1.26229981231,0.570233408316,0.368803302687,0.449894603747
2011-02-18,1,4.30239064963,0.44974722412,0.348893568229,0.44883773667
2011-02-18,20,1.37107896557,0.555829816001,0.348893568229,0.44883773667
2011-02-22,1,0.375856665393,0.780842045404,0.586103393113,0.647025054251
2011-02-22,20,1.16228514976,0.863119445914,0.586103393113,0.647025054251
2011-02-23,1,0.00989770219381,0.756346934309,0.57348858945,0.665783190425
2011-02-23,20,1.14772561649,0.840385494371,0.57348858945,0.665783190425
2011-02-24,1,1.10150234052,0.703738338476,0.539673136215,0.657407501821
2011-02-24,20,1.19045149373,0.791559372956,0.539673136215,0.657407501821
2011-02-25,1,0.307545661214,0.746403939789,0.573382888473,0.709969805267
2011-02-25,20,1.14035702128,0.831157385353,0.573382888473,0.709969805267
2011-02-28,1,2.51693839648,0.719373933449,0.557432654838,0.563098495397
2011-02-28,20,1.1287654404,0.806070793504,0.557432654838,0.563098495397
2011-03-01,1,0.0260466639764,0.877960845647,0.675002999336,0.659811399622
2011-03-01,20,1.02766581874,0.953255558791,0.675002999336,0.659811399622
2011-03-02,1,2.91468022463,0.815644241241,0.636065619215,0.524066611133
2011-03-02,20,1.04855768967,0.895419419189,0.636065619215,0.524066611133
2011-03-03,1,0.548397979318,0.998459792717,0.77278249554,0.666084456651
2011-03-03,20,0.904500283229,1.0650908231,0.77278249554,0.666084456651
2011-03-04,1,0.7016098202,0.96850131856,0.759319424566,0.690739738709
2011-03-04,20,0.889335163592,1.03728631562,0.759319424566,0.690739738709
2011-03-07,1,0.789105587719,0.953965586692,0.755856848304,0.721672709852
2011-03-07,20,0.854314236906,1.02379567976,0.755856848304,0.721672709852
2011-03-08,1,0.0185676431329,0.94800372333,0.757851772669,0.741778922741
2011-03-08,20,0.814875170385,1.0182624649,0.757851772669,0.741778922741
2011-03-09,1,3.62951287785,0.878704764824,0.713494724897,0.733987731807
2011-03-09,20,0.816325816002,0.953945991361,0.713494724897,0.733987731807
2011-03-10,1,0.497809907602,1.11505281999,0.888455814074,0.911572293553
2011-03-10,20,0.636007140088,1.17330099704,0.888455814074,0.911572293553
2011-03-11,1,0.368169463598,1.07030981789,0.865017059686,0.936182129467
2011-03-11,20,0.619166654624,1.13177494567,0.865017059686,0.936182129467
2011-03-14,1,1.26867432334,1.01888367042,0.835206203921,0.939508134444
2011-03-14,20,0.604670592337,1.08404625646,0.835206203921,0.939508134444
2011-03-15,1,3.87596945508,1.04678188193,0.861214291086,1.00010468699
2011-03-15,20,0.571712245819,1.10993863091,0.861214291086,1.00010468699
2011-03-16,1,1.77136567631,1.28829426444,1.04209960093,1.18865385853
2011-03-16,20,0.377931864412,1.33408665701,1.04209960093,1.18865385853
2011-03-17,1,0.184980812929,1.33339440401,1.08585556545,1.25776620274
2011-03-17,20,0.28936708119,1.37594416822,1.08585556545,1.25776620274
2011-03-18,1,2.21255746033,1.24288442451,1.0318030803,1.26229981231
2011-03-18,20,0.287792340119,1.29194171239,1.0318030803,1.26229981231
2011-03-21,1,0.126514333295,1.35075409934,1.1026483431,1.37107896557
2011-03-21,20,0.238536562438,1.40542532933,1.1026483431,1.37107896557
2011-03-22,1,0.0846660001114,1.25370696541,1.04408030251,1.16228514976
2011-03-22,20,0.248540373687,1.31567879115,1.04408030251,1.16228514976
2011-03-23,1,0.864415246942,1.16211553089,0.986515444367,1.14772561649
2011-03-23,20,0.334414802993,1.23097753473,0.986515444367,1.14772561649
2011-03-24,1,0.0996128914844,1.14466184371,0.979189432521,1.19045149373
2011-03-24,20,0.305043143584,1.21483684165,0.979189432521,1.19045149373
2011-03-25,1,0.075714043663,1.06441901516,0.926414840059,1.14035702128
2011-03-25,20,0.301332820654,1.140630466,0.926414840059,1.14035702128
2011-03-28,1,0.494945963322,0.989588515605,0.875372792275,1.1287654404
2011-03-28,20,0.337504518237,1.07142926434,0.875372792275,1.1287654404
2011-03-29,1,0.443884082462,0.956985655595,0.852547182538,1.02766581874
2011-03-29,20,0.332166148443,1.04127903009,0.852547182538,1.02766581874
2011-03-30,1,0.0335320958968,0.923099603365,0.828027396534,1.04855768967
2011-03-30,20,0.316270065282,1.00994213474,0.828027396534,1.04855768967
2011-03-31,1,0.245095586584,0.857793215533,0.780357678495,0.904500283229
2011-03-31,20,0.317233907854,0.949548571407,0.780357678495,0.904500283229
2011-04-01,1,0.00119128647342,0.81634541144,0.748241952981,0.889335163592
2011-04-01,20,0.306517823494,0.911218774513,0.748241952981,0.889335163592
2011-04-04,1,0.000324257298237,0.758193545454,0.70341891299,0.854314236906
2011-04-04,20,0.312187460936,0.857441517526,0.70341891299,0.854314236906
2011-04-05,1,0.0475805554717,0.705349448707,0.661233233649,0.814875170385
2011-04-05,20,0.33583097872,0.808572740525,0.661233233649,0.814875170385
2011-04-06,1,0.0231393595757,0.661374467294,0.624414072958,0.816325816002
2011-04-06,20,0.374959090204,0.767905879087,0.624414072958,0.816325816002
2011-04-07,1,0.16100019833,0.619410286163,0.588337590155,0.636007140088
2011-04-07,20,0.381070245532,0.729098550815,0.588337590155,0.636007140088
2011-04-08,1,0.0782482178516,0.592938326464,0.562697346646,0.619166654624
2011-04-08,20,0.383298224666,0.704618005684,0.562697346646,0.619166654624
2011-04-11,1,0.609507392985,0.561947255092,0.533630398918,0.604670592337
2011-04-11,20,0.411719607797,0.675958309538,0.533630398918,0.604670592337
2011-04-12,1,0.000361826936199,0.578561201701,0.538183018562,0.571712245819
2011-04-12,20,0.443669908769,0.691322433478,0.538183018562,0.571712245819
2011-04-13,1,7.00118612641e-05,0.542341617784,0.505913747064,0.377931864412
2011-04-13,20,0.455576072645,0.657827551771,0.505913747064,0.377931864412
2011-04-14,1,0.153485991508,0.509448851784,0.475563122952,0.28936708119
2011-04-14,20,0.488377953121,0.627409220387,0.475563122952,0.28936708119
2011-04-15,1,1.2274419067,0.492518831662,0.456238495066,0.287792340119
2011-04-15,20,0.500070990389,0.611752800296,0.456238495066,0.287792340119
2011-04-18,1,0.326590558293,0.558840093596,0.502510699764,0.238536562438
2011-04-18,20,0.438766838548,0.675492641446,0.502510699764,0.238536562438
2011-04-19,1,1.80215458623,0.55150813198,0.491955491275,0.248540373687
2011-04-19,20,0.460852307107,0.668765225663,0.491955491275,0.248540373687
2011-04-20,1,0.276982058753,0.673838793374,0.570567436973,0.334414802993
2011-04-20,20,0.373111135841,0.781009296926,0.570567436973,0.334414802993
2011-04-21,1,0.0254064328933,0.65106737248,0.55295231428,0.305043143584
2011-04-21,20,0.389045598964,0.760115459188,0.55295231428,0.305043143584
2011-04-25,1,0.799147995313,0.608508637798,0.521299561396,0.301332820654
2011-04-25,20,0.459742459151,0.721065840768,0.521299561396,0.301332820654
2011-04-26,1,0.38817856744,0.63767923603,0.537970467431,0.337504518237
2011-04-26,20,0.420127621774,0.747831221331,0.537970467431,0.337504518237
2011-04-27,1,0.125962419245,0.628117144924,0.528982953432,0.332166148443
2011-04-27,20,0.40576889502,0.739057558021,0.528982953432,0.332166148443
2011-04-28,1,0.0528089473467,0.59656236644,0.504801721381,0.316270065282
2011-04-28,20,0.407253559929,0.710104581192,0.504801721381,0.316270065282
2011-04-29,1,0.0307738993675,0.561661306072,0.477682154939,0.317233907854
2011-04-29,20,0.412906210329,0.678081235103,0.477682154939,0.317233907854
2011-05-02,1,0.114584035325,0.528204489462,0.450867659604,0.306517823494
2011-05-02,20,0.466881856402,0.647383049832,0.450867659604,0.306517823494
2011-05-03,1,0.473194612976,0.505302642192,0.430690642148,0.312187460936
2011-05-03,20,0.726763008611,0.626369539828,0.430690642148,0.312187460936
2011-05-04,1,0.830142785148,0.515952366811,0.433240880397,0.33583097872
2011-05-04,20,0.703854308624,0.63614115747,0.433240880397,0.33583097872
2011-05-05,1,0.145362466144,0.55676872017,0.457054994682,0.374959090204
2011-05-05,20,0.710185968745,0.67359205999,0.457054994682,0.374959090204
2011-05-06,1,0.20555978101,0.5337986129,0.43835344297,0.381070245532
2011-05-06,20,0.761437989808,0.652515918261,0.43835344297,0.381070245532
2011-05-09,1,0.64667588047,0.518307296864,0.424385823252,0.383298224666
2011-05-09,20,0.751617796112,0.638301915318,0.424385823252,0.383298224666
2011-05-10,1,1.24851341241,0.542862453658,0.437723226685,0.411719607797
2011-05-10,20,0.728085802058,0.660832413704,0.437723226685,0.411719607797
2011-05-11,1,0.238485104463,0.617643295686,0.486370637829,0.443669908769
2011-05-11,20,0.692674390089,0.72944731422,0.486370637829,0.443669908769
2011-05-12,1,0.656107621392,0.596933595451,0.471497505827,0.455576072645
2011-05-12,20,0.779851974992,0.710445201074,0.471497505827,0.455576072645
2011-05-13,1,0.38734673686,0.614721056987,0.482574112761,0.488377953121
2011-05-13,20,0.747270061814,0.726766024305,0.482574112761,0.488377953121
2011-05-16,1,0.00135886988171,0.607303056328,0.476860470207,0.500070990389
2011-05-16,20,0.806439685184,0.719959663699,0.476860470207,0.500070990389
2011-05-17,1,0.768299929471,0.558963669287,0.448330374187,0.438766838548
2011-05-17,20,0.960997869138,0.665753765093,0.448330374187,0.438766838548
2011-05-18,1,0.0473311609074,0.588711211799,0.467528547504,0.460852307107
2011-05-18,20,0.924119023036,0.69306649388,0.467528547504,0.460852307107
2011-05-19,1,0.595671321211,0.554054940973,0.442316704309,0.373111135841
2011-05-19,20,0.926374451554,0.661246812457,0.442316704309,0.373111135841
2011-05-20,1,1.43934363664,0.569518895409,0.451517981323,0.389045598964
2011-05-20,20,0.911066793036,0.675445053986,0.451517981323,0.389045598964
2011-05-23,1,0.00685124777578,0.655595652471,0.510787520642,0.459742459151
2011-05-23,20,0.927999776825,0.754476493963,0.510787520642,0.459742459151
2011-05-24,1,0.101004032364,0.611159105891,0.48055134427,0.420127621774
2011-05-24,20,0.948713758972,0.713677044917,0.48055134427,0.420127621774
2011-05-25,1,0.155655717412,0.578966245835,0.457778505555,0.40576889502
2011-05-25,20,0.947673649128,0.684119145967,0.457778505555,0.40576889502
2011-05-26,1,0.165861955347,0.554485207239,0.439651138267,0.407253559929
2011-05-26,20,1.00945278606,0.661641861757,0.439651138267,0.407253559929
2011-05-27,1,1.11028682084,0.533190096019,0.423223787291,0.412906210329
2011-05-27,20,1.04295267654,0.642089739191,0.423223787291,0.412906210329
2011-05-31,1,5.31220707949,0.594589592402,0.464447569305,0.466881856402
2011-05-31,20,1.07014476092,0.698463733502,0.464447569305,0.466881856402
2011-06-01,1,0.0150206132299,1.00915335575,0.755313139916,0.726763008611
2011-06-01,20,0.838554384545,1.07909576819,0.755313139916,0.726763008611
2011-06-02,1,0.956775987583,0.93199548824,0.710895588315,0.703854308624
2011-06-02,20,0.888489407172,1.00825321344,0.710895588315,0.703854308624
2011-06-03,1,1.1704028874,0.942584473132,0.725648412271,0.710185968745
2011-06-03,20,0.942993859603,1.01797549797,0.725648412271,0.710185968745
2011-06-06,1,0.00915590709935,0.970422596177,0.752333680778,0.761437989808
2011-06-06,20,0.885367596728,1.04353509182,0.752333680778,0.761437989808
2011-06-07,1,0.176035999381,0.896424645436,0.707743014358,0.751617796112
2011-06-07,20,0.885410859752,0.975593817056,0.707743014358,0.751617796112
2011-06-08,1,0.540285173032,0.843677661644,0.675840593459,0.728085802058
2011-06-08,20,0.930684721948,0.927164133762,0.675840593459,0.728085802058
2011-06-09,1,1.98203680253,0.827034086543,0.667707268233,0.692674390089
2011-06-09,20,0.928068775778,0.911882822622,0.667707268233,0.692674390089
2011-06-10,1,0.00446935783074,0.935131816079,0.746567040291,0.779851974992
2011-06-10,20,0.995610751259,1.01113283523,0.746567040291,0.779851974992
2011-06-13,1,1.57073920425,0.864069275331,0.702041179344,0.747270061814
2011-06-13,20,1.00525905109,0.945886709381,0.702041179344,0.747270061814
2011-06-14,1,3.09252254895,0.933529394315,0.754163060838,0.806439685184
2011-06-14,20,0.931530275443,1.00966157047,0.754163060838,0.806439685184
2011-06-15,1,0.0307230074349,1.1369374676,0.894464630125,0.960997869138
2011-06-15,20,0.799609741906,1.2031694158,0.894464630125,0.960997869138
2011-06-16,1,0.0924397312665,1.04865663183,0.842640132764,0.924119023036
2011-06-16,20,0.813414159673,1.12208452724,0.842640132764,0.924119023036
2011-06-17,1,0.289518150853,0.974143032701,0.797628108674,0.926374451554
2011-06-17,20,0.842110417091,1.05364468039,0.797628108674,0.926374451554
2011-06-20,1,1.77800331241,0.92378442336,0.767141511205,0.911066793036
2011-06-20,20,0.958484594897,1.00739090186,0.767141511205,0.911066793036
2011-06-21,1,0.421130890721,1.0069218182,0.827793219277,0.927999776825
2011-06-21,20,0.86980958897,1.08375160163,0.827793219277,0.927999776825
2011-06-22,1,0.080201835487,0.964811088788,0.803393479564,0.948713758972
2011-06-22,20,0.939275092757,1.04507340186,0.803393479564,0.948713758972
2011-06-23,1,1.39123845608,0.897247404675,0.760001980919,0.947673649128
2011-06-23,20,0.935676724218,0.983016968566,0.760001980919,0.947673649128
2011-06-24,1,0.835859765005,0.949481713264,0.797876169429,1.00945278606
2011-06-24,20,0.882126914883,1.03099355435,0.797876169429,1.00945278606
2011-06-27,1,1.65412850842,0.948712191287,0.800155185163,1.04295267654
2011-06-27,20,0.848794038937,1.03028675765,0.800155185163,1.04295267654
2011-06-28,1,0.680399551936,1.01875923699,0.851393584558,1.07014476092
2011-06-28,20,0.97657612915,1.09462412876,0.851393584558,1.07014476092
2011-06-29,1,1.01372106578,0.997932897502,0.841133942601,0.838554384545
2011-06-29,20,0.947802383051,1.0754953858,0.841133942601,0.838554384545
2011-06-30,1,2.04686503619,1.00791281226,0.851489169991,0.888489407172
2011-06-30,20,0.918056015329,1.08466181778,0.851489169991,0.888489407172
2011-07-01,1,0.017877629908,1.10625958059,0.923211721963,0.942993859603
2011-07-01,20,0.824286127876,1.17499214462,0.923211721963,0.942993859603
2011-07-05,1,0.0100211675817,1.01979819304,0.86889167644,0.885367596728
2011-07-05,20,1.15851005592,1.09557839744,0.86889167644,0.885367596728
2011-07-06,1,1.0815132433,0.940915350055,0.817359445909,0.885410859752
2011-07-06,20,1.17052473225,1.02312545251,0.817359445909,0.885410859752
2011-07-07,1,0.487966249638,0.962201851755,0.833208673752,0.930684721948
2011-07-07,20,2.3170301686,1.04267684895,0.833208673752,0.930684721948
2011-07-08,1,3.33287631215,0.930140468096,0.812494128305,0.928068775778
2011-07-08,20,2.29279721634,1.0132288527,0.812494128305,0.928068775778
2011-07-11,1,0.197435354451,1.14709668449,0.963717059335,0.995610751259
2011-07-11,20,4.50378175538,1.21250053463,0.963717059335,0.995610751259
2011-07-12,1,0.0961636913157,1.07225860438,0.917740157042,1.00525905109
2011-07-12,20,5.56656266099,1.14376265588,0.917740157042,1.00525905109
2011-07-13,1,0.454111878209,0.995812776668,0.868445569099,0.931530275443
2011-07-13,20,6.58132263531,1.07354808025,0.868445569099,0.931530275443
2011-07-14,1,0.306811362779,0.958373217159,0.843585547645,0.799609741906
2011-07-14,20,7.58242518654,1.03802766417,0.843585547645,0.799609741906
2011-07-15,1,0.666364879617,0.911947796525,0.811379096553,0.813414159673
2011-07-15,20,7.58085471476,0.995281921288,0.811379096553,0.813414159673
2011-07-18,1,2.61700170699,0.900361581925,0.802678243537,0.842110417091
2011-07-18,20,7.77975340893,0.984614029785,0.802678243537,0.842110417091
2011-07-19,1,0.00450319386206,1.05529362606,0.911537651344,0.958484594897
2011-07-19,20,7.6967889145,1.12726616374,0.911537651344,0.958484594897
2011-07-20,1,1.81044096647,0.974157653125,0.857115583895,0.86980958897
2011-07-20,20,7.69701210073,1.05256102611,0.857115583895,0.86980958897
2011-07-21,1,0.00823446469925,1.05377785085,0.91431510685,0.939275092757
2011-07-21,20,8.64701833668,1.12587052883,0.91431510685,0.939275092757
2011-07-22,1,0.320242269366,0.97310020413,0.859950268321,0.935676724218
2011-07-22,20,8.7609554899,1.0515873905,0.859950268321,0.935676724218
2011-07-25,1,0.169202246092,0.926435414182,0.827567788384,0.882126914883
2011-07-25,20,8.74497666047,1.00862125071,0.827567788384,0.882126914883
2011-07-26,1,4.20977031267,0.871328723977,0.788065855846,0.848794038937
2011-07-26,20,9.3047069713,0.957882315478,0.788065855846,0.848794038937
2011-07-27,1,0.104924629962,1.16406117807,0.993368123256,0.97657612915
2011-07-27,20,9.17916952381,1.22741280211,0.993368123256,0.97657612915
2011-07-28,1,0.418793711328,1.08126131535,0.940061513658,0.947802383051
2011-07-28,20,9.29697894049,1.15117565458,0.940061513658,0.947802383051
2011-07-29,1,0.17146728714,1.03283080403,0.908785445518,0.918056015329
2011-07-29,20,9.38866556448,1.10658374445,0.908785445518,0.918056015329
2011-08-01,1,6.70235619079,0.967957600575,0.864546356016,0.824286127876
2011-08-01,20,9.76894866802,1.04685238958,0.864546356016,0.824286127876
2011-08-02,1,0.250314694243,1.46304215421,1.2148149461,1.15851005592
2011-08-02,20,9.43657867118,1.50269655309,1.2148149461,1.15851005592
2011-08-03,1,24.0116219702,1.36458821526,1.15694493099,1.17052473225
2011-08-03,20,9.43611653825,1.41204607104,1.15694493099,1.17052473225
2011-08-04,1,0.00330720444598,3.29054944119,2.52822555334,2.3170301686
2011-08-04,20,8.30684662462,3.18535565532,2.52822555334,2.3170301686
2011-08-05,1,47.5525670929,3.00009202436,2.37673045241,2.29279721634
2011-08-05,20,8.63454093169,2.91791988655,2.37673045241,2.29279721634
2011-08-08,1,21.4530534666,6.76948097175,5.08728065084,4.50378175538
2011-08-08,20,6.28476879573,6.38854715428,5.08728065084,4.50378175538
2011-08-09,1,20.3913631778,7.97255151107,6.06922701979,5.56656266099
2011-08-09,20,5.61097294656,7.49626235084,6.06922701979,5.56656266099
2011-08-10,1,20.4761629027,8.9729725061,6.92855518927,6.58132263531
2011-08-10,20,4.64831739872,8.41739000124,6.92855518927,6.58132263531
2011-08-11,1,0.275401927225,11.1630949186,7.74141165208,7.58242518654
2011-08-11,20,3.99086279178,10.8099440938,7.74141165208,7.58242518654
2011-08-12,1,4.64433876296,10.0441324129,7.29345106859,7.58085471476
2011-08-12,20,4.00118537983,9.74467904469,7.29345106859,7.58085471476
2011-08-15,1,0.957711818529,9.47568086646,7.13450433025,7.77975340893
2011-08-15,20,3.81018007622,9.20350669852,7.13450433025,7.77975340893
2011-08-16,1,0.00896691840612,8.60070894089,6.76389677955,7.6967889145
2011-08-16,20,3.85193732866,8.37052346048,6.76389677955,7.6967889145
2011-08-17,1,20.8105656855,7.72297426609,6.35860098788,7.69701210073
2011-08-17,20,3.99668761936,7.53491005371,6.35860098788,7.69701210073
2011-08-18,1,2.28697752914,9.00151186825,7.22571886973,8.64701833668
2011-08-18,20,2.97235009115,8.752092412,7.22571886973,8.64701833668
2011-08-19,1,0.000665680626513,8.30800369433,6.9293943893,8.7609554899
2011-08-19,20,2.90652180972,8.09186473218,6.9293943893,8.7609554899
2011-08-22,1,11.3638084627,7.46002167002,6.51367066678,8.74497666047
2011-08-22,20,2.90787029005,7.28457618753,6.51367066678,8.74497666047
2011-08-23,1,1.699021363,7.8284263782,6.80467893453,9.3047069713
2011-08-23,20,2.78462400086,7.63530166541,6.80467893453,9.3047069713
2011-08-24,1,2.46111296343,7.19910566971,6.49833948024,9.17916952381
2011-08-24,20,3.22463253472,7.03618118371,6.49833948024,9.17916952381
2011-08-25,1,2.25252619115,6.71116348394,6.25610588923,9.29697894049
2011-08-25,20,3.11996044129,6.57165466577,6.25610588923,9.29697894049
2011-08-26,1,7.77712935805,6.25349021024,6.01589110735,9.38866556448
2011-08-26,20,3.27340093502,6.13594449685,6.01589110735,9.38866556448
2011-08-29,1,0.0549562538697,6.39194954182,6.12156540239,9.76894866802
2011-08-29,20,2.94106062125,6.2677593574,6.12156540239,9.76894866802
2011-08-30,1,0.241072035607,5.74951065219,5.75756885348,9.43657867118
2011-08-30,20,3.15688913546,5.65615021785,5.75756885348,9.43657867118
2011-08-31,1,1.42622369775,5.19265437879,5.42657904441,9.43611653825
2011-08-31,20,3.17749074518,5.12601670364,5.42657904441,9.43611653825
2011-09-01,1,6.55719334581,4.81159604646,5.18655772361,8.30684662462
2011-09-01,20,3.42600384268,4.76324483146,5.18655772361,8.30684662462
2011-09-02,1,0.557124373644,4.97959839819,5.26879586094,8.63454093169
2011-09-02,20,3.51469796168,4.92318498365,5.26879586094,8.63454093169
2011-09-06,1,7.97713648322,4.53453720738,4.9860955717,6.28476879573
2011-09-06,20,3.7341351116,4.49948166128,4.9860955717,6.28476879573
2011-09-07,1,1.13825222096,4.87241263926,5.16555802639,5.61097294656
2011-09-07,20,3.49206348413,4.82114292043,5.16555802639,5.61097294656
2011-09-08,1,7.32707076409,4.49622588259,4.92391967807,4.64831739872
2011-09-08,20,3.59964745074,4.46300884376,4.92391967807,4.64831739872
2011-09-09,1,0.481853688245,4.70912277553,5.06810874323,3.99086279178
2011-09-09,20,3.26688776935,4.60585978488,5.06810874323,3.99086279178
2011-09-12,1,0.824232690588,4.28607133385,4.79293343993,4.00118537983
2011-09-12,20,3.80578570436,4.20966539547,4.79293343993,4.00118537983
2011-09-13,1,1.79285686734,3.94051689633,4.55481139497,3.81018007622
2011-09-13,20,3.76472195931,3.88604818041,4.55481139497,3.81018007622
2011-09-14,1,2.90397273251,3.72536591969,4.38909412331,3.85193732866
2011-09-14,20,3.72258157794,3.68455587611,4.38909412331,3.85193732866
2011-09-15,1,0.323815121204,3.64088747129,4.29998683986,3.99668761936
2011-09-15,20,3.58181748826,3.60544046842,4.29998683986,3.99668761936
2011-09-16,1,0.97041190055,3.31392661893,4.06141653674,2.97235009115
2011-09-16,20,3.71407953051,3.29923644097,4.06141653674,2.97235009115
2011-09-19,1,0.027635287182,3.08406437374,3.87595625857,2.90652180972
2011-09-19,20,3.85685451493,3.08396680019,3.87595625857,2.90652180972
2011-09-20,1,8.8988826789,2.78636768632,3.64505700029,2.90787029005
2011-09-20,20,4.0597564332,2.80516912765,3.64505700029,2.90787029005
2011-09-21,1,10.4991920403,3.3837690362,3.96028654101,2.78462400086
2011-09-21,20,3.69583644243,3.36464497322,3.96028654101,2.78462400086
2011-09-22,1,0.367671094919,4.0746892586,4.35262087096,3.22463253472
2011-09-22,20,3.18120008057,4.01170272714,4.35262087096,3.22463253472
2011-09-23,1,5.3213360656,3.7067274724,4.1135238844,3.11996044129
2011-09-23,20,3.33643076148,3.66710067441,4.1135238844,3.11996044129
2011-09-26,1,1.13032308269,3.85963727963,4.18599261527,3.27340093502
2011-09-26,20,3.15216632597,3.81030313573,4.18599261527,3.27340093502
2011-09-27,1,4.37152653812,3.58839847259,4.00265244332,2.94106062125
2011-09-27,20,3.30064793374,3.55628368808,4.00265244332,2.94106062125
2011-09-28,1,0.653104230047,3.66114903888,4.02478488901,3.15688913546
2011-09-28,20,3.13700179996,3.62441574804,4.02478488901,3.15688913546
2011-09-29,1,6.39648564768,3.36414531085,3.82248404947,3.17749074518
2011-09-29,20,3.67275084846,3.34626704298,3.82248404947,3.17749074518
2011-09-30,1,8.33107572584,3.65752360533,3.97692414536,3.42600384268
2011-09-30,20,3.35300228631,3.62102047198,3.97692414536,3.42600384268
2011-10-03,1,4.94586737194,4.10870700735,4.23817324019,3.51469796168
2011-10-03,20,3.25016509713,4.04356088874,4.23817324019,3.51469796168
2011-10-04,1,3.13570393381,4.1830960883,4.28063488809,3.7341351116
2011-10-04,20,3.40445121821,4.11322744369,4.28063488809,3.7341351116
2011-10-05,1,3.28993155317,4.07341791532,4.21193903084,3.49206348413
2011-10-05,20,3.37528811373,4.01051209398,4.21193903084,3.49206348413
2011-10-06,1,0.671877136452,3.99020721479,4.15661858218,3.59964745074
2011-10-06,20,3.38391305895,3.93258395229,4.15661858218,3.59964745074
2011-10-07,1,11.2598123884,3.64135442259,3.94753409543,3.26688776935
2011-10-07,20,3.37016306522,3.59087544956,3.94753409543,3.26688776935
2011-10-10,1,0.00295778954206,4.37818119635,4.38627079301,3.80578570436
2011-10-10,20,2.82686658534,4.27479962021,4.38627079301,3.80578570436
2011-10-11,1,0.950049240045,3.94042186441,4.1232720128,3.76472195931
2011-10-11,20,2.89478176093,3.86847048193,4.1232720128,3.76472195931
2011-10-12,1,0.0886909387585,3.64108004123,3.93287864644,3.72258157794
2011-10-12,20,3.54611138779,3.5906207682,3.93287864644,3.72258157794
2011-10-13,1,2.96905596634,3.28934269945,3.70222738398,3.58181748826
2011-10-13,20,3.57854685221,3.26413742323,3.70222738398,3.58181748826
2011-10-14,1,3.82591158894,3.2553506639,3.65823709892,3.71407953051
2011-10-14,20,3.61620828085,3.2325859439,3.65823709892,3.71407953051
2011-10-17,1,4.08567365249,3.30843839989,3.66829756832,3.85685451493
2011-10-17,20,3.47095466145,3.28186209278,3.66829756832,3.85685451493
2011-10-18,1,1.62048286351,3.38124539029,3.69334013337,4.0597564332
2011-10-18,20,3.27821786623,3.34944169534,3.69334013337,4.0597564332
2011-10-19,1,0.206464803195,3.20615517398,3.56896869718,3.69583644243
2011-10-19,20,3.33757211209,3.18692258605,3.56896869718,3.69583644243
2011-10-20,1,3.47228471314,2.91172210966,3.36721846354,3.18120008057
2011-10-20,20,3.47077593898,2.91362919267,3.36721846354,3.18120008057
2011-10-21,1,1.63604735534,2.96655771021,3.37352243851,3.33643076148
2011-10-21,20,3.29723961966,2.96452771314,3.37352243851,3.33643076148
2011-10-24,1,4.09995523809,2.83667939733,3.26927393352,3.15216632597
2011-10-24,20,3.39261949054,2.84397438829,3.26927393352,3.15216632597
2011-10-25,1,1.09860386251,2.96058681884,3.3191148118,3.30064793374
2011-10-25,20,3.19623065005,2.95898551914,3.3191148118,3.30064793374
2011-10-26,1,11.3680852,2.77896535992,3.18588415484,3.13700179996
2011-10-26,20,3.39090462138,2.79040409663,3.18588415484,3.13700179996
2011-10-27,1,0.00151440468777,3.61721199826,3.67681621755,3.67275084846
2011-10-27,20,2.82611604268,3.56846640021,3.67681621755,3.67275084846
2011-10-28,1,6.27433194224,3.25949450858,3.45629810878,3.35300228631
2011-10-28,20,3.24136762092,3.23643226929,3.45629810878,3.35300228631
2011-10-31,1,8.03158979353,3.55073699578,3.62538013879,3.25016509713
2011-10-31,20,2.93009574194,3.50676416223,3.62538013879,3.25016509713
2011-11-01,1,2.55244184434,3.98253120379,3.88975271807,3.40445121821
2011-11-01,20,3.42754204364,3.90755645986,3.88975271807,3.40445121821
2011-11-02,1,3.46243045744,3.83490082577,3.80951406565,3.37528811373
2011-11-02,20,3.30174489842,3.77052563056,3.80951406565,3.37528811373
2011-11-03,1,0.39687726201,3.79150182181,3.78868904915,3.38391305895
2011-11-03,20,3.12865241976,3.73024258325,3.78868904915,3.38391305895
2011-11-04,1,0.393882790663,3.43810256166,3.58518034193,3.37016306522
2011-11-04,20,3.16118067617,3.38801259802,3.58518034193,3.37016306522
2011-11-07,1,1.36126130143,3.13361951821,3.39370248885,2.82686658534
2011-11-07,20,3.14209720153,3.10842517742,3.39370248885,2.82686658534
2011-11-08,1,13.9766417771,2.9567889787,3.2717560176,2.89478176093
2011-11-08,20,3.07606691121,2.94605293539,3.2717560176,2.89478176093
2011-11-09,1,0.737400227238,4.03765951195,3.91404916318,3.54611138779
2011-11-09,20,2.60554119606,3.93854762728,3.91404916318,3.54611138779
2011-11-10,1,3.722284539,3.70258953023,3.72345022702,3.57854685221
2011-11-10,20,2.70882537967,3.63087416591,3.72345022702,3.57854685221
2011-11-11,1,0.920839201079,3.69655653834,3.72338028574,3.61620828085
2011-11-11,20,2.63560730443,3.62533445301,3.72338028574,3.61620828085
2011-11-14,1,0.23093774803,3.41609075464,3.55522782066,3.47095466145
2011-11-14,20,2.62761902252,3.36780055508,3.55522782066,3.47095466145
2011-11-15,1,2.80756778077,3.09796910815,3.3557704163,3.27821786623
2011-11-15,20,2.68120328999,3.07568967242,3.3557704163,3.27821786623
2011-11-16,1,2.87054134084,3.06697894199,3.32287825817,3.33757211209
2011-11-16,20,2.54606674652,3.04723337311,3.32287825817,3.33757211209
2011-11-17,1,0.00155832686738,3.04549676579,3.29573804313,3.47077593898
2011-11-17,20,2.40769490498,3.02750765648,3.29573804313,3.47077593898
2011-11-18,1,3.54364477285,2.74460744322,3.09808726015,3.29723961966
2011-11-18,20,2.47726293287,2.75122012128,3.09808726015,3.29723961966
2011-11-21,1,0.172178428284,2.8238012535,3.12482071092,3.39261949054
2011-11-21,20,2.73194605188,2.82393876233,3.12482071092,3.39261949054
2011-11-22,1,4.99208328914,2.56344794339,2.94766217396,3.19623065005
2011-11-22,20,2.72523371925,2.58487287021,2.94766217396,3.19623065005
2011-11-23,1,0.0723136261104,2.8043010094,3.07032744087,3.39090462138
2011-11-23,20,2.50950898615,2.80603292795,3.07032744087,3.39090462138
2011-11-25,1,8.30654596949,2.53623365293,2.89044661198,2.82611604268
2011-11-25,20,2.54634364712,2.5598837175,2.89044661198,2.82611604268
2011-11-28,1,0.0488943626142,3.10546040689,3.21541257343,3.24136762092
2011-11-28,20,2.13101947743,3.08256845578,3.21541257343,3.24136762092
2011-11-29,1,17.9805158274,2.80278649383,3.02542148078,2.93009574194
2011-11-29,20,2.20740768398,2.80464224459,3.02542148078,2.93009574194
2011-11-30,1,0.0364989400786,4.29332675318,3.92272714158,3.42754204364
2011-11-30,20,1.36509497936,4.17331060028,3.92272714158,3.42754204364
2011-12-01,1,0.00058088410175,3.86200697347,3.68955344949,3.30174489842
2011-12-01,20,1.37251748671,3.7772570687,3.68955344949,3.30174489842
2011-12-02,1,1.04744239024,3.47343028615,3.46821509557,3.12865241976
2011-12-02,20,1.49038388187,3.42045180138,3.46821509557,3.12865241976
2011-12-05,1,0.0122132979238,3.23970663269,3.32296873325,3.16118067617
2011-12-05,20,1.43802941676,3.21539135024,3.32296873325,3.16118067617
2011-12-06,1,0.0406554949858,2.92603484482,3.12432340713,3.14209720153
2011-12-06,20,1.4417387665,2.92695353275,3.12432340713,3.14209720153
2011-12-07,1,4.56612747416,2.64812688432,2.9393033324,3.07606691121
2011-12-07,20,1.44293226167,2.67140244817,2.9393033324,3.07606691121
2011-12-08,1,2.80308389951,2.83551200273,3.0369127809,2.60554119606
2011-12-08,20,1.21717752868,2.84371298637,3.0369127809,2.60554119606
2011-12-09,1,2.25792303412,2.83329774035,3.02288304802,2.70882537967
2011-12-09,20,1.11615382372,2.84167685487,3.02288304802,2.70882537967
2011-12-12,1,0.761073562994,2.77878966133,2.97698544719,2.63560730443
2011-12-12,20,1.00330558241,2.79155379007,2.97698544719,2.63560730443
2011-12-13,1,1.30262309737,2.58579686917,2.84403073414,2.62761902252
2011-12-13,20,0.967975408582,2.61408669895,2.84403073414,2.62761902252
2011-12-14,1,0.104836911304,2.46530134859,2.75154627593,2.68120328999
2011-12-14,20,0.915146067796,2.50328468768,2.75154627593,2.68120328999
2011-12-15,1,0.103104510126,2.24208340022,2.59274371405,2.54606674652
2011-12-15,20,0.916193612893,2.29802396503,2.59274371405,2.54606674652
2011-12-16,1,1.39291888456,2.04219893273,2.44336536182,2.40769490498
2011-12-16,20,0.972053057757,2.11421961354,2.44336536182,2.40769490498
2011-12-19,1,8.63730715317,1.9876335503,2.38033857318,2.47726293287
2011-12-19,20,0.914542323114,2.06404385522,2.38033857318,2.47726293287
2011-12-20,1,0.0379317756381,2.6368187264,2.75575668798,2.73194605188
2011-12-20,20,0.482900903729,2.66100399821,2.75575668798,2.73194605188
2011-12-21,1,0.677588627032,2.3890970236,2.59268719324,2.72523371925
2011-12-21,20,0.481115344709,2.43321077593,2.59268719324,2.72523371925
2011-12-22,1,0.809006845578,2.22908721887,2.47778127927,2.50950898615
2011-12-22,20,0.447762604181,2.28607328815,2.47778127927,2.50950898615
2011-12-23,1,6.25757238904e-05,2.09858556711,2.37765481325,2.54634364712
2011-12-23,20,0.444651705695,2.16607010945,2.37765481325,2.54634364712
2011-12-27,1,1.5766584937,1.90388034085,2.23499927899,2.13101947743
2011-12-27,20,0.46129795986,1.9870283445,2.23499927899,2.13101947743
2011-12-28,1,1.13426173497,1.88158069084,2.19549883188,2.20740768398
2011-12-28,20,0.383735688373,1.96652263557,2.19549883188,2.20740768398
2011-12-29,1,0.184949086902,1.81900326588,2.13182460606,1.36509497936
2011-12-29,20,0.330211194615,1.90897937992,2.13182460606,1.36509497936
2011-12-30,1,2.35790878747,1.67154652987,2.01501207491,1.37251748671
2011-12-30,20,0.321068188137,1.77338510351,2.01501207491,1.37251748671
2012-01-03,1,0.000353087942577,1.74898144575,2.03558587767,1.49038388187
2012-01-03,20,0.242424652814,1.84459060874,2.03558587767,1.49038388187
2012-01-04,1,0.0864002926582,1.55952002968,1.91347191028,1.43802941676
2012-01-04,20,0.243006015893,1.66635248043,1.91347191028,1.43802941676
2012-01-05,1,0.0645253984713,1.42817156316,1.80384761323,1.4417387665
2012-01-05,20,0.343807027546,1.54970185931,1.80384761323,1.4417387665
2012-01-06,1,0.0510328143214,1.30915248641,1.69948828034,1.44293226167
2012-01-06,20,0.340670630365,1.44400097375,1.69948828034,1.44293226167
2012-01-09,1,0.782609800363,1.20192185448,1.60058095238,1.21717752868
2012-01-09,20,0.340161892344,1.34876941035,1.60058095238,1.21717752868
2012-01-10,1,0.0009582079678,1.1777454052,1.55150268326,1.11615382372
2012-01-10,20,0.303359627388,1.3272982969,1.55150268326,1.11615382372
2012-01-11,1,0.0544700863721,1.08010420144,1.45847001474,1.00330558241
2012-01-11,20,0.3043966185,1.24058310816,1.45847001474,1.00330558241
2012-01-12,1,0.246036281648,0.998423676638,1.37423001904,0.967975408582
2012-01-12,20,0.325548011657,1.16804260423,1.37423001904,0.967975408582
2012-01-13,1,0.125787813246,0.944392087215,1.3065383948,0.915146067796
2012-01-13,20,0.336210220158,1.12005712992,1.3065383948,0.915146067796
2012-01-17,1,1.2202934074,0.884597511117,1.2356933599,0.916193612893
2012-01-17,20,0.3303625966,1.06695354503,1.2356933599,0.916193612893
2012-01-18,1,0.2427041917,0.937981190617,1.23476936275,0.972053057757
2012-01-18,20,0.283915765462,1.1143636103,1.23476936275,0.972053057757
2012-01-19,1,0.00447876547002,0.890279043969,1.17524545249,0.914542323114
2012-01-19,20,0.331900179806,1.07199931643,1.17524545249,0.914542323114
2012-01-20,1,0.00222059524359,0.824627156747,1.10499945127,0.482900903729
2012-01-20,20,0.334428512169,1.0136938514,1.10499945127,0.482900903729
2012-01-23,1,0.0105338164752,0.765982792821,1.03883271991,0.481115344709
2012-01-23,20,0.334576440369,0.961611770361,1.03883271991,0.481115344709
2012-01-24,1,0.746788875854,0.714604076142,0.977134785701,0.447762604181
2012-01-24,20,0.339646595132,0.915982313301,0.977134785701,0.447762604181
2012-01-25,1,0.332987659025,0.740586551088,0.96331403111,0.444651705695
2012-01-25,20,0.311393323103,0.939057358796,0.96331403111,0.444651705695
2012-01-26,1,0.0254130639604,0.723407929494,0.925494448785,0.46129795986
2012-01-26,20,0.296139795269,0.923801018681,0.925494448785,0.46129795986
2012-01-27,1,0.0637718598172,0.678165285054,0.871489565695,0.383735688373
2012-01-27,20,0.29578531615,0.883621009619,0.871489565695,0.383735688373
2012-01-30,1,0.00208895733651,0.641639112285,0.823026503343,0.330211194615
2012-01-30,20,0.298210363612,0.851182102233,0.823026503343,0.330211194615
2012-01-31,1,0.785038081,0.603126618463,0.773770250582,0.321068188137
2012-01-31,20,0.309378820385,0.816979142395,0.773770250582,0.321068188137
2012-02-01,1,0.0119803495364,0.645106514765,0.774446320407,0.242424652814
2012-02-01,20,0.288971537874,0.854261503643,0.774446320407,0.242424652814
2012-02-02,1,2.10242052571,0.587808200772,0.728698362155,0.243006015893
2012-02-02,20,0.293657134774,0.811088887428,0.728698362155,0.243006015893
2012-02-03,1,0.00179745484785,0.768768485081,0.811121691968,0.343807027546
2012-02-03,20,0.196052450358,0.969830842636,0.811121691968,0.343807027546
2012-02-06,1,0.0408580539176,0.713052647307,0.762562237741,0.340670630365
2012-02-06,20,0.315924977653,0.920955803242,0.762562237741,0.340670630365
2012-02-07,1,0.0465645012249,0.667844959392,0.719259986712,0.340161892344
2012-02-07,20,0.337528101149,0.881298721593,0.719259986712,0.340161892344
2012-02-08,1,0.0216980302152,0.628496754526,0.678898257582,0.303359627388
2012-02-08,20,0.382926806526,0.846781694842,0.678898257582,0.303359627388
2012-02-09,1,0.477497949505,0.591187084778,0.63946624394,0.3043966185
2012-02-09,20,0.388411032269,0.814052911581,0.63946624394,0.3043966185
2012-02-10,1,0.459280451678,0.605004010773,0.629748146274,0.325548011657
2012-02-10,20,0.364549006539,0.826173393463,0.629748146274,0.325548011657
2012-02-13,1,0.00883534208536,0.615339591014,0.619520084598,0.336210220158
2012-02-13,20,0.503029855967,0.835239969712,0.619520084598,0.336210220158
2012-02-14,1,0.291356784643,0.578244858187,0.582879000048,0.3303625966
2012-02-14,20,0.503304467135,0.802699733387,0.582879000048,0.3303625966
2012-02-15,1,1.20239247857,0.574469849359,0.565387667123,0.283915765462
2012-02-15,20,0.50643469897,0.799388220672,0.565387667123,0.283915765462
2012-02-16,1,0.0550454127387,0.664625502896,0.60360795581,0.331900179806
2012-02-16,20,0.446940900969,0.878474550417,0.60360795581,0.331900179806
2012-02-17,1,0.00517915924088,0.626523186154,0.570694203226,0.334428512169
2012-02-17,20,0.452053095357,0.845050441471,0.570694203226,0.334428512169
2012-02-21,1,0.111936911736,0.587748588404,0.536763300587,0.334576440369
2012-02-21,20,0.456309236242,0.811036594274,0.536763300587,0.334576440369
2012-02-22,1,0.181723435271,0.564452856791,0.511273717256,0.339646595132
2012-02-22,20,0.452466361326,0.790601115858,0.511273717256,0.339646595132
2012-02-23,1,0.0279171023384,0.551036261529,0.491500700337,0.311393323103
2012-02-23,20,0.469535688493,0.778831812044,0.491500700337,0.311393323103
2012-02-24,1,0.0183234815818,0.52340126388,0.463685684457,0.296139795269
2012-02-24,20,0.472957353144,0.754589843285,0.463685684457,0.296139795269
2012-02-27,1,0.112272809075,0.498005645372,0.436963952284,0.29578531615
2012-02-27,20,0.567127365614,0.73231230238,0.436963952284,0.29578531615
2012-02-28,1,0.22545809279,0.485213715534,0.417482483692,0.298210363612
2012-02-28,20,0.565492039748,0.721090967483,0.417482483692,0.298210363612
2012-02-29,1,0.376892430785,0.485529128634,0.405961020238,0.309378820385
2012-02-29,20,0.566488997655,0.721367654118,0.405961020238,0.309378820385
2012-03-01,1,0.105692287524,0.501347902826,0.40421690487,0.288971537874
2012-03-01,20,0.548939176965,0.735244196995,0.40421690487,0.288971537874
2012-03-02,1,0.150326837389,0.408438482235,0.38630542783,0.293657134774
2012-03-02,20,0.550468568155,0.591353186203,0.38630542783,0.293657134774
2012-03-05,1,2.39924800075,0.400209737355,0.372146712403,0.196052450358
2012-03-05,20,0.570902195362,0.583620184241,0.372146712403,0.196052450358
2012-03-06,1,0.472920523837,0.639109096143,0.493772789704,0.315924977653
2012-03-06,20,0.458926248345,0.808126987793,0.493772789704,0.315924977653
2012-03-07,1,0.954538608768,0.639421128745,0.492521653752,0.337528101149
2012-03-07,20,0.487861984529,0.808420221908,0.492521653752,0.337528101149
2012-03-08,1,0.131382545072,0.692416186441,0.520242671053,0.382926806526
2012-03-08,20,0.440333025675,0.858222578297,0.520242671053,0.382926806526
2012-03-09,1,0.000257434922793,0.649155808957,0.496911063494,0.388411032269
2012-03-09,20,0.499011366286,0.817568433729,0.496911063494,0.388411032269
2012-03-12,1,3.22889744023,0.596562837696,0.46711184578,0.364549006539
2012-03-12,20,0.647418150541,0.768143939971,0.46711184578,0.364549006539
2012-03-13,1,0.0143275654458,0.903489518556,0.632818981446,0.503029855967
2012-03-13,20,0.513511049678,1.05657974153,0.632818981446,0.503029855967
2012-03-14,1,0.353961421335,0.822919192491,0.595709496486,0.503304467135
2012-03-14,20,0.606438597961,0.980863396133,0.595709496486,0.503304467135
2012-03-15,1,0.0125165185466,0.788876967783,0.581204611977,0.50643469897
2012-03-15,20,0.667535295324,0.948872054282,0.581204611977,0.50643469897
2012-03-16,1,0.157289300505,0.721410124725,0.547083326372,0.446940900969
2012-03-16,20,0.667036339963,0.885469769079,0.547083326372,0.446940900969
2012-03-19,1,0.0903019769472,0.677620587887,0.52369568482,0.452053095357
2012-03-19,20,0.777259266638,0.844318344502,0.52369568482,0.452053095357
2012-03-20,1,0.0350794134202,0.631580568915,0.497692062347,0.456309236242
2012-03-20,20,0.781000321107,0.801052018685,0.497692062347,0.456309236242
2012-03-21,1,0.523109978594,0.584839057655,0.469935303412,0.452466361326
2012-03-21,20,0.796959951679,0.757126462168,0.469935303412,0.452466361326
2012-03-22,1,0.0963503953626,0.596943448322,0.473125783923,0.469535688493
2012-03-22,20,0.771487245421,0.768501620609,0.473125783923,0.469535688493
2012-03-23,1,1.90172373098,0.560928748632,0.450519260609,0.472957353144
2012-03-23,20,0.802312805087,0.734656636054,0.450519260609,0.472957353144
2012-03-26,1,0.0795662917618,0.726714976163,0.537591528831,0.567127365614
2012-03-26,20,0.713972155182,0.890455028334,0.537591528831,0.567127365614
2012-03-27,1,0.245397250919,0.673801993754,0.510110014607,0.565492039748
2012-03-27,20,0.801826839616,0.840729802586,0.510110014607,0.565492039748
2012-03-28,1,0.0258960169991,0.645182308786,0.494227248786,0.566488997655
2012-03-28,20,0.811721140377,0.81383431813,0.494227248786,0.566488997655
2012-03-29,1,0.136280111311,0.59585696441,0.466127374879,0.548939176965
2012-03-29,20,0.813333798095,0.767480592208,0.466127374879,0.548939176965
2012-03-30,1,0.558999381532,0.578993440773,0.446336539065,0.550468568155
2012-03-30,20,0.814089975345,0.75987096341,0.446336539065,0.550468568155
2012-04-02,1,0.15972906041,0.596781215333,0.453096309613,0.570902195362
2012-04-02,20,0.802058546694,0.776432392198,0.453096309613,0.570902195362
2012-04-03,1,1.05163524751,0.569988860961,0.435494274661,0.458926248345
2012-04-03,20,0.797196607634,0.751487187979,0.435494274661,0.458926248345
2012-04-04,1,0.00395943169408,0.641303860265,0.472462733031,0.487861984529
2012-04-04,20,0.774170216604,0.817885504334,0.472462733031,0.487861984529
2012-04-05,1,1.30494935729,0.592828720641,0.444352534951,0.440333025675
2012-04-05,20,0.906475095872,0.772752395065,0.444352534951,0.440333025675
2012-04-09,1,2.96839312003,0.688531515943,0.495988344292,0.499011366286
2012-04-09,20,0.841289059996,0.86185713517,0.495988344292,0.499011366286
2012-04-10,1,0.550755422975,0.950578873633,0.644332630836,0.647418150541
2012-04-10,20,0.702062246249,1.10583811429,0.644332630836,0.647418150541
2012-04-11,1,1.87287853109,0.925067834449,0.638717998364,0.513511049678
2012-04-11,20,0.697136127766,1.08208588731,0.638717998364,0.513511049678
2012-04-12,1,1.57589536861,1.04336526643,0.712767630328,0.606438597961
2012-04-12,20,0.606652921222,1.19222751795,0.712767630328,0.606438597961
2012-04-13,1,0.00253741132447,1.11650891237,0.764555294624,0.667535295324
2012-04-13,20,0.533614687193,1.26032840823,0.764555294624,0.667535295324
2012-04-16,1,2.36174783399,1.01363272243,0.718834221626,0.667036339963
2012-04-16,20,0.595928946048,1.16454483014,0.718834221626,0.667036339963
2012-04-17,1,0.165123066332,1.17391743286,0.817409038368,0.777259266638
2012-04-17,20,0.494444228921,1.31377900266,0.817409038368,0.777259266638
2012-04-18,1,0.354272024861,1.08181391583,0.778271880046,0.781000321107
2012-04-18,20,0.495927760611,1.22802539513,0.778271880046,0.781000321107
2012-04-19,1,0.0136558534295,1.02038219758,0.752831888735,0.796959951679
2012-04-19,20,0.593214864841,1.17082897499,0.752831888735,0.796959951679
2012-04-20,1,0.712861588691,0.929664724611,0.708481326617,0.771487245421
2012-04-20,20,0.620024681235,1.08636585324,0.708481326617,0.771487245421
2012-04-23,1,0.134910732879,0.923816592441,0.708744142341,0.802312805087
2012-04-23,20,0.710924721405,1.08092090991,0.708744142341,0.802312805087
2012-04-24,1,1.83665998045,0.857044969291,0.674314137773,0.713972155182
2012-04-24,20,0.704297389119,1.0187527349,0.674314137773,0.713972155182
2012-04-25,1,0.44328326613,0.979248164286,0.744054888334,0.801826839616
2012-04-25,20,0.613896279844,1.13253085283,0.744054888334,0.801826839616
2012-04-26,1,0.0581491713704,0.939011131104,0.726008591002,0.811721140377
2012-04-26,20,0.592683047579,1.09506788873,0.726008591002,0.811721140377
2012-04-27,1,0.151403656309,0.862324563752,0.685937025824,0.813333798095
2012-04-27,20,0.592125659174,1.02366833732,0.685937025824,0.813333798095
2012-04-30,1,0.31837080851,0.814700500301,0.653865023653,0.814089975345
2012-04-30,20,0.645254247422,0.992230765743,0.653865023653,0.814089975345
2012-05-01,1,0.0624902792105,0.781053721065,0.633735370744,0.802058546694
2012-05-01,20,0.733572715097,0.961261480435,0.633735370744,0.802058546694
2012-05-02,1,0.591107426909,0.723821144059,0.599460665252,0.797196607634
2012-05-02,20,0.733045716626,0.908583273296,0.599460665252,0.797196607634
2012-05-03,1,2.65005701705,0.730053267398,0.598959470952,0.774170216604
2012-05-03,20,1.01477391671,0.914319465887,0.598959470952,0.774170216604
2012-05-04,1,0.0012286397802,0.956829772449,0.722025323718,0.906475095872
2012-05-04,20,0.882277066259,1.12304988364,0.722025323718,0.906475095872
2012-05-07,1,0.183856845073,0.872571906058,0.678777522681,0.841289059996
2012-05-07,20,0.898520622737,1.04549696586,0.678777522681,0.841289059996
2012-05-08,1,0.452233053318,0.817739222274,0.649082282025,0.702062246249
2012-05-08,20,1.14896914909,0.995027676766,0.649082282025,0.702062246249
2012-05-09,1,0.0632144002056,0.798124832301,0.637271328303,0.697136127766
2012-05-09,20,1.12636316437,0.976974131881,0.637271328303,0.697136127766
2012-05-10,1,0.115130688031,0.7389848081,0.602827912617,0.606652921222
2012-05-10,20,1.15585712544,0.922540265575,0.602827912617,0.606652921222
2012-05-11,1,1.24882258843,0.692301696478,0.573566079142,0.533614687193
2012-05-11,20,1.23075097358,0.879572033973,0.573566079142,0.533614687193
2012-05-14,1,0.332053491447,0.772882016257,0.614081469699,0.595928946048
2012-05-14,20,1.23539730496,0.953740051539,0.614081469699,0.595928946048
2012-05-15,1,0.19479370013,0.74556890904,0.597159791004,0.494444228921
2012-05-15,20,1.24363199433,0.92860042661,0.597159791004,0.494444228921
2012-05-16,1,2.30001410946,0.706681251643,0.573017825551,0.495927760611
2012-05-16,20,1.29174445204,0.892807314039,0.573017825551,0.495927760611
2012-05-17,1,0.549852181322,0.89855771799,0.676637602586,0.593214864841
2012-05-17,20,1.22963174313,1.06941491705,0.676637602586,0.593214864841
2012-05-18,1,2.53086239208,0.880035464009,0.66903047731,0.620024681235
2012-05-18,20,1.20318127463,1.05236659977,0.66903047731,0.620024681235
2012-05-21,1,0.00236408716721,1.07656046368,0.780740392196,0.710924721405
2012-05-21,20,1.12434344963,1.23325282196,0.780740392196,0.710924721405
2012-05-22,1,0.0286377949454,0.978500669942,0.734037813894,0.704297389119
2012-05-22,20,1.1256495468,1.14299628631,0.734037813894,0.704297389119
2012-05-23,1,0.0190186208365,0.894668189838,0.691713812757,0.613896279844
2012-05-23,20,1.37763992841,1.06583490406,0.691713812757,0.613896279844
2012-05-24,1,0.0470014032729,0.819551172998,0.651352101242,0.592683047579
2012-05-24,20,1.4022430209,0.99669543874,0.651352101242,0.592683047579
2012-05-25,1,1.21397542126,0.756177033642,0.615091059364,0.592125659174
2012-05-25,20,1.52923247531,0.93836439347,0.615091059364,0.592125659174
2012-05-29,1,2.084740162,0.824751007649,0.651024121078,0.645254247422
2012-05-29,20,1.47986901763,0.99987481762,0.651024121078,0.645254247422
2012-05-30,1,0.0519503097992,0.979180832738,0.737047083534,0.733572715097
2012-05-30,20,1.41563656685,1.14182398107,0.737047083534,0.733572715097
2012-05-31,1,6.22567142855,0.897899091427,0.695941277109,0.733045716626
2012-05-31,20,1.41526938323,1.06711124228,0.695941277109,0.733045716626
2012-06-01,1,0.000120008070186,1.48747123063,1.0277250862,1.01477391671
2012-06-01,20,1.40692984711,1.60903552347,1.0277250862,1.01477391671
2012-06-04,1,0.326099769327,1.34162091921,0.966068781508,0.882277066259
2012-06-04,20,1.40994053229,1.47497249721,0.966068781508,0.882277066259
2012-06-05,1,5.19282737216,1.24762833822,0.927670640778,0.898520622737
2012-06-05,20,1.4129348091,1.38857617944,0.927670640778,0.898520622737
2012-06-06,1,0.00011335895,1.68594176917,1.18358004466,1.14896914909
2012-06-06,20,1.16432923777,1.79146613167,1.18358004466,1.14896914909
2012-06-07,1,0.653093621464,1.51704704372,1.11257204352,1.12636316437
2012-06-07,20,1.20923430201,1.63622108768,1.11257204352,1.12636316437
2012-06-08,1,1.61300765092,1.43771858343,1.08500333819,1.15585712544
2012-06-08,20,1.17792470988,1.56330377026,1.08500333819,1.15585712544
2012-06-11,1,1.34174921604,1.47044026823,1.11668359696,1.23075097358
2012-06-11,20,1.13055996152,1.5933809641,1.11668359696,1.23075097358
2012-06-12,1,0.496747278829,1.47030170572,1.1301875341,1.23539730496
2012-06-12,20,1.06347261208,1.59325359989,1.1301875341,1.23539730496
2012-06-13,1,1.15704285435,1.37965064159,1.09218111879,1.24363199433
2012-06-13,20,1.05113311999,1.5099287453,1.09218111879,1.24363199433
2012-06-14,1,1.0577599313,1.37026497208,1.09607282292,1.29174445204
2012-06-14,20,1.12715092237,1.50130160391,1.09607282292,1.29174445204
2012-06-15,1,0.0208428112113,1.35133244441,1.09377404942,1.22963174313
2012-06-15,20,1.07694716078,1.48389915939,1.09377404942,1.22963174313
2012-06-18,1,0.954105892102,1.22350883921,1.02939817513,1.20318127463
2012-06-18,20,1.10315460887,1.36640596261,1.02939817513,1.20318127463
2012-06-19,1,0.0284860305954,1.21051074876,1.02488063815,1.12434344963
2012-06-19,20,1.07761562946,1.3544583478,1.02488063815,1.12434344963
2012-06-20,1,5.06844542707,1.09985629511,0.965096961695,1.1256495468
2012-06-20,20,1.07987263908,1.25274673141,0.965096961695,1.1256495468
2012-06-21,1,0.511080470748,1.54200144976,1.21129786962,1.37763992841
2012-06-21,20,0.877582914761,1.65915873629,1.21129786962,1.37763992841
2012-06-22,1,2.58679049148,1.44456116053,1.16928482569,1.4022430209
2012-06-22,20,0.892071003829,1.56959334609,1.16928482569,1.4022430209
2012-06-25,1,0.226706267651,1.58081380436,1.25433516563,1.52923247531
2012-06-25,20,0.803973297103,1.69483436607,1.25433516563,1.52923247531
2012-06-26,1,0.800091146439,1.45628752951,1.19267743175,1.47986901763
2012-06-26,20,0.792687253691,1.58887745168,1.19267743175,1.47986901763
2012-06-27,1,0.044606637332,1.4005888455,1.16912225464,1.41563656685
2012-06-27,20,0.887255583388,1.53762109876,1.16912225464,1.41563656685
2012-06-28,1,6.05888070613,1.27029812505,1.1016513176,1.41526938323
2012-06-28,20,1.06364564572,1.4177219078,1.1016513176,1.41526938323
2012-06-29,1,0.0603337116879,1.80045302476,1.39908508091,1.40692984711
2012-06-29,20,0.760818485153,1.90559351784,1.39908508091,1.40692984711
2012-07-02,1,0.385985305612,1.62540759626,1.31875999876,1.40994053229
2012-07-02,20,0.76715968497,1.74450909689,1.31875999876,1.40994053229
2012-07-03,1,0.220715945585,1.50563420654,1.26279351717,1.4129348091
2012-07-03,20,0.752077587894,1.63428841136,1.26279351717,1.4129348091
2012-07-05,1,0.898214643739,1.38203899044,1.20026886287,1.16432923777
2012-07-05,20,0.769407028633,1.52055071488,1.20026886287,1.16432923777
2012-07-06,1,0.0269017787024,1.34549224163,1.18214560972,1.20923430201
2012-07-06,20,0.902370392451,1.48691880618,1.18214560972,1.20923430201
2012-07-09,1,0.665712683777,1.21970103266,1.11283097986,1.17792470988
2012-07-09,20,0.903731745917,1.37116026148,1.11283097986,1.17792470988
2012-07-10,1,2.22716491968e-06,1.17706226365,1.0860038821,1.13055996152
2012-07-10,20,0.883419321167,1.33192221069,1.0860038821,1.13055996152
2012-07-11,1,0.249957437061,1.06794709442,1.0208437828,1.06347261208
2012-07-11,20,0.88361180297,1.23150968347,1.0208437828,1.06347261208
2012-07-12,1,2.67739890195,0.998324514262,0.974590602057,1.05113311999
2012-07-12,20,0.871199463595,1.16743995537,0.974590602057,1.05113311999
2012-07-13,1,0.05368469962,1.19724520723,1.07675910005,1.12715092237
2012-07-13,20,0.739718927257,1.35049543369,1.07675910005,1.12715092237
2012-07-16,1,0.544991773044,1.09154585596,1.01537463603,1.07694716078
2012-07-16,20,0.737819302229,1.25322629081,1.01537463603,1.07694716078
2012-07-17,1,0.443326303716,1.0508386731,0.987151664246,1.10315460887
2012-07-17,20,0.710577925379,1.21576576965,0.987151664246,1.10315460887
2012-07-18,1,0.0736262231065,1.00395103017,0.954522142615,1.07761562946
2012-07-18,20,0.689060261159,1.17261772017,0.954522142615,1.07761562946
2012-07-19,1,1.02265094068,0.92284147049,0.901668387444,1.07987263908
2012-07-19,20,0.710409736833,1.09797717361,0.901668387444,1.07987263908
2012-07-20,1,0.800842252096,0.95297978966,0.908927340638,0.877582914761
2012-07-20,20,0.661026357466,1.12571176648,0.908927340638,0.877582914761
2012-07-23,1,0.824836356964,0.955818310762,0.902442235325,0.892071003829
2012-07-23,20,0.620984469053,1.12832389712,0.902442235325,0.892071003829
2012-07-24,1,0.000985399415016,0.960901645489,0.897785882624,0.803973297103
2012-07-24,20,0.585880491778,1.13300180295,0.897785882624,0.803973297103
2012-07-25,1,2.69145774038,0.867708389024,0.843977853631,0.792687253691
2012-07-25,20,0.585856845221,1.02992197018,0.843977853631,0.792687253691
2012-07-26,1,3.57240788403,1.07731017224,0.954826646836,0.887255583388
2012-07-26,20,0.484129467442,1.22169076534,0.954826646836,0.887255583388
2012-07-27,1,0.00233749472494,1.35543503664,1.11188152107,1.06364564572
2012-07-27,20,0.326207176241,1.47615267561,1.11188152107,1.06364564572
2012-07-30,1,0.187157708028,1.22676657205,1.04530887949,0.760818485153
2012-07-30,20,0.326209927745,1.35843136593,1.04530887949,0.760818485153
2012-07-31,1,0.0843433641055,1.13224131622,0.9938198092,0.76715968497
2012-07-31,20,0.31717888578,1.27194834969,0.9938198092,0.76715968497
2012-08-01,1,0.567304760357,1.03774095536,0.939251222494,0.752077587894
2012-08-01,20,0.313317879637,1.18548811033,0.939251222494,0.752077587894
2012-08-02,1,3.5574819201,1.00478402211,0.916934434766,0.769407028633
2012-08-02,20,0.315657457073,1.15533516372,0.916934434766,0.769407028633
2012-08-03,1,0.0541288480281,1.28964543187,1.07536728389,0.902370392451
2012-08-03,20,0.150587538202,1.41596047186,1.07536728389,0.902370392451
2012-08-06,1,0.259464188772,1.17394920555,1.01409297773,0.903731745917
2012-08-06,20,0.148561619456,1.3101077182,1.01409297773,0.903731745917
2012-08-07,1,0.00385186322965,1.09306549449,0.968815250397,0.883419321167
2012-08-07,20,0.13615896945,1.23610561964,0.968815250397,0.883419321167
2012-08-08,1,0.00171064956007,0.994597056237,0.910917447167,0.88361180297
2012-08-08,20,0.340583452057,1.14601490822,0.910917447167,0.88361180297
2012-08-09,1,0.0477881751927,0.907178246982,0.85636503931,0.871199463595
2012-08-09,20,0.348665972946,1.06603371975,0.85636503931,0.871199463595
2012-08-10,1,0.0156921990509,0.834608094885,0.807850427463,0.739718927257
2012-08-10,20,0.365291310177,0.999637859854,0.807850427463,0.739718927257
2012-08-13,1,0.000164236045957,0.766976237388,0.760320933758,0.737819302229
2012-08-13,20,0.369405313303,0.937760142842,0.760320933758,0.737819302229
2012-08-14,1,0.0129730193206,0.705457309705,0.714711531896,0.710577925379
2012-08-14,20,0.371582208338,0.881475265583,0.714711531896,0.710577925379
2012-08-15,1,0.500615736594,0.652327469756,0.672607221141,0.689060261159
2012-08-15,20,0.501800184492,0.832865729737,0.672607221141,0.689060261159
2012-08-16,1,0.03498335333,0.656495843396,0.662287732068,0.710409736833
2012-08-16,20,0.484575132713,0.836679456789,0.662287732068,0.710409736833
2012-08-17,1,4.48382897948e-06,0.611283675174,0.624649469344,0.661026357466
2012-08-17,20,0.487723109486,0.795313954579,0.624649469344,0.661026357466
2012-08-20,1,0.122756811466,0.567574569893,0.587170770213,0.620984469053
2012-08-20,20,0.488542847241,0.755323634226,0.587170770213,0.620984469053
2012-08-21,1,0.000512468284139,0.541762224743,0.559305932688,0.585880491778
2012-08-21,20,0.483106943495,0.731707411816,0.559305932688,0.585880491778
2012-08-22,1,0.656910184792,0.493212273357,0.525778324824,0.585856845221
2012-08-22,20,0.483227595664,0.682050897265,0.525778324824,0.585856845221
2012-08-23,1,0.41396206001,0.531694723923,0.533646236422,0.484129467442
2012-08-23,20,0.450384923116,0.717405263499,0.533646236422,0.484129467442
2012-08-24,1,0.00239252481366,0.539724437347,0.526465185837,0.326207176241
2012-08-24,20,0.432184768032,0.724782273668,0.526465185837,0.326207176241
2012-08-27,1,0.00653686872254,0.502796056624,0.495020826176,0.326209927745
2012-08-27,20,0.487794377459,0.690855653162,0.495020826176,0.326209927745
2012-08-28,1,0.00712324123846,0.470594687869,0.465711788729,0.31717888578
2012-08-28,20,0.504017495281,0.661271804747,0.465711788729,0.31717888578
2012-08-29,1,0.614096309078,0.442191393807,0.438196475879,0.313317879637
2012-08-29,20,0.549767522939,0.635177300738,0.438196475879,0.313317879637
2012-08-30,1,0.25608354269,0.482012340577,0.448750465871,0.315657457073
2012-08-30,20,0.52913291887,0.671761362179,0.448750465871,0.315657457073
2012-08-31,1,0.0136104730935,0.478916524925,0.43719045048,0.150587538202
2012-08-31,20,0.51983468756,0.668917192986,0.43719045048,0.150587538202
2012-09-04,1,0.0114111886509,0.450241856158,0.411775651837,0.148561619456
2012-09-04,20,0.519534274576,0.642573373237,0.411775651837,0.148561619456
2012-09-05,1,4.09234151538,0.424658177087,0.387753784046,0.13615896945
2012-09-05,20,0.52550816084,0.619069289008,0.387753784046,0.13615896945
2012-09-06,1,0.163361067325,0.838589791435,0.610029047926,0.340583452057
2012-09-06,20,0.346443911147,0.999354059703,0.610029047926,0.340583452057
2012-09-07,1,0.38029491982,0.784212339385,0.58322896909,0.348665972946
2012-09-07,20,0.338327584274,0.949396733017,0.58322896909,0.348665972946
2012-09-10,1,0.0979722615797,0.759348626288,0.571052926134,0.365291310177
2012-09-10,20,0.325308066505,0.92655409161,0.571052926134,0.365291310177
2012-09-11,1,0.0437021367449,0.70716831671,0.542668086261,0.369405313303
2012-09-11,20,0.369813063865,0.87861531048,0.542668086261,0.369405313303
2012-09-12,1,2.61733254239,0.655235492482,0.51273012929,0.371582208338
2012-09-12,20,0.386892967862,0.830903897608,0.51273012929,0.371582208338
2012-09-13,1,0.156114701017,0.884634712028,0.639006274076,0.501800184492
2012-09-13,20,0.256045425546,1.04165617305,0.639006274076,0.501800184492
2012-09-14,1,0.0979428887927,0.824140900876,0.610032779692,0.484575132713
2012-09-14,20,0.252651759163,0.986079661608,0.610032779692,0.484575132713
2012-09-17,1,0.0163992389225,0.764441565195,0.579307386238,0.487723109486
2012-09-17,20,0.28011941454,0.931233045904,0.579307386238,0.487723109486
2012-09-18,1,0.0140387365605,0.702944400597,0.545532897399,0.488542847241
2012-09-18,20,0.331498676032,0.874734739597,0.545532897399,0.488542847241
2012-09-19,1,0.00292551166634,0.64832837927,0.513643247749,0.483106943495
2012-09-19,20,0.339237061353,0.824558235974,0.513643247749,0.483106943495
2012-09-20,1,5.67338194223e-05,0.60838008239,0.483000183584,0.483227595664
2012-09-20,20,0.342084004848,0.796469692861,0.483000183584,0.483227595664
2012-09-21,1,0.0499589583288,0.564548128142,0.454023576598,0.450384923116
2012-09-21,20,0.481695634434,0.756461012176,0.454023576598,0.450384923116
2012-09-24,1,1.11458471335,0.531128183373,0.429779699502,0.432184768032
2012-09-24,20,0.479294260349,0.725956145996,0.429779699502,0.432184768032
2012-09-25,1,0.33099922518,0.615010149805,0.470868000333,0.487794377459
2012-09-25,20,0.529405143798,0.802521447903,0.470868000333,0.487794377459
2012-09-26,1,0.922123794385,0.605663313764,0.462475873824,0.504017495281
2012-09-26,20,0.517629703725,0.793989896321,0.462475873824,0.504017495281
2012-09-27,1,0.201404227703,0.66037672582,0.490054749057,0.549767522939
2012-09-27,20,0.475996748769,0.843930891873,0.490054749057,0.549767522939
2012-09-28,1,0.0701189164984,0.631949648291,0.472735717776,0.52913291887
2012-09-28,20,0.466192438392,0.817983386517,0.472735717776,0.52913291887
2012-10-01,1,0.00760221341022,0.592841388775,0.448578709699,0.51983468756
2012-10-01,20,0.462698639914,0.782286372911,0.448578709699,0.51983468756
2012-10-02,1,0.130888913929,0.551619772093,0.422120119922,0.519534274576
2012-10-02,20,0.5213666841,0.744660341231,0.422120119922,0.519534274576
2012-10-03,1,0.511056521517,0.528324475967,0.404646247562,0.52550816084
2012-10-03,20,0.559225471164,0.723396993973,0.404646247562,0.52550816084
2012-10-04,1,0.00103452986998,0.548237415997,0.411030864,0.346443911147
2012-10-04,20,0.536008624276,0.741573013565,0.411030864,0.346443911147
2012-10-05,1,0.119904564434,0.511501718082,0.386431083952,0.338327584274
2012-10-05,20,0.56655272227,0.708041613179,0.386431083952,0.338327584274
2012-10-08,1,0.988072208789,0.491700299364,0.370439492781,0.325308066505
2012-10-08,20,0.848329159624,0.689967387373,0.370439492781,0.325308066505
2012-10-09,1,0.385300216676,0.56668847589,0.407497455741,0.369813063865
2012-10-09,20,0.874323930277,0.75841466656,0.407497455741,0.369813063865
2012-10-10,1,0.000381696076303,0.568744225761,0.406165621397,0.386892967862
2012-10-10,20,0.856499250397,0.760291102179,0.406165621397,0.386892967862
2012-10-11,1,0.0882413733571,0.529554891446,0.381818585878,0.256045425546
2012-10-11,20,0.856488678027,0.724520085582,0.381818585878,0.256045425546
2012-10-12,1,0.64729599632,0.504281501115,0.364203953127,0.252651759163
2012-10-12,20,0.860050165147,0.701451184801,0.364203953127,0.252651759163
2012-10-15,1,1.04398446877,0.541503483502,0.381189475719,0.28011941454
2012-10-15,20,0.924970858667,0.735426453149,0.381189475719,0.28011941454
2012-10-16,1,0.168806442984,0.616658058806,0.420957175302,0.331498676032
2012-10-16,20,0.874043354197,0.804025616862,0.420957175302,0.331498676032
2012-10-17,1,0.0598643815608,0.589840940718,0.405828131363,0.339237061353
2012-10-17,20,0.877259150507,0.779547641083,0.405828131363,0.339237061353
2012-10-18,1,2.79228932555,0.529031245613,0.385070306374,0.342084004848
2012-10-18,20,1.06766878534,0.698523182538,0.385070306374,0.342084004848
2012-10-19,1,0.00193147661705,0.7885881774,0.529503447525,0.481695634434
2012-10-19,20,0.92827421392,0.93892928404,0.529503447525,0.481695634434
2012-10-22,1,2.11680238234,0.721491333974,0.49784912927,0.479294260349
2012-10-22,20,0.930863028523,0.876783031809,0.49784912927,0.479294260349
2012-10-23,1,0.0954904237199,0.887122118011,0.594986324455,0.529405143798
2012-10-23,20,0.908773206603,1.03019311724,0.594986324455,0.529405143798
2012-10-24,1,0.0894646952541,0.818692655952,0.56501657041,0.517629703725
2012-10-24,20,0.906062474636,0.966812570673,0.56501657041,0.517629703725
2012-10-25,1,0.005318020164,0.757461330669,0.536483457901,0.475996748769
2012-10-25,20,0.915319578827,0.910099062388,0.536483457901,0.475996748769
2012-10-26,1,0.000242946935559,0.694290758997,0.504613531637,0.466192438392
2012-10-26,20,0.945671578572,0.851589390692,0.504613531637,0.466192438392
2012-10-31,1,1.18096309715,0.637817020023,0.474351296555,0.462698639914
2012-10-31,20,0.954735589573,0.799282440805,0.474351296555,0.462698639914
2012-11-01,1,0.888064655209,0.713452017313,0.51674800459,0.5213666841
2012-11-01,20,0.89570063692,0.869336878227,0.51674800459,0.5213666841
2012-11-02,1,0.0467195837535,0.749255231574,0.539027003627,0.559225471164
2012-11-02,20,0.862609641449,0.902498432043,0.539027003627,0.559225471164
2012-11-05,1,0.61191648975,0.691430248888,0.509488558435,0.536008624276
2012-11-05,20,0.861737894678,0.848939936952,0.509488558435,0.536008624276
2012-11-06,1,5.75543331151,0.700371685802,0.515634234314,0.56655272227
2012-11-06,20,0.832395976792,0.857221649852,0.515634234314,0.56655272227
2012-11-07,1,1.50796762185,1.25560445801,0.830022178945,0.848329159624
2012-11-07,20,0.550073060196,1.37148780824,0.830022178945,0.848329159624
2012-11-08,1,0.0288066190682,1.29526146254,0.87069890552,0.874323930277
2012-11-08,20,0.478928137713,1.40821880899,0.87069890552,0.874323930277
2012-11-09,1,0.000170248677163,1.17297952204,0.820185368333,0.856499250397
2012-11-09,20,0.477545098984,1.2949591692,0.820185368333,0.856499250397
2012-11-12,1,0.159471115764,1.06165912409,0.770984461153,0.856488678027
2012-11-12,20,0.498840919087,1.19185229895,0.770984461153,0.856488678027
2012-11-13,1,1.94570986673,0.980042690579,0.73429366043,0.860050165147
2012-11-13,20,0.49096777773,1.11625775226,0.73429366043,0.860050165147
2012-11-14,1,0.0254343793679,1.09784789176,0.806978632808,0.924970858667
2012-11-14,20,0.413789531958,1.22537095897,0.806978632808,0.924970858667
2012-11-15,1,0.233122369182,0.997822953425,0.760085977601,0.874043354197
2012-11-15,20,0.421104080205,1.132726138,0.760085977601,0.874043354197
2012-11-16,1,3.86805707815,0.931356781412,0.728468161096,0.877259150507
2012-11-16,20,0.479076080829,1.07116402449,0.728468161096,0.877259150507
2012-11-19,1,0.00439789721691,1.26598575771,0.916843496119,1.06766878534
2012-11-19,20,0.350894967939,1.38404132948,0.916843496119,1.06766878534
2012-11-20,1,0.0537077686856,1.14515239339,0.862096760185,0.92827421392
2012-11-20,20,0.379693143986,1.27334766148,0.862096760185,0.92827421392
2012-11-21,1,1.67500594394,1.04351458365,0.813593420695,0.930863028523
2012-11-21,20,0.391985193045,1.18023875872,0.813593420695,0.930863028523
2012-11-23,1,0.041275784372,1.12578373588,0.86527817209,0.908773206603
2012-11-23,20,0.352630836903,1.25560431918,0.86527817209,0.908773206603
2012-11-26,1,0.274606779078,1.02506335413,0.815838028827,0.906062474636
2012-11-26,20,0.35355185375,1.16333585871,0.815838028827,0.906062474636
2012-11-27,1,0.612358015055,0.9607561117,0.783364153842,0.915319578827
2012-11-27,20,0.351336507932,1.10442493966,0.783364153842,0.915319578827
2012-11-28,1,0.181523166966,0.939743712261,0.773103785515,0.945671578572
2012-11-28,20,0.321461813109,1.08517578956,0.773103785515,0.945671578572
2012-11-29,1,0.000264044085899,0.875408555265,0.737608948402,0.954735589573
2012-11-29,20,0.374117767255,1.02623929838,0.737608948402,0.954735589573
2012-11-30,1,0.226244745788,0.799257905197,0.693368254143,0.89570063692
2012-11-30,20,0.515225023185,0.956478807774,0.693368254143,0.89570063692
2012-12-03,1,0.0292846483311,0.755901434612,0.665340843642,0.862609641449
2012-12-03,20,0.818569392842,0.916760582698,0.665340843642,0.862609641449
2012-12-04,1,0.0250781320378,0.696638612497,0.627177471923,0.861737894678
2012-12-04,20,0.819284605291,0.862470782913,0.627177471923,0.861737894678
2012-12-05,1,0.108974979573,0.643775477936,0.59105151153,0.832395976792
2012-12-05,20,0.829807959032,0.814043642779,0.59105151153,0.832395976792
2012-12-06,1,0.0850691721882,0.605928373731,0.562126919612,0.550073060196
2012-12-06,20,0.829251412248,0.779372467219,0.562126919612,0.550073060196
2012-12-07,1,0.00114584450214,0.56991503019,0.533503454767,0.478928137713
2012-12-07,20,0.830271533762,0.746381172834,0.533503454767,0.478928137713
2012-12-10,1,0.426086650723,0.529150357671,0.501561998151,0.477545098984
2012-12-10,20,0.833731709488,0.70903725585,0.501561998151,0.477545098984
2012-12-11,1,0.00200828862678,0.538219392766,0.497033477305,0.498840919087
2012-12-11,20,0.841069987624,0.717345265526,0.497033477305,0.498840919087
2012-12-12,1,0.402144951287,0.501207962199,0.467331965985,0.49096777773
2012-12-12,20,0.840970702036,0.683439638296,0.467331965985,0.49096777773
2012-12-13,1,0.171725344323,0.510962698632,0.463420745103,0.413789531958
2012-12-13,20,0.821296932643,0.692375808883,0.463420745103,0.413789531958
2012-12-14,1,1.39256238166,0.495122320884,0.445919021056,0.421104080205
2012-12-14,20,0.813346894985,0.677864671786,0.445919021056,0.421104080205
2012-12-17,1,1.30443482034,0.610752247431,0.502717622692,0.479076080829
2012-12-17,20,0.743738174987,0.783791546973,0.502717622692,0.479076080829
2012-12-18,1,0.580361418158,0.697950588073,0.550820654551,0.350894967939
2012-12-18,20,0.694348339137,0.859588856346,0.550820654551,0.350894967939
2012-12-19,1,0.29954874986,0.703264840203,0.552593100368,0.379693143986
2012-12-19,20,0.671101745459,0.864462629943,0.552593100368,0.379693143986
2012-12-20,1,0.887918821094,0.677734358344,0.537410439337,0.391985193045
2012-12-20,20,0.665885135153,0.841048274476,0.537410439337,0.391985193045
2012-12-21,1,0.0596961213152,0.718513090402,0.558440942243,0.352630836903
2012-12-21,20,0.622623727094,0.878447009571,0.558440942243,0.352630836903
2012-12-24,1,0.230299862716,0.665385657376,0.528516252987,0.35355185375
2012-12-24,20,0.619638942905,0.829723111261,0.528516252987,0.35355185375
2012-12-26,1,0.0148641186014,0.636827918915,0.510623269571,0.351336507932
2012-12-26,20,0.622870248055,0.803532417198,0.510623269571,0.351336507932
2012-12-27,1,1.23464224988,0.588419710354,0.480877720513,0.321461813109
2012-12-27,20,0.623840761423,0.759136584443,0.480877720513,0.321461813109
2012-12-28,1,2.82240916269,0.676952136319,0.526103592274,0.374117767255
2012-12-28,20,0.575077992687,0.840330887916,0.526103592274,0.374117767255
2012-12-31,1,6.29313213895,0.926030940239,0.663881926499,0.515225023185
2012-12-31,20,0.441590815015,1.06876447904,0.663881926499,0.515225023185
2013-01-02,1,0.0435888973042,1.51955917878,1.00163693925,0.818569392842
2013-01-02,20,0.130227905208,1.61309737622,1.00163693925,0.818569392842
2013-01-03,1,0.235545206857,1.37110012537,0.944154056729,0.819284605291
2013-01-03,20,0.178073595741,1.47694353988,0.944154056729,0.819284605291
2013-01-04,1,0.0978440438913,1.26064793397,0.901637525737,0.829807959032
2013-01-04,20,0.23364401184,1.37564631855,0.901637525737,0.829807959032
2013-01-07,1,0.105471602479,1.1482807587,0.853409916826,0.829251412248
2013-01-07,20,0.282443882931,1.27259283922,0.853409916826,0.829251412248
2013-01-08,1,0.070349359014,1.0498640464,0.808533617965,0.830271533762
2013-01-08,20,0.277321014209,1.18233352103,0.808533617965,0.830271533762
2013-01-09,1,0.572852213438,0.959166609499,0.764242562428,0.833731709488
2013-01-09,20,0.275436226877,1.0991536563,0.764242562428,0.833731709488
2013-01-10,1,2.25768615379e-05,0.933150935622,0.752759141489,0.841069987624
2013-01-10,20,0.262709667654,1.07529432457,0.752759141489,0.841069987624
2013-01-11,1,0.00866956343981,0.848521556641,0.707594947611,0.840970702036
2013-01-11,20,0.262892339412,0.997679559079,0.707594947611,0.840970702036
2013-01-14,1,0.0127245911535,0.774711346403,0.665659424561,0.821296932643
2013-01-14,20,0.263729281054,0.929987201796,0.665659424561,0.821296932643
2013-01-15,1,0.000387981696787,0.709961910895,0.626483334557,0.813346894985
2013-01-15,20,0.263268335463,0.870604605431,0.626483334557,0.813346894985
2013-01-16,1,0.316638103358,0.651450318966,0.588917613385,0.743738174987
2013-01-16,20,0.263487285425,0.816942821062,0.588917613385,0.743738174987
2013-01-17,1,0.115429544601,0.629517078867,0.572580842783,0.694348339137
2013-01-17,20,0.248202049001,0.793226828722,0.572580842783,0.694348339137
2013-01-18,1,0.195216543724,0.592532436253,0.545151764892,0.671101745459
2013-01-18,20,0.269146388183,0.75963342161,0.545151764892,0.671101745459
2013-01-22,1,0.0226906599288,0.568487385402,0.524155651622,0.665885135153
2013-01-22,20,0.337282121107,0.73779313534,0.524155651622,0.665885135153
2013-01-23,1,4.37537472337e-07,0.528717967032,0.494067752121,0.622623727094
2013-01-23,20,0.356137787171,0.701670297116,0.494067752121,0.622623727094
2013-01-24,1,0.294925965698,0.491193523884,0.464423713246,0.619638942905
2013-01-24,20,0.394281007036,0.66758658544,0.464423713246,0.619638942905
2013-01-25,1,0.0342743859712,0.489813130287,0.454253848393,0.622870248055
2013-01-25,20,0.550276521821,0.666332764372,0.454253848393,0.622870248055
2013-01-28,1,0.259386875155,0.460559012369,0.429055080648,0.623840761423
2013-01-28,20,0.567112192999,0.639761046398,0.429055080648,0.623840761423
2013-01-29,1,0.152665609249,0.458965270454,0.418874988318,0.575077992687
2013-01-29,20,0.634099702347,0.638313439575,0.418874988318,0.575077992687
2013-01-30,1,0.0658739428075,0.446080085102,0.402902425574,0.441590815015
2013-01-30,20,0.626840061778,0.626609736453,0.402902425574,0.441590815015
2013-01-31,1,1.00050270796,0.425377482765,0.382680716608,0.130227905208
2013-01-31,20,0.626240255233,0.607805419324,0.382680716608,0.130227905208
2013-02-01,1,1.34695352884,0.50764513874,0.419750036089,0.178073595741
2013-02-01,20,0.586795701965,0.682529701188,0.419750036089,0.178073595741
2013-02-04,1,1.0738414657,0.617485249109,0.475382245654,0.23364401184
2013-02-04,20,0.564768479501,0.782298234397,0.475382245654,0.23364401184
2013-02-05,1,0.00301422805733,0.685007460782,0.511289798857,0.282443882931
2013-02-05,20,0.511663852979,0.843629127047,0.511289798857,0.282443882931
2013-02-06,1,0.0326536123695,0.629393311489,0.480793264609,0.277321014209
2013-02-06,20,0.513159970254,0.793114409955,0.480793264609,0.277321014209
2013-02-07,1,0.318321028977,0.583519656745,0.453904885474,0.275436226877
2013-02-07,20,0.521522785619,0.751447051543,0.453904885474,0.275436226877
2013-02-08,1,0.00367601202877,0.573777921074,0.445769854084,0.262709667654
2013-02-08,20,0.510867914588,0.742598565544,0.445769854084,0.262709667654
2013-02-11,1,0.0254083962666,0.531339911979,0.419244223561,0.262892339412
2013-02-11,20,0.513578881821,0.704051827877,0.419244223561,0.262892339412
2013-02-12,1,0.00350567933096,0.496239499848,0.395614073923,0.263729281054
2013-02-12,20,0.513170694889,0.672169880365,0.395614073923,0.263729281054
2013-02-13,1,0.00476698093469,0.462918671264,0.372087570248,0.263268335463
2013-02-13,20,0.528604662997,0.641904340919,0.372087570248,0.263268335463
2013-02-14,1,0.0109333748778,0.433659339415,0.350048334889,0.263487285425
2013-02-14,20,0.529678147451,0.615327887095,0.350048334889,0.263487285425
2013-02-15,1,0.534316328256,0.39164724505,0.329701437288,0.248202049001
2013-02-15,20,0.544397442471,0.567626906377,0.329701437288,0.248202049001
2013-02-19,1,1.55793120221,0.426969788448,0.341978330746,0.269146388183
2013-02-19,20,0.520623077756,0.600063113523,0.341978330746,0.269146388183
2013-02-20,1,0.399803981191,0.571237796843,0.414935503034,0.337282121107
2013-02-20,20,0.46500542363,0.732542446961,0.414935503034,0.337282121107
2013-02-21,1,0.762864834854,0.570202768708,0.414027611724,0.356137787171
2013-02-21,20,0.479600834952,0.73159199482,0.414027611724,0.356137787171
2013-02-22,1,3.41483626138,0.609431760039,0.434957845111,0.394281007036
2013-02-22,20,0.467009147323,0.767615439525,0.434957845111,0.394281007036
2013-02-25,1,0.370987809549,0.937170778733,0.613750550088,0.550276521821
2013-02-25,20,0.301863951963,1.06857368537,0.613750550088,0.550276521821
2013-02-26,1,1.5991370621,0.889170402978,0.599184785655,0.567112192999
2013-02-26,20,0.313384288561,1.02449559865,0.599184785655,0.567112192999
2013-02-27,1,0.00747279787095,0.982697487007,0.659181922242,0.634099702347
2013-02-27,20,0.233600615148,1.11038023717,0.659181922242,0.634099702347
2013-02-28,1,0.0538778119032,0.889059993085,0.62007937478,0.626840061778
2013-02-28,20,0.241422003189,1.02439421076,0.62007937478,0.626840061778
2013-03-01,1,0.211611642608,0.811755644741,0.586107281007,0.626240255233
2013-03-01,20,0.248779522692,0.953406687925,0.586107281007,0.626240255233
2013-03-04,1,0.906409079567,0.761138950444,0.563637542703,0.586795701965
2013-03-04,20,0.251506240048,0.906926071772,0.563637542703,0.586795701965
2013-03-05,1,0.0117489352575,0.793395080965,0.584203834915,0.564768479501
2013-03-05,20,0.262388400465,0.936546434029,0.584203834915,0.564768479501
2013-03-06,1,0.0329365735486,0.722878082474,0.549856540935,0.511663852979
2013-03-06,20,0.269962880952,0.871791641473,0.549856540935,0.511663852979
2013-03-07,1,0.199909919677,0.663140098564,0.518841342892,0.513159970254
2013-03-07,20,0.277578885093,0.816935070169,0.518841342892,0.513159970254
2013-03-08,1,0.105223608347,0.629009692976,0.499705457499,0.521522785619
2013-03-08,20,0.287321174532,0.785593586825,0.499705457499,0.521522785619
2013-03-11,1,0.0578953567032,0.588494007744,0.47603654655,0.510867914588
2013-03-11,20,0.28831894894,0.748388588758,0.47603654655,0.510867914588
2013-03-12,1,0.0172446576234,0.54759289463,0.450948075159,0.513578881821
2013-03-12,20,0.358816164641,0.710829657554,0.450948075159,0.513578881821
2013-03-13,1,0.312185041491,0.507090738955,0.424925870107,0.513170694889
2013-03-13,20,0.364240834374,0.673637083495,0.424925870107,0.513170694889
2013-03-14,1,0.0262366700121,0.50404292961,0.41816142039,0.528604662997
2013-03-14,20,0.352666649842,0.670838321975,0.41816142039,0.528604662997
2013-03-15,1,0.305319275277,0.469745157393,0.394645935368,0.529678147451
2013-03-15,20,0.621267088152,0.63934314815,0.394645935368,0.529678147451
2013-03-18,1,0.0588290339591,0.470479076125,0.389286335762,0.544397442471
2013-03-18,20,0.706904081204,0.636631191032,0.389286335762,0.544397442471
2013-03-19,1,0.445578119681,0.444198362945,0.369458897654,0.520623077756
2013-03-19,20,0.808094036858,0.612885520722,0.369458897654,0.520623077756
2013-03-20,1,0.691712207635,0.463280498628,0.374026050976,0.46500542363
2013-03-20,20,0.808418233312,0.630126989766,0.374026050976,0.46500542363
2013-03-21,1,0.511031082263,0.50693665816,0.393087220375,0.479600834952
2013-03-21,20,0.81263176698,0.669572067384,0.393087220375,0.479600834952
2013-03-22,1,0.111932354194,0.525635894278,0.400163852088,0.467009147323
2013-03-22,20,0.797895174888,0.686467571432,0.400163852088,0.467009147323
2013-03-25,1,0.601394541502,0.498533954928,0.382869962215,0.301863951963
2013-03-25,20,0.846018411957,0.661979890593,0.382869962215,0.301863951963
2013-03-26,1,0.00346359383391,0.528103559409,0.395981436972,0.313384288561
2013-03-26,20,0.81594870498,0.688697205089,0.395981436972,0.313384288561
2013-03-27,1,0.163900558702,0.488867231569,0.372430366384,0.233600615148
2013-03-27,20,0.823882337716,0.65324562131,0.372430366384,0.233600615148
2013-03-28,1,0.201028201951,0.471848135435,0.359918577923,0.241422003189
2013-03-28,20,0.817387130761,0.637868190605,0.359918577923,0.241422003189
2013-04-01,1,0.266145989728,0.460922892137,0.350385155365,0.248779522692
2013-04-01,20,0.832970778758,0.62799679847,0.350385155365,0.248779522692
2013-04-02,1,1.12405228791,0.45841530771,0.345330805426,0.251506240048
2013-04-02,20,0.822743188121,0.62573109614,0.345330805426,0.251506240048
2013-04-03,1,0.163238545013,0.549841007032,0.392054094375,0.262388400465
2013-04-03,20,0.810265594084,0.70833785415,0.392054094375,0.262388400465
2013-04-04,1,0.185256656352,0.525434862139,0.378325161413,0.269962880952
2013-04-04,20,0.845945950513,0.686285930893,0.378325161413,0.269962880952
2013-04-05,1,0.394755708462,0.506359702476,0.36674105111,0.277578885093
2013-04-05,20,0.891593747967,0.669050764961,0.36674105111,0.277578885093
2013-04-08,1,0.125179096517,0.512437782963,0.368421930551,0.287321174532
2013-04-08,20,0.873672306455,0.674542552584,0.368421930551,0.287321174532
2013-04-09,1,1.46783967072,0.488364929921,0.353827360509,0.28831894894
2013-04-09,20,0.881020013692,0.652791771779,0.353827360509,0.28831894894
2013-04-10,1,0.125738052273,0.613718866208,0.420668099121,0.358816164641
2013-04-10,20,0.81615870582,0.766054042205,0.420668099121,0.358816164641
2013-04-11,1,0.0807013508685,0.57755670462,0.40297229631,0.364240834374
2013-04-11,20,0.816694318408,0.733380089984,0.40297229631,0.364240834374
2013-04-12,1,5.3982454362,0.540817447276,0.383636039584,0.352666649842
2013-04-12,20,0.821957405267,0.70018470878,0.383636039584,0.352666649842
2013-04-15,1,2.01805913632,1.08884592386,0.684512603381,0.621267088152
2013-04-15,20,0.552046053167,1.19535024849,0.684512603381,0.621267088152
2013-04-16,1,2.08262814704,1.21551162921,0.764525395357,0.706904081204
2013-04-16,20,0.502057912639,1.32410793855,0.764525395357,0.706904081204
2013-04-17,1,0.452062048751,1.32317791083,0.843611560458,0.808094036858
2013-04-17,20,0.410937133696,1.42208485732,0.843611560458,0.808094036858
2013-04-18,1,0.775982881012,1.23825414279,0.820118589756,0.808418233312
2013-04-18,20,0.400945940544,1.34480375317,0.820118589756,0.808418233312
2013-04-19,1,0.216299240406,1.19922817246,0.817470447231,0.81263176698
2013-04-19,20,0.414651522705,1.30928990179,0.817470447231,0.81263176698
2013-04-22,1,1.07439709557,1.10323180271,0.781400174822,0.797895174888
2013-04-22,20,0.404087099524,1.22193266812,0.781400174822,0.797895174888
2013-04-23,1,4.01977563456e-07,1.11331673575,0.798979990067,0.846018411957
2013-04-23,20,0.351848001209,1.23111001362,0.798979990067,0.846018411957
2013-04-24,1,0.162136248551,1.00381890308,0.751041214781,0.81594870498
2013-04-24,20,0.386360030113,1.13146637316,0.751041214781,0.81594870498
2013-04-25,1,0.0339964195939,0.925348912899,0.715706916808,0.823882337716
2013-04-25,20,0.382540146718,1.06005824298,0.715706916808,0.823882337716
2013-04-26,1,0.512701161895,0.842195592903,0.674804286975,0.817387130761
2013-04-26,20,0.380992411515,0.984388256462,0.674804286975,0.817387130761
2013-04-29,1,0.0615941769918,0.821780330625,0.66507809947,0.832970778758
2013-04-29,20,0.375334634413,0.965810253548,0.66507809947,0.832970778758
2013-04-30,1,0.874500407157,0.754119428957,0.628869064121,0.822743188121
2013-04-30,20,0.397268139113,0.904238454404,0.628869064121,0.822743188121
2013-05-01,1,0.876845673593,0.784154176844,0.643606944703,0.810265594084
2013-05-01,20,0.360254193245,0.931570243054,0.643606944703,0.810265594084
2013-05-02,1,1.09821260544,0.810836285811,0.657601268437,0.845945950513
2013-05-02,20,0.420244273175,0.955851111525,0.657601268437,0.845945950513
2013-05-03,1,0.0363268782332,0.858699267666,0.684037948657,0.891593747967
2013-05-03,20,0.38284760809,0.99940669285,0.684037948657,0.891593747967
2013-05-06,1,0.272133241239,0.783815874159,0.645175284431,0.873672306455
2013-05-06,20,0.396299867458,0.931262385717,0.645175284431,0.873672306455
2013-05-07,1,0.17061351329,0.743915243415,0.62279276184,0.881020013692
2013-05-07,20,0.478958712347,0.894952588459,0.62279276184,0.881020013692
2013-05-08,1,0.136450304031,0.697626991027,0.595662006927,0.81615870582
2013-05-08,20,0.506166934121,0.85283001976,0.595662006927,0.81615870582
2013-05-09,1,0.185963088045,0.653140007343,0.568109304753,0.816694318408
2013-05-09,20,0.580624579141,0.812346615662,0.568109304753,0.816694318408
2013-05-10,1,1.83941904249e-05,0.619456623721,0.545180531751,0.821957405267
2013-05-10,20,0.571386585387,0.781694548076,0.545180531751,0.821957405267
2013-05-13,1,1.01829632576,0.569336717756,0.512470803497,0.552046053167
2013-05-13,20,0.623459374219,0.73608515318,0.512470803497,0.552046053167
2013-05-14,1,0.260212568181,0.63169192289,0.542820334833,0.502057912639
2013-05-14,20,0.607864695368,0.788262190106,0.542820334833,0.502057912639
2013-05-15,1,0.25223818572,0.608013283277,0.525863868834,0.410937133696
2013-05-15,20,0.702547569035,0.766709724132,0.525863868834,0.410937133696
2013-05-16,1,1.05009452422,0.586312566327,0.509446327847,0.400945940544
2013-05-16,20,0.7073548289,0.746957577417,0.509446327847,0.400945940544
2013-05-17,1,0.00501077678362,0.655656229503,0.54188521963,0.414651522705
2013-05-17,20,0.683267425063,0.810074672211,0.54188521963,0.414651522705
2013-05-20,1,0.0296151292801,0.600798869138,0.509672753059,0.404087099524
2013-05-20,20,0.713133162896,0.760143113136,0.509672753059,0.404087099524
2013-05-21,1,0.690240980062,0.555298039227,0.480869295632,0.351848001209
2013-05-21,20,0.808929961408,0.718727934543,0.480869295632,0.351848001209
2013-05-22,1,0.0857385806578,0.588509495676,0.493431596698,0.386360030113
2013-05-22,20,1.0951824535,0.748957238115,0.493431596698,0.386360030113
2013-05-23,1,0.00304171551699,0.55071372867,0.468970015736,0.382540146718
2013-05-23,20,1.09444988649,0.71455526251,0.468970015736,0.382540146718
2013-05-24,1,0.399545619861,0.508320951555,0.441014317722,0.380992411515
2013-05-24,20,1.1689542896,0.675969055649,0.441014317722,0.380992411515
2013-05-28,1,0.500264271,0.514993749465,0.438526195851,0.375334634413
2013-05-28,20,1.19365147611,0.682042683707,0.438526195851,0.375334634413
2013-05-29,1,0.134221489781,0.53202216603,0.44223048036,0.397268139113
2013-05-29,20,1.21418976745,0.697542069423,0.44223048036,0.397268139113
2013-05-30,1,2.07664727221,0.506426239624,0.423749940925,0.360254193245
2013-05-30,20,1.22657916543,0.674244475391,0.423749940925,0.360254193245
2013-05-31,1,0.350279303731,0.699191375485,0.522923780802,0.420244273175
2013-05-31,20,1.13198659517,0.849700671329,0.522923780802,0.420244273175
2013-06-03,1,0.305372065603,0.677336673185,0.512565112178,0.38284760809
2013-06-03,20,1.1289943662,0.829808366054,0.512565112178,0.38284760809
2013-06-04,1,1.92531013901,0.653146409938,0.500133529383,0.396299867458
2013-06-04,20,1.11387430632,0.807790216615,0.500133529383,0.396299867458
2013-06-05,1,0.71477794877,0.811407903941,0.58564412596,0.478958712347
2013-06-05,20,1.01794804671,0.951840952644,0.58564412596,0.478958712347
2013-06-06,1,1.62560320443,0.816386547739,0.593392155329,0.506166934121
2013-06-06,20,1.03372086316,0.956372549593,0.593392155329,0.506166934121
2013-06-07,1,0.00120321296874,0.92170492681,0.655324818275,0.580624579141
2013-06-07,20,0.966158004672,1.05223408634,0.655324818275,0.580624579141
2013-06-10,1,1.04147417083,0.834272339855,0.616077521957,0.571386585387
2013-06-10,20,0.99204421666,0.972652324626,0.616077521957,0.571386585387
2013-06-11,1,0.706402748745,0.872693536052,0.641601320889,0.623459374219
2013-06-11,20,0.939986993034,1.00762357032,0.641601320889,0.623459374219
2013-06-12,1,2.15387004152,0.862893620039,0.645489406561,0.607864695368
2013-06-12,20,0.995295904578,0.991051630053,0.645489406561,0.607864695368
2013-06-13,1,0.34838338302,1.01935826402,0.735992244658,0.702547569035
2013-06-13,20,0.892350933079,1.13298224619,0.735992244658,0.702547569035
2013-06-14,1,0.568346447496,0.95821398576,0.71273571296,0.7073548289
2013-06-14,20,0.875875612828,1.07751767052,0.71273571296,0.7073548289
2013-06-17,1,0.602325533434,0.928651311431,0.704072357032,0.683267425063
2013-06-17,20,0.854361338045,1.05070107812,0.704072357032,0.683267425063
2013-06-18,1,1.94555109952,0.906391068257,0.697967547616,0.713133162896
2013-06-18,20,0.828082083811,1.03050859278,0.697967547616,0.713133162896
2013-06-19,1,6.41529082197,1.03468211877,0.77282256073,0.808929961408
2013-06-19,20,0.743406444288,1.14688266542,0.77282256073,0.808929961408
2013-06-20,1,0.0710872404142,1.63956841404,1.1113706564,1.0951824535
2013-06-20,20,0.423935950447,1.69558096811,1.1113706564,1.0951824535
2013-06-21,1,1.49312977771,1.47317238874,1.04895365145,1.09444988649
2013-06-21,20,0.42244399285,1.54464149837,1.04895365145,1.09444988649
2013-06-24,1,0.893489350059,1.48337032899,1.07560421902,1.1689542896
2013-06-24,20,0.349505520297,1.55389215019,1.07560421902,1.1689542896
2013-06-25,1,0.911030097712,1.42632802831,1.06467732688,1.19365147611
2013-06-25,20,0.312121534342,1.50214851869,1.06467732688,1.19365147611
2013-06-26,1,0.382009449499,1.37808940215,1.05545849313,1.21418976745
2013-06-26,20,0.269829470071,1.45839078685,1.05545849313,1.21418976745
2013-06-27,1,0.184795866986,1.27742541364,1.01505155051,1.22657916543
2013-06-27,20,0.251071749388,1.36707749365,1.01505155051,1.22657916543
2013-06-28,1,0.290434724297,1.16717954665,0.965236209503,1.13198659517
2013-06-28,20,0.248837108457,1.26707238432,0.965236209503,1.13198659517
2013-07-01,1,0.00297086795361,1.08184584468,0.924748120391,1.1289943662
2013-07-01,20,0.234385215685,1.18966534467,0.924748120391,1.1289943662
2013-07-02,1,0.00678494695586,0.975147985041,0.869441485245,1.11387430632
2013-07-02,20,0.234245977293,1.09287866767,0.869441485245,1.11387430632
2013-07-03,1,1.03023427777,0.8817254081,0.817682092947,1.01794804671
2013-07-03,20,0.311564782645,1.00813413006,0.817682092947,1.01794804671
2013-07-05,1,0.274346034583,0.912225425436,0.830435224037,1.03372086316
2013-07-05,20,0.261396416253,1.03580099551,0.830435224037,1.03372086316
2013-07-08,1,0.518927452721,0.855838546252,0.797069872669,0.966158004672
2013-07-08,20,0.248775692656,0.98465190329,0.797069872669,0.966158004672
2013-07-09,1,0.000329698309249,0.833170196398,0.780381327473,0.99204421666
2013-07-09,20,0.239300094206,0.964089220375,0.780381327473,0.99204421666
2013-07-10,1,1.81258097964,0.756143075847,0.733578229723,0.939986993034
2013-07-10,20,0.246553572948,0.894217162374,0.733578229723,0.939986993034
2013-07-11,1,0.0949706115274,0.884028397382,0.798318394718,0.995295904578
2013-07-11,20,0.163443659894,1.01047075254,0.798318394718,0.995295904578
2013-07-12,1,0.0188769780076,0.809751991074,0.756117527726,0.892350933079
2013-07-12,20,0.165090261974,0.943622400977,0.756117527726,0.892350933079
2013-07-15,1,0.138060951832,0.736107476243,0.711883094743,0.875875612828
2013-07-15,20,0.164811793243,0.877342748223,0.711883094743,0.875875612828
2013-07-16,1,0.0767404487495,0.684919564889,0.677453766169,0.854361338045
2013-07-16,20,0.161751319813,0.831273913395,0.677453766169,0.854361338045
2013-07-17,1,0.252038309053,0.633171100078,0.641410967124,0.828082083811
2013-07-17,20,0.171382675531,0.78470058358,0.641410967124,0.828082083811
2013-07-18,1,0.0258809451499,0.6074708126,0.618048607639,0.743406444288
2013-07-18,20,0.262238614448,0.761570468138,0.618048607639,0.743406444288
2013-07-19,1,0.0412480884883,0.559576055272,0.58251854789,0.423935950447
2013-07-19,20,0.266422841027,0.718465453573,0.58251854789,0.423935950447
2013-07-22,1,0.0343603266374,0.519315753155,0.550042320326,0.42244399285
2013-07-22,20,0.281870484577,0.682231406133,0.550042320326,0.42244399285
2013-07-23,1,0.145809630969,0.483251562125,0.519101400705,0.349505520297
2013-07-23,20,0.287425434806,0.649773835276,0.519101400705,0.349505520297
2013-07-24,1,0.0651888122862,0.464138529539,0.49670389452,0.312121534342
2013-07-24,20,0.296933902759,0.63257221251,0.49670389452,0.312121534342
2013-07-25,1,0.00685503583572,0.43834171923,0.470812989586,0.269829470071
2013-07-25,20,0.330503615284,0.609355227059,0.470812989586,0.269829470071
2013-07-26,1,0.140103048381,0.409185753665,0.442975512361,0.251071749388
2013-07-26,20,0.337919676906,0.583115020605,0.442975512361,0.251071749388
2013-07-29,1,0.0013968688379,0.398573363147,0.424803164522,0.248837108457
2013-07-29,20,0.339107025703,0.573563928306,0.424803164522,0.248837108457
2013-07-30,1,0.000186100114992,0.373713141994,0.399398786781,0.234385215685
2013-07-30,20,0.467061811113,0.551189867873,0.399398786781,0.234385215685
2013-07-31,1,1.553161054,0.351785199729,0.375446025581,0.234245977293
2013-07-31,20,0.47081693745,0.53145484209,0.375446025581,0.234245977293
2013-08-01,1,0.0268669499326,0.50674798491,0.446108927287,0.311564782645
2013-08-01,20,0.395082580072,0.670920484782,0.446108927287,0.311564782645
2013-08-02,1,0.0219315626417,0.471394352208,0.420954408646,0.261396416253
2013-08-02,20,0.398793420449,0.639102412459,0.420954408646,0.261396416253
2013-08-05,1,0.329415483723,0.439850264448,0.397013037885,0.248775692656
2013-08-05,20,0.40633124505,0.610712909344,0.397013037885,0.248775692656
2013-08-06,1,0.145399273138,0.44668709781,0.392957184636,0.239300094206
2013-08-06,20,0.422537518096,0.616866021252,0.392957184636,0.239300094206
2013-08-07,1,0.150382718567,0.432040578474,0.378103709946,0.246553572948
2013-08-07,20,0.415998553979,0.603684235509,0.378103709946,0.246553572948
2013-08-08,1,0.127902653137,0.408119114336,0.364440450463,0.163443659894
2013-08-08,20,0.408480899345,0.574645406169,0.364440450463,0.163443659894
2013-08-09,1,0.0133076033762,0.394794692938,0.350248182623,0.165090261974
2013-08-09,20,0.451520196535,0.562725701294,0.350248182623,0.165090261974
2013-08-12,1,0.0768514832452,0.37001651587,0.330031747869,0.164811793243
2013-08-12,20,0.477638261277,0.540559743826,0.330031747869,0.164811793243
2013-08-13,1,0.269367563095,0.355660985526,0.314840931991,0.161751319813
2013-08-13,20,0.478439725484,0.527717633844,0.314840931991,0.161751319813
2013-08-14,1,2.06915708741,0.365197730218,0.312112529857,0.171382675531
2013-08-14,20,0.470704325568,0.536248974816,0.312112529857,0.171382675531
2013-08-15,1,0.109565476721,0.579903887475,0.41753520331,0.262238614448
2013-08-15,20,0.37092123618,0.728319906304,0.41753520331,0.262238614448
2013-08-16,1,0.350200959499,0.542733407433,0.399057019715,0.266422841027
2013-08-16,20,0.381557173939,0.695068094541,0.399057019715,0.266422841027
2013-08-19,1,0.145459331215,0.537860677825,0.396125656102,0.281870484577
2013-08-19,20,0.372904417604,0.690709068574,0.396125656102,0.281870484577
2013-08-20,1,0.335978990019,0.510127592858,0.381085676609,0.287425434806
2013-08-20,20,0.438886330394,0.665899722021,0.381085676609,0.287425434806
2013-08-21,1,0.736583062794,0.507751102334,0.378379275414,0.296933902759
2013-08-21,20,0.423788755357,0.663773771118,0.378379275414,0.296933902759
2013-08-22,1,0.155176268272,0.551611489775,0.399871502656,0.330503615284
2013-08-22,20,0.413190517571,0.703010212117,0.399871502656,0.330503615284
2013-08-23,1,0.163850024323,0.523252129546,0.385189788593,0.337919676906
2013-08-23,20,0.416621744241,0.677640614873,0.385189788593,0.337919676906
2013-08-26,1,2.56049257703,0.49947690482,0.371909402737,0.339107025703
2013-08-26,20,0.411810599055,0.656371874293,0.371909402737,0.339107025703
2013-08-27,1,0.0752886268651,0.753526864495,0.503224393194,0.467061811113
2013-08-27,20,0.287548612328,0.883638819138,0.503224393194,0.467061811113
2013-08-28,1,0.0384739064492,0.690449903086,0.477548247215,0.47081693745
2013-08-28,20,0.289837174336,0.82721169619,0.477548247215,0.47081693745
2013-08-29,1,0.101083757457,0.631135375,0.451203786769,0.395082580072
2013-08-29,20,0.296245337652,0.774150355026,0.451203786769,0.395082580072
2013-08-30,1,0.172688054668,0.586507775977,0.43019658501,0.398793420449
2013-08-30,20,0.30947715684,0.734227585117,0.43019658501,0.398793420449
2013-09-03,1,0.653540944649,0.555739497319,0.414746073189,0.40633124505
2013-09-03,20,0.332577105198,0.706703027751,0.414746073189,0.40633124505
2013-09-04,1,0.0146199907973,0.584003635997,0.429073765477,0.422537518096
2013-09-04,20,0.300122430348,0.731987442101,0.429073765477,0.422537518096
2013-09-05,1,2.96258786243e-05,0.535427120246,0.404206538996,0.415998553979
2013-09-05,20,0.340071382764,0.688532066867,0.404206538996,0.415998553979
2013-09-06,1,0.988688596953,0.492294930087,0.379955924209,0.408480899345
2013-09-06,20,0.364769573577,0.620312994756,0.379955924209,0.408480899345
2013-09-09,1,0.535668898203,0.556143542773,0.416479884574,0.451520196535
2013-09-09,20,0.351824411468,0.675579265693,0.416479884574,0.451520196535
2013-09-10,1,0.0928807673921,0.567891609167,0.423631225392,0.477638261277
2013-09-10,20,0.402029503984,0.685748191736,0.423631225392,0.477638261277
2013-09-11,1,0.11465956478,0.534510456089,0.403786197912,0.478439725484
2013-09-11,20,0.397550055401,0.656854034563,0.403786197912,0.478439725484
2013-09-12,1,0.0734952996325,0.507101249616,0.386438599924,0.470704325568
2013-09-12,20,0.625002541011,0.633129092588,0.386438599924,0.470704325568
2013-09-13,1,0.322284231904,0.47875671531,0.367662001906,0.37092123618
2013-09-13,20,0.640962886345,0.608594546784,0.367662001906,0.37092123618
2013-09-16,1,0.177145832808,0.478256060742,0.364939335706,0.381557173939
2013-09-16,20,0.633116646543,0.608161188722,0.364939335706,0.381557173939
2013-09-17,1,1.46509758701,0.463460564692,0.353671725532,0.372904417604
2013-09-17,20,0.649384823997,0.595354459509,0.353671725532,0.372904417604
2013-09-18,1,0.0340274892743,0.577717451189,0.420357277221,0.438886330394
2013-09-18,20,0.670424901715,0.694253273123,0.420357277221,0.438886330394
2013-09-19,1,0.524618307085,0.537392613243,0.397177489944,0.423788755357
2013-09-19,20,0.691311560975,0.659348780673,0.397177489944,0.423788755357
2013-09-20,1,0.22380080167,0.550192777585,0.404823938972,0.413190517571
2013-09-20,20,0.686384156664,0.670428384768,0.404823938972,0.413190517571
2013-09-23,1,0.0676271206017,0.531782239096,0.393962550734,0.416621744241
2013-09-23,20,0.67519832398,0.654492536432,0.393962550734,0.416621744241
2013-09-24,1,0.0752528424773,0.500034267116,0.374382424926,0.411810599055
2013-09-24,20,0.688182553464,0.627012032983,0.374382424926,0.411810599055
2013-09-25,1,0.121059867044,0.472671892244,0.356434649979,0.287548612328
2013-09-25,20,0.695633590715,0.603327627644,0.356434649979,0.287548612328
2013-09-26,1,0.166637172751,0.452969047814,0.342312163003,0.289837174336
2013-09-26,20,0.694871076661,0.586273181311,0.342312163003,0.289837174336
2013-09-27,1,0.365720141231,0.440026875141,0.331771663588,0.296245337652
2013-09-27,20,0.696154270658,0.575070657225,0.331771663588,0.296245337652
2013-09-30,1,0.634687021814,0.44825156016,0.333808572247,0.30947715684
2013-09-30,20,0.678751140268,0.5821898044,0.333808572247,0.30947715684
2013-10-01,1,0.00444744766716,0.48213242962,0.351861279221,0.332577105198
2013-10-01,20,0.662521783036,0.611516507556,0.351861279221,0.332577105198
2013-10-02,1,0.813599039107,0.449816134068,0.331016449327,0.300122430348
2013-10-02,20,0.67424494797,0.583544072909,0.331016449327,0.300122430348
2013-10-03,1,0.493993442131,0.501209874782,0.359971404714,0.340071382764
2013-10-03,20,0.640963817916,0.628029618942,0.359971404714,0.340071382764
2013-10-04,1,0.729785354777,0.514395449015,0.368012726959,0.364769573577
2013-10-04,20,0.620466867914,0.632763924541,0.368012726959,0.364769573577
2013-10-07,1,1.53977074852,0.548991602896,0.389719084628,0.351824411468
2013-10-07,20,0.590329358778,0.661820455573,0.389719084628,0.351824411468
2013-10-08,1,0.00329179573447,0.657396820814,0.458722184462,0.402029503984
2013-10-08,20,0.517287553146,0.752867558358,0.458722184462,0.402029503984
2013-10-09,1,4.66370927698,0.605804624133,0.431396361138,0.397550055401
2013-10-09,20,0.526181726309,0.709536433488,0.431396361138,0.397550055401
2013-10-10,1,0.392702206309,1.00767483862,0.685335136089,0.625002541011
2013-10-10,20,0.381048498269,1.04705818223,0.685335136089,0.625002541011
2013-10-11,1,0.165359435878,0.9532482928,0.667777160302,0.640962886345
2013-10-11,20,0.450367294847,1.00134655131,0.667777160302,0.640962886345
2013-10-14,1,0.502509381874,0.883241010155,0.637632096836,0.633116646543
2013-10-14,20,0.442360449064,0.942549010186,0.637632096836,0.633116646543
2013-10-15,1,1.88589914137,0.853650323232,0.629524733939,0.649384823997
2013-10-15,20,0.420051032014,0.917696458201,0.629524733939,0.649384823997
2013-10-16,1,0.451760674486,0.960304191749,0.704907198385,0.670424901715
2013-10-16,20,0.358260065662,1.00727264204,0.704907198385,0.670424901715
2013-10-17,1,0.426070220863,0.916989482156,0.689718406951,0.691311560975
2013-10-17,20,0.347315224274,0.970893592284,0.689718406951,0.691311560975
2013-10-18,1,8.4147982802e-05,0.876182399224,0.673899515785,0.686384156664
2013-10-18,20,0.334887013994,0.936620641725,0.673899515785,0.686384156664
2013-10-21,1,0.327311710272,0.79915479665,0.633470593717,0.67519832398
2013-10-21,20,0.341746513325,0.871926891889,0.633470593717,0.67519832398
2013-10-22,1,0.224273587505,0.762397228321,0.615101060711,0.688182553464
2013-10-22,20,0.327472053356,0.841055037507,0.615101060711,0.688182553464
2013-10-23,1,0.105809585958,0.719966553312,0.591651412318,0.695633590715
2013-10-23,20,0.322891315506,0.805418468503,0.591651412318,0.695633590715
2013-10-24,1,0.192301052702,0.671032986291,0.562500902737,0.694871076661
2013-10-24,20,0.350371059338,0.76432026685,0.562500902737,0.694871076661
2013-10-25,1,0.0176575334193,0.636025130152,0.540288911735,0.696154270658
2013-10-25,20,0.353003250006,0.734917956357,0.540288911735,0.696154270658
2013-10-28,1,0.310099877173,0.588266990987,0.508931029036,0.678751140268
2013-10-28,20,0.3529193993,0.694806970107,0.508931029036,0.678751140268
2013-10-29,1,0.238910746366,0.574076904191,0.497001159924,0.662521783036
2013-10-29,20,0.337425624448,0.682889035566,0.497001159924,0.662521783036
2013-10-30,1,0.147976438026,0.554680290052,0.48151573511,0.67424494797
2013-10-30,20,0.328560245847,0.666598255886,0.48151573511,0.67424494797
2013-10-31,1,0.0840544420784,0.528778997255,0.461503377285,0.640963817916
2013-10-31,20,0.321470320733,0.644844342995,0.461503377285,0.640963817916
2013-11-01,1,0.127035172068,0.496726083939,0.438856441173,0.620466867914
2013-11-01,20,0.320974210352,0.624543110921,0.438856441173,0.620466867914
2013-11-04,1,0.0789346358774,0.47511055599,0.420147165027,0.590329358778
2013-11-04,20,0.319735913012,0.606549205408,0.420147165027,0.590329358778
2013-11-05,1,0.181175258989,0.451292215352,0.399674413278,0.517287553146
2013-11-05,20,0.316639837162,0.586721562432,0.399674413278,0.517287553146
2013-11-06,1,1.76104471619,0.440467574046,0.38656446402,0.526181726309
2013-11-06,20,0.317038043483,0.577710560095,0.38656446402,0.526181726309
2013-11-07,1,1.77907813786,0.587868199341,0.469033279151,0.381048498269
2013-11-07,20,0.291428297942,0.700414614807,0.469033279151,0.381048498269
2013-11-08,1,0.00522252022746,0.719499135959,0.547635970673,0.450367294847
2013-11-08,20,0.204122322666,0.809991148939,0.547635970673,0.450367294847
2013-11-11,1,0.0563210408715,0.659242643126,0.515091163646,0.442360449064
2013-11-11,20,0.208932432985,0.759830466251,0.515091163646,0.442360449064
2013-11-12,1,0.650079814324,0.611240843602,0.48756495628,0.420051032014
2013-11-12,20,0.270884487455,0.719871236612,0.48756495628,0.420051032014
2013-11-13,1,0.232863846736,0.627938654614,0.497315847763,0.358260065662
2013-11-13,20,0.245515961484,0.733771375175,0.497315847763,0.358260065662
2013-11-14,1,0.177506015249,0.601203155025,0.481448727701,0.347315224274
2013-11-14,20,0.233877911677,0.711515335232,0.481448727701,0.347315224274
2013-11-15,1,0.137274134607,0.572153926205,0.463212164954,0.334887013994
2013-11-15,20,0.244848569341,0.687333225045,0.463212164954,0.334887013994
2013-11-18,1,0.0418225108847,0.542569151155,0.443655883133,0.341746513325
2013-11-18,20,0.242807877868,0.66270529793,0.443655883133,0.341746513325
2013-11-19,1,0.132658830517,0.507027404883,0.419545880798,0.327472053356
2013-11-19,20,0.377021760946,0.633118473788,0.419545880798,0.327472053356
2013-11-20,1,0.655404462592,0.484743220755,0.402332657781,0.322891315506
2013-11-20,20,0.370557075934,0.614567943605,0.402332657781,0.322891315506
2013-11-21,1,0.244944866057,0.517040640038,0.41751696607,0.350371059338
2013-11-21,20,0.34934122452,0.64145401885,0.41751696607,0.350371059338
2013-11-22,1,0.0159805192986,0.504717382157,0.407162640069,0.353003250006
2013-11-22,20,0.35116034243,0.631195489035,0.407162640069,0.353003250006
2013-11-25,1,0.000224380133943,0.471118220898,0.383691712823,0.3529193993
2013-11-25,20,0.354599745122,0.603225775113,0.383691712823,0.3529193993
2013-11-26,1,0.0616031743506,0.439956870763,0.360683672862,0.337425624448
2013-11-26,20,0.365795346238,0.577285423746,0.360683672862,0.337425624448
2013-11-27,1,0.0061779357459,0.418605060329,0.342738842951,0.328560245847
2013-11-27,20,0.362771851105,0.559511050601,0.342738842951,0.328560245847
2013-11-29,1,0.0741322344654,0.3942914223,0.322545188519,0.321470320733
2013-11-29,20,0.362479023178,0.539271095955,0.322545188519,0.321470320733
2013-12-02,1,0.102269225261,0.375571720871,0.307640411275,0.320974210352
2013-12-02,20,0.366580995756,0.515574122534,0.307640411275,0.320974210352
2013-12-03,1,0.0170131188716,0.365465010087,0.295318140115,0.319735913012
2013-12-03,20,0.40108511134,0.507195419024,0.295318140115,0.319735913012
2013-12-04,1,0.189139385425,0.348222038023,0.27861983884,0.316639837162
2013-12-04,20,0.400289906729,0.492900585261,0.27861983884,0.316639837162
2013-12-05,1,1.24884980536,0.349827151949,0.273251011635,0.317038043483
2013-12-05,20,0.393995367004,0.494231262865,0.273251011635,0.317038043483
2013-12-06,1,0.0329586323374,0.454761767701,0.331786939258,0.291428297942
2013-12-06,20,0.349934955307,0.581224553962,0.331786939258,0.291428297942
2013-12-09,1,0.10142472661,0.42854410691,0.313857240843,0.204122322666
2013-12-09,20,0.348309544796,0.559489489887,0.313857240843,0.204122322666
2013-12-10,1,1.29536213028,0.412106932809,0.301111289989,0.208932432985
2013-12-10,20,0.343298946989,0.545862681792,0.301111289989,0.208932432985
2013-12-11,1,0.142709294899,0.514239396429,0.360766340407,0.270884487455
2013-12-11,20,0.281185118726,0.630532922156,0.360766340407,0.270884487455
2013-12-12,1,0.000102850603329,0.49172758794,0.347682917676,0.245515961484
2013-12-12,20,0.354136397484,0.611870097739,0.347682917676,0.245515961484
2013-12-13,1,0.396919168533,0.457940347753,0.326828113652,0.233877911677
2013-12-13,20,0.412018722011,0.583859672391,0.326828113652,0.233877911677
2013-12-16,1,0.096460305144,0.466901612432,0.331033576945,0.244848569341
2013-12-16,20,0.405448896802,0.591288773848,0.331033576945,0.244848569341
2013-12-17,1,2.72610017244,0.445455307026,0.316959180637,0.242807877868
2013-12-17,20,0.401534471945,0.573509276818,0.316959180637,0.242807877868
2013-12-18,1,0.00336513026477,0.683417416484,0.461507640145,0.377021760946
2013-12-18,20,0.272845310436,0.770785522697,0.461507640145,0.377021760946
2013-12-19,1,0.231087434314,0.627339493229,0.434019089552,0.370557075934
2013-12-19,20,0.276513260839,0.724295591163,0.434019089552,0.370557075934
2013-12-20,1,0.281327224256,0.60012109847,0.421843190238,0.34934122452
2013-12-20,20,0.265124029197,0.701730894837,0.421843190238,0.34934122452
2013-12-23,1,0.0847685731403,0.581020770715,0.413412232279,0.35116034243
2013-12-23,20,0.29092408836,0.685896269051,0.413412232279,0.35116034243
2013-12-24,1,0.224136402452,0.544972262491,0.393693612731,0.354599745122
2013-12-24,20,0.509215158223,0.656011198742,0.393693612731,0.354599745122
2013-12-26,1,0.00113327169991,0.526789869648,0.383520180114,0.365795346238
2013-12-26,20,0.509955694544,0.64093756282,0.383520180114,0.365795346238
2013-12-27,1,0.000321377192807,0.488967773916,0.360576965609,0.362771851105
2013-12-27,20,0.528637711527,0.609582146303,0.360576965609,0.362771851105
2013-12-30,1,0.15617168604,0.455527394245,0.338961630304,0.362479023178
2013-12-30,20,0.58127292622,0.581859276569,0.338961630304,0.362479023178
2013-12-31,1,0.792351536925,0.439380806264,0.327994233648,0.366580995756
2013-12-31,20,0.636229647065,0.564090591945,0.327994233648,0.366580995756
2014-01-02,1,0.00110902666861,0.488063194309,0.355855671845,0.40108511134
2014-01-02,20,0.61764805059,0.604804536565,0.355855671845,0.40108511134
2014-01-03,1,0.0632485909188,0.454935641032,0.334570873134,0.400289906729
2014-01-03,20,0.884319173695,0.577099376164,0.334570873134,0.400289906729
2014-01-06,1,0.367641571415,0.431619766576,0.318291536201,0.393995367004
2014-01-06,20,0.910128348665,0.557599896794,0.318291536201,0.393995367004
2014-01-07,1,0.000450422110486,0.440306591423,0.321252538314,0.349934955307
2014-01-07,20,0.893807293424,0.564864842494,0.321252538314,0.349934955307
2014-01-08,1,0.00121277048046,0.412635024492,0.302004411342,0.348309544796
2014-01-08,20,0.970207330027,0.541722620249,0.302004411342,0.348309544796
2014-01-09,1,0.0530855650101,0.388234959681,0.28395691289,0.343298946989
2014-01-09,20,1.05745414649,0.521316413253,0.28395691289,0.343298946989
2014-01-10,1,1.60173487006,0.371649387217,0.270104632018,0.281185118726
2014-01-10,20,1.05602918777,0.507445604817,0.270104632018,0.281185118726
2014-01-13,1,1.15774934116,0.506089941013,0.3500024463,0.354136397484
2014-01-13,20,1.0364575806,0.619880624582,0.3500024463,0.354136397484
2014-01-14,1,0.265522664343,0.582244274407,0.398467259992,0.412018722011
2014-01-14,20,0.978606374422,0.683569844379,0.398467259992,0.412018722011
2014-01-15,1,0.0181718080025,0.563690534516,0.390490584253,0.405448896802
2014-01-15,20,0.982110893721,0.668053022612,0.390490584253,0.405448896802
2014-01-16,1,0.15231694226,0.52346532594,0.368151457678,0.401534471945
2014-01-16,20,0.99271121504,0.63441196719,0.368151457678,0.401534471945
2014-01-17,1,0.0767241383276,0.500805040792,0.355201386753,0.272845310436
2014-01-17,20,0.985765622275,0.615460768787,0.355201386753,0.272845310436
2014-01-21,1,0.00330280147242,0.473485349984,0.338492751847,0.276513260839
2014-01-21,20,1.00335356854,0.592612826783,0.338492751847,0.276513260839
2014-01-22,1,0.797328407515,0.44225383377,0.318381354825,0.265124029197
2014-01-22,20,1.02126856843,0.566493355808,0.318381354825,0.265124029197
2014-01-23,1,4.4505899704,0.491083366082,0.347118177986,0.29092408836
2014-01-23,20,0.983246436223,0.607330359789,0.347118177986,0.29092408836
2014-01-24,1,0.238947128872,0.886018065658,0.593326485531,0.509215158223
2014-01-24,20,0.779735691698,0.937621254157,0.593326485531,0.509215158223
2014-01-27,1,0.374773611362,0.82979733335,0.572063724131,0.509955694544
2014-01-27,20,0.768697683662,0.890602858519,0.572063724131,0.509955694544
2014-01-28,1,1.05302567105,0.793152069552,0.560226317365,0.528637711527
2014-01-28,20,0.749959238533,0.859955774413,0.560226317365,0.528637711527
2014-01-29,1,1.25530610294,0.826046465577,0.589794278586,0.58127292622
2014-01-29,20,0.709489417619,0.887465941269,0.589794278586,0.58127292622
2014-01-30,1,0.420719607432,0.878629244634,0.629724988048,0.636229647065
2014-01-30,20,0.650585044666,0.928623049664,0.629724988048,0.636229647065
2014-01-31,1,5.33453148876,0.840646264965,0.617184665211,0.61764805059
2014-01-31,20,0.656972491384,0.897684565962,0.617184665211,0.61764805059
2014-02-03,1,0.579432090337,1.27903865981,0.900225474624,0.884319173695
2014-02-03,20,0.505042358186,1.25477071563,0.900225474624,0.884319173695
2014-02-04,1,0.0412204665905,1.20894581716,0.880977871566,0.910128348665
2014-02-04,20,0.476072176927,1.19767761001,0.880977871566,0.910128348665
2014-02-05,1,1.52845115417,1.09545638263,0.830592427268,0.893807293424
2014-02-05,20,0.475485083914,1.1052364416,0.830592427268,0.893807293424
2014-02-06,1,1.74614909969,1.1382097734,0.872463950882,0.970207330027
2014-02-06,20,0.399207218389,1.14006059429,0.872463950882,0.970207330027
2014-02-07,1,0.0245863906309,1.1968132497,0.92488505981,1.05745414649
2014-02-07,20,0.312007111703,1.18779520363,0.92488505981,1.05745414649
2014-02-10,1,1.21030272667,1.08316117535,0.87086713966,1.05602918777
2014-02-10,20,0.323757798765,1.09522155932,0.87086713966,1.05602918777
2014-02-11,1,0.000725217616716,1.09681610733,0.89123327488,1.0364575806
2014-02-11,20,0.263289212858,1.10634398558,0.89123327488,1.0364575806
2014-02-12,1,0.335613050313,0.992697991194,0.837802791444,0.978606374422
2014-02-12,20,0.332520481242,1.02153608827,0.837802791444,0.978606374422
2014-02-13,1,0.230178234401,0.933052584277,0.807671406977,0.982110893721
2014-02-13,20,0.31973230665,0.972952789491,0.807671406977,0.982110893721
2014-02-14,1,0.0134050869581,0.87033555938,0.773021816622,0.99271121504
2014-02-14,20,0.353994005876,0.921867548956,0.773021816622,0.99271121504
2014-02-18,1,0.428483063536,0.794218105588,0.727444812842,0.985765622275
2014-02-18,20,0.379198283652,0.859867183947,0.727444812842,0.985765622275
2014-02-19,1,0.361602799277,0.766962903901,0.709507107884,1.00335356854
2014-02-19,20,0.376688609958,0.837666855787,0.709507107884,1.00335356854
2014-02-20,1,0.0368857634619,0.736508178642,0.688632849367,1.02126856843
2014-02-20,20,0.376742723925,0.81286040223,0.688632849367,1.02126856843
2014-02-21,1,0.380375079902,0.678471693788,0.649528024213,0.983246436223
2014-02-21,20,0.379211361855,0.765587627518,0.649528024213,0.983246436223
2014-02-24,1,0.0181869681352,0.660284445269,0.633378847554,0.779735691698
2014-02-24,20,0.372083128787,0.750773468734,0.633378847554,0.779735691698
2014-02-25,1,4.70878808251e-06,0.609466292328,0.596467334789,0.768697683662
2014-02-25,20,0.380828588526,0.709380281306,0.596467334789,0.768697683662
2014-02-26,1,0.243629252779,0.562911678869,0.560679577229,0.749959238533
2014-02-26,20,0.405503222697,0.671459897957,0.560679577229,0.749959238533
2014-02-27,1,0.0772186438663,0.545258263652,0.541656557762,0.709489417619
2014-02-27,20,0.3951303554,0.657080565326,0.541656557762,0.709489417619
2014-02-28,1,0.548468541788,0.504989265322,0.513790282928,0.650585044666
2014-02-28,20,0.401985508534,0.624585036872,0.513790282928,0.650585044666
2014-03-03,1,2.29592882481,0.523884866339,0.51587097846,0.656972491384
2014-03-03,20,0.405710790793,0.639414912566,0.51587097846,0.656972491384
2014-03-04,1,2.84651589458e-05,0.710155340969,0.622674449241,0.505042358186
2014-03-04,20,0.315517273731,0.785605974799,0.622674449241,0.505042358186
2014-03-05,1,0.0294786063258,0.650446585392,0.585315690196,0.476072176927
2014-03-05,20,0.319575002665,0.738744622136,0.585315690196,0.476072176927
2014-03-06,1,0.00289384368034,0.600972935769,0.551965465164,0.475485083914
2014-03-06,20,0.318736232888,0.699916109967,0.551965465164,0.475485083914
2014-03-07,1,0.00214696596837,0.5550282294,0.519021167875,0.399207218389
2014-03-07,20,0.398180118396,0.663857226016,0.519021167875,0.399207218389
2014-03-10,1,0.259600131869,0.514685893374,0.488008715761,0.312007111703
2014-03-10,20,0.456482577833,0.632195262581,0.488008715761,0.312007111703
2014-03-11,1,0.000931008526265,0.504329659848,0.474304200727,0.323757798765
2014-03-11,20,0.450509609544,0.624067357271,0.474304200727,0.323757798765
2014-03-12,1,1.3853505853,0.470131316408,0.445901809195,0.263289212858
2014-03-12,20,0.509422426832,0.597227396918,0.445901809195,0.263289212858
2014-03-13,1,0.0798495584596,0.574608230914,0.502268735761,0.332520481242
2014-03-13,20,0.662885834633,0.679224241242,0.502268735761,0.332520481242
2014-03-14,1,0.915412218922,0.539393724925,0.476923585123,0.31973230665
2014-03-14,20,0.704323438152,0.651586763822,0.476923585123,0.31973230665
2014-03-17,1,0.517490642487,0.58967643788,0.503232903151,0.353994005876
2014-03-17,20,0.692039366755,0.691050254929,0.503232903151,0.353994005876
2014-03-18,1,0.378289589659,0.595103327559,0.504088367511,0.379198283652
2014-03-18,20,0.688842115271,0.695309452573,0.504088367511,0.379198283652
2014-03-19,1,0.362685078619,0.586341066708,0.49654044084,0.376688609958
2014-03-19,20,0.724360435974,0.688432548309,0.49654044084,0.376688609958
2014-03-20,1,0.0862585220544,0.577145615654,0.488509119107,0.376742723925
2014-03-20,20,0.707154962559,0.681215662433,0.488509119107,0.376742723925
2014-03-21,1,0.237810418532,0.542240123935,0.464374083284,0.379211361855
2014-03-21,20,0.709941007446,0.653820709356,0.464374083284,0.379211361855
2014-03-24,1,0.193096162931,0.526364342692,0.450780263399,0.372083128787
2014-03-24,20,0.706389152802,0.641360885391,0.450780263399,0.372083128787
2014-03-25,1,0.493497392197,0.508106942222,0.435319217371,0.380828588526
2014-03-25,20,0.69918915605,0.627031890023,0.435319217371,0.380828588526
2014-03-26,1,0.036171906844,0.521278805756,0.43880990786,0.405503222697
2014-03-26,20,0.675985736452,0.637369592363,0.43880990786,0.405503222697
2014-03-27,1,0.214321706549,0.488409476123,0.414651627799,0.3951303554
2014-03-27,20,0.707220264089,0.61157268481,0.414651627799,0.3951303554
2014-03-28,1,0.622974186967,0.474394993644,0.402631832524,0.401985508534
2014-03-28,20,0.701723249145,0.601485357567,0.402631832524,0.401985508534
2014-03-31,1,0.492058483574,0.504764771837,0.415852373791,0.405710790793
2014-03-31,20,0.681853227339,0.625143013013,0.415852373791,0.405710790793
2014-04-01,1,0.0811830438369,0.518346511348,0.420424740378,0.315517273731
2014-04-01,20,0.661713030073,0.635723008416,0.420424740378,0.315517273731
2014-04-02,1,0.0127032107749,0.489554420284,0.400070238585,0.319575002665
2014-04-02,20,0.657664141277,0.613294350374,0.400070238585,0.319575002665
2014-04-03,1,1.59177155386,0.457619301524,0.376828216917,0.318736232888
2014-04-03,20,0.657939360237,0.588417315334,0.376828216917,0.318736232888
2014-04-04,1,1.16819615469,0.585977321259,0.449724817133,0.398180118396
2014-04-04,20,0.580098237065,0.688406514638,0.449724817133,0.398180118396
2014-04-07,1,0.14014076609,0.65621958237,0.492833097387,0.456482577833
2014-04-07,20,0.562450133901,0.743124306797,0.492833097387,0.456482577833
2014-04-08,1,1.1791873543,0.615861833401,0.471671557509,0.450509609544
2014-04-08,20,0.571127323159,0.711686154249,0.471671557509,0.450509609544
2014-04-09,1,4.4546187413,0.683420244784,0.514122505316,0.509422426832
2014-04-09,20,0.513112675732,0.764313262974,0.514122505316,0.509422426832
2014-04-10,1,0.908601628856,1.06658554457,0.750552279476,0.662885834633
2014-04-10,20,0.291534391329,1.06279396255,0.750552279476,0.662885834633
2014-04-11,1,0.669730790973,1.05048424293,0.760035240438,0.704323438152
2014-04-11,20,0.292436713834,1.05025126158,0.760035240438,0.704323438152
2014-04-14,1,0.453545612804,1.01277659181,0.754616973471,0.692039366755
2014-04-14,20,0.259039076568,1.0208775002,0.754616973471,0.692039366755
2014-04-15,1,1.08865600372,0.958434332789,0.736552691831,0.688842115271
2014-04-15,20,0.247463689963,0.978545599323,0.736552691831,0.688842115271
2014-04-16,1,0.0185756103123,0.973800056982,0.757678890544,0.724360435974
2014-04-16,20,0.237266406536,0.990515295193,0.757678890544,0.724360435974
2014-04-17,1,0.141979419806,0.881332628515,0.71333269373,0.707154962559
2014-04-17,20,0.243331286964,0.918484391684,0.71333269373,0.707154962559
2014-04-21,1,0.16677332565,0.812746803506,0.679051497295,0.709941007446
2014-04-21,20,0.243595189805,0.865056941337,0.679051497295,0.709941007446
2014-04-22,1,0.0490962278908,0.755270318282,0.648314806996,0.706389152802
2014-04-22,20,0.256509145649,0.820283519713,0.648314806996,0.706389152802
2014-04-23,1,0.0294290002293,0.693402367122,0.61236169225,0.69918915605
2014-04-23,20,0.286724531459,0.772089204221,0.61236169225,0.69918915605
2014-04-24,1,0.660862459587,0.637396113843,0.577385730728,0.675985736452
2014-04-24,20,0.288036569902,0.728461073833,0.577385730728,0.675985736452
2014-04-25,1,0.104381407675,0.650943980487,0.58239433446,0.707220264089
2014-04-25,20,0.263979673079,0.739014682721,0.58239433446,0.707220264089
2014-04-28,1,0.225573750853,0.606206096557,0.553713558853,0.701723249145
2014-04-28,20,0.276580755459,0.709662063157,0.553713558853,0.701723249145
2014-04-29,1,0.0892545382366,0.580416828105,0.534025170373,0.681853227339
2014-04-29,20,0.26592333788,0.689937120802,0.534025170373,0.681853227339
2014-04-30,1,0.000205267927337,0.544148468419,0.507338932445,0.661713030073
2014-04-30,20,0.27578662359,0.662197237235,0.507338932445,0.661713030073
2014-05-01,1,0.0182075899664,0.503578515413,0.476910912574,0.657664141277
2014-05-01,20,0.27747280617,0.631167276619,0.476910912574,0.657664141277
2014-05-02,1,0.0349490904152,0.470152173867,0.449388713217,0.657939360237
2014-05-02,20,0.276827099441,0.605601112873,0.449388713217,0.657939360237
2014-05-05,1,0.81523409142,0.442805642325,0.424522335849,0.580098237065
2014-05-05,20,0.275151574792,0.584685096613,0.424522335849,0.580098237065
2014-05-06,1,0.313684551256,0.498356857953,0.447965041183,0.562450133901
2014-05-06,20,0.236175687014,0.627173487785,0.447965041183,0.562450133901
2014-05-07,1,0.0188944057574,0.495649677537,0.439908211788,0.571127323159
2014-05-07,20,0.241643001561,0.625102898705,0.439908211788,0.571127323159
2014-05-08,1,0.0230530532421,0.463331635231,0.414647383426,0.513112675732
2014-05-08,20,0.251357011518,0.600384418508,0.414647383426,0.513112675732
2014-05-09,1,0.926648078949,0.435669194979,0.391151723615,0.291534391329
2014-05-09,20,0.250644591254,0.579226779221,0.391151723615,0.291534391329
2014-05-12,1,0.00177804567007,0.503480349859,0.423281504935,0.292436713834
2014-05-12,20,0.204342448722,0.631092194618,0.423281504935,0.292436713834
2014-05-13,1,0.222037880687,0.468396801414,0.397991297379,0.259039076568
2014-05-13,20,0.210531073397,0.604258514866,0.397991297379,0.259039076568
2014-05-14,1,0.88471033518,0.460297767934,0.387434092378,0.247463689963
2014-05-14,20,0.22473466685,0.598063962708,0.387434092378,0.247463689963
2014-05-15,1,0.139873218878,0.520620206222,0.417270666946,0.237266406536
2014-05-15,20,0.185396533443,0.644201627302,0.417270666946,0.237266406536
2014-05-16,1,0.147257476632,0.497329137532,0.400626820062,0.243331286964
2014-05-16,20,0.178752617618,0.626387435009,0.400626820062,0.243331286964
2014-05-19,1,0.425052442517,0.477839241011,0.385424659456,0.243595189805
2014-05-19,20,0.173744654815,0.611480572253,0.385424659456,0.243595189805
2014-05-20,1,0.65340394411,0.489139920999,0.38780232644,0.256509145649
2014-05-20,20,0.182054262881,0.620123906272,0.38780232644,0.256509145649
2014-05-21,1,0.0556697690797,0.52217243178,0.4037384235,0.286724531459
2014-05-21,20,0.15019900026,0.645388848247,0.4037384235,0.286724531459
2014-05-22,1,0.179724523122,0.49011877353,0.382854304235,0.288036569902
2014-05-22,20,0.148909477686,0.620872582404,0.382854304235,0.288036569902
2014-05-23,1,0.356403055281,0.474873536108,0.370666517368,0.263979673079
2014-05-23,20,0.139932026058,0.609212250514,0.370666517368,0.263979673079
2014-05-27,1,0.0124253992702,0.474934113776,0.369810709643,0.276580755459
2014-05-27,20,0.142952528855,0.607668934418,0.369810709643,0.276580755459
2014-05-28,1,0.28652025244,0.443312415459,0.34836759102,0.26592333788
2014-05-28,20,0.154265594556,0.583842479279,0.34836759102,0.26592333788
2014-05-29,1,0.0339289195279,0.444620112136,0.344656750705,0.27578662359
2014-05-29,20,0.140635285748,0.584827808273,0.344656750705,0.27578662359
2014-05-30,1,0.00529345538423,0.419354282624,0.326013080835,0.27747280617
2014-05-30,20,0.140761066632,0.565790400878,0.326013080835,0.27747280617
2014-06-02,1,0.00143859743102,0.394520480161,0.306769903308,0.276827099441
2014-06-02,20,0.140565707186,0.547078519106,0.306769903308,0.276827099441
2014-06-03,1,0.035716335872,0.372649769826,0.288450024955,0.275151574792
2014-06-03,20,0.162642102607,0.530599280913,0.288450024955,0.275151574792
2014-06-04,1,0.423030842194,0.357325469172,0.27328600361,0.236175687014
2014-06-04,20,0.161073160209,0.519052660032,0.27328600361,0.236175687014
2014-06-05,1,0.213174604892,0.384553314242,0.282270693925,0.241643001561
2014-06-05,20,0.154852272694,0.539568415467,0.282270693925,0.241643001561
2014-06-06,1,0.00880464796235,0.38616035956,0.278124928583,0.251357011518
2014-06-06,20,0.151920862701,0.540779298981,0.278124928583,0.251357011518
2014-06-09,1,0.000605228300647,0.366192532592,0.261965711746,0.250644591254
2014-06-09,20,0.176499686004,0.525733853645,0.261965711746,0.250644591254
2014-06-10,1,0.125550539177,0.348074256428,0.246284082739,0.204342448722
2014-06-10,20,0.187204162414,0.512082015913,0.246284082739,0.204342448722
2014-06-11,1,0.506109749758,0.345468728061,0.239040070125,0.210531073397
2014-06-11,20,0.189494896788,0.510118791037,0.239040070125,0.210531073397
2014-06-12,1,0.0979476670225,0.382985522716,0.255064250903,0.22473466685
2014-06-12,20,0.165269627049,0.538387109071,0.255064250903,0.22473466685
2014-06-13,1,0.00699490239347,0.372763625869,0.245637255871,0.185396533443
2014-06-13,20,0.172045682741,0.530685069661,0.245637255871,0.185396533443
2014-06-16,1,0.0470982205595,0.35442244797,0.231318714662,0.178752617618
2014-06-16,20,0.173566047096,0.516865278958,0.231318714662,0.178752617618
2014-06-17,1,0.59124460385,0.342758077156,0.220265485016,0.173744654815
2014-06-17,20,0.179998762868,0.508076357973,0.220265485016,0.173744654815
2014-06-18,1,0.0162986916922,0.389539025946,0.242524232146,0.182054262881
2014-06-18,20,0.22129635382,0.543325071262,0.242524232146,0.182054262881
2014-06-19,1,0.0298793175852,0.369896402235,0.228950699719,0.15019900026
2014-06-19,20,0.272630109504,0.528524661494,0.228950699719,0.15019900026
2014-06-20,1,0.000175490567519,0.354335308732,0.217006416791,0.148909477686
2014-06-20,20,0.273834183669,0.516799620905,0.217006416791,0.148909477686
2014-06-23,1,0.416813111214,0.337779232527,0.203996561217,0.139932026058
2014-06-23,20,0.286343471497,0.504324876411,0.203996561217,0.139932026058
2014-06-24,1,0.238686713305,0.352934368208,0.216765554217,0.142952528855
2014-06-24,20,0.267039146504,0.508026470387,0.216765554217,0.142952528855
2014-06-25,1,0.0139140762617,0.359885605742,0.218080823762,0.154265594556
2014-06-25,20,0.255223900804,0.513317457289,0.218080823762,0.154265594556
2014-06-26,1,0.036444537211,0.341377693875,0.205830818912,0.140635285748
2014-06-26,20,0.266342595222,0.499230020514,0.205830818912,0.140635285748
2014-06-27,1,0.00138626648024,0.327894798053,0.19566764201,0.140761066632
2014-06-27,20,0.264561873025,0.488967412619,0.19566764201,0.140761066632
2014-06-30,1,0.442966505848,0.312463623956,0.184010759478,0.140565707186
2014-06-30,20,0.274789592165,0.477221858014,0.184010759478,0.140565707186
2014-07-01,1,0.00433748790151,0.347295040964,0.199548104261,0.162642102607
2014-07-01,20,0.252643121943,0.503734053901,0.199548104261,0.162642102607
2014-07-02,1,0.298613091904,0.32949174594,0.187835467279,0.161073160209
2014-07-02,20,0.456485278951,0.490182941553,0.187835467279,0.161073160209
2014-07-03,1,0.154546405019,0.346228299364,0.194482124757,0.154852272694
2014-07-03,20,0.445653627949,0.502922095484,0.194482124757,0.154852272694
2014-07-07,1,0.500381114032,0.344941718756,0.192085981572,0.151920862701
2014-07-07,20,0.46358284465,0.501942804945,0.192085981572,0.151920862701
2014-07-08,1,0.214694756494,0.381520151776,0.21058368952,0.176499686004
2014-07-08,20,0.485926311128,0.529784755253,0.21058368952,0.176499686004
2014-07-09,1,0.17136522665,0.381887799224,0.210830353538,0.187204162414
2014-07-09,20,0.475191695583,0.530064592882,0.210830353538,0.187204162414
2014-07-10,1,0.0216043549933,0.377482684294,0.208462445925,0.189494896788
2014-07-10,20,0.482147669527,0.526711606413,0.208462445925,0.189494896788
2014-07-11,1,0.233468780847,0.357369446256,0.197250960469,0.165269627049
2014-07-11,20,0.546795408993,0.511402263509,0.197250960469,0.165269627049
2014-07-14,1,0.0374021894995,0.363136263965,0.199424029692,0.172045682741
2014-07-14,20,0.538918704592,0.515791720323,0.199424029692,0.172045682741
2014-07-15,1,0.175752536005,0.346736550059,0.18970271928,0.173566047096
2014-07-15,20,0.538390088246,0.503308954335,0.18970271928,0.173566047096
2014-07-16,1,1.41719642289,0.347690277814,0.188865708284,0.179998762868
2014-07-16,20,0.551945517053,0.504034891412,0.188865708284,0.179998762868
2014-07-17,1,1.04297380537,0.483794462656,0.26256555116,0.22129635382
2014-07-17,20,0.490487870903,0.607631618722,0.26256555116,0.22129635382
2014-07-18,1,0.053960800883,0.560220728145,0.309390046413,0.272630109504
2014-07-18,20,0.438341064068,0.665804047397,0.309390046413,0.272630109504
2014-07-21,1,0.250361247137,0.518260281955,0.294064291681,0.273834183669
2014-07-21,20,0.471729641591,0.633865537154,0.294064291681,0.273834183669
2014-07-22,1,0.0307266113396,0.503528230457,0.291442109008,0.286343471497
2014-07-22,20,0.471652599866,0.622652124991,0.291442109008,0.286343471497
2014-07-23,1,0.00238179930441,0.462555108199,0.275799179148,0.267039146504
2014-07-23,20,0.47317845883,0.588612787613,0.275799179148,0.267039146504
2014-07-24,1,0.236287964635,0.427147319625,0.259394136358,0.255223900804
2014-07-24,20,0.477397493255,0.561626583137,0.259394136358,0.255223900804
2014-07-25,1,0.000830093275521,0.422735445686,0.258007766054,0.266342595222
2014-07-25,20,0.467572259577,0.558264053676,0.258007766054,0.266342595222
2014-07-28,1,0.205940649275,0.392766198322,0.242577105688,0.264561873025
2014-07-28,20,0.478937533028,0.535422857715,0.242577105688,0.264561873025
2014-07-29,1,3.71014010419e-05,0.389824910094,0.240378918303,0.274789592165
2014-07-29,20,0.469192306044,0.533181141732,0.240378918303,0.274789592165
2014-07-30,1,4.08118062806,0.364404982117,0.225958409289,0.252643121943
2014-07-30,20,0.469191700276,0.513807229896,0.225958409289,0.252643121943
2014-07-31,1,0.0819800718702,0.796323346731,0.457271742415,0.456485278951
2014-07-31,20,0.26656296838,0.842995743889,0.457271742415,0.456485278951
2014-08-01,1,0.513130739044,0.722733655701,0.434754242182,0.445653627949
2014-08-01,20,0.267958293291,0.78690903163,0.434754242182,0.445653627949
2014-08-04,1,0.947250443585,0.707450523126,0.439456831994,0.46358284465
2014-08-04,20,0.242449840896,0.775260923761,0.439456831994,0.46358284465
2014-08-05,1,2.44560379409e-06,0.742587967637,0.469924448689,0.485926311128
2014-08-05,20,0.195391085778,0.8020410843,0.469924448689,0.485926311128
2014-08-06,1,0.310484705516,0.667455663141,0.441729128504,0.475191695583
2014-08-06,20,0.196569995956,0.744778662287,0.441729128504,0.475191695583
2014-08-07,1,1.31455914432,0.637430939093,0.433854463125,0.482147669527
2014-08-07,20,0.193662269433,0.721895184523,0.433854463125,0.482147669527
2014-08-08,1,0.0759346928305,0.723273690291,0.486696743997,0.546795408993
2014-08-08,20,0.132670879769,0.787320621409,0.486696743997,0.546795408993
2014-08-11,1,0.0268298625803,0.659305420213,0.462051020927,0.538918704592
2014-08-11,20,0.150433747647,0.738566918175,0.462051020927,0.538918704592
2014-08-12,1,0.446861112146,0.598891389635,0.435937751426,0.538390088246
2014-08-12,20,0.155715029378,0.692522094478,0.435937751426,0.538390088246
2014-08-13,1,0.188043499881,0.593691012634,0.436593153069,0.551945517053
2014-08-13,20,0.133760509674,0.68855860388,0.436593153069,0.551945517053
2014-08-14,1,3.76686699896e-05,0.560447151081,0.421680173878,0.490487870903
2014-08-14,20,0.142240959604,0.663221646065,0.421680173878,0.490487870903
2014-08-15,1,0.721732351353,0.510984576853,0.396381623565,0.438341064068
2014-08-15,20,0.142491412913,0.625523523821,0.396381623565,0.438341064068
2014-08-18,1,0.248820412635,0.548732498636,0.415902667233,0.471729641591
2014-08-18,20,0.134204546087,0.654293271292,0.415902667233,0.471729641591
2014-08-19,1,0.0612437906198,0.5285812254,0.405877731957,0.471652599866
2014-08-19,20,0.122601785551,0.638934888239,0.405877731957,0.471652599866
2014-08-20,1,0.0867624878042,0.492857710528,0.385199695477,0.47317845883
2014-08-20,20,0.131443171078,0.611309891374,0.385199695477,0.47317845883
2014-08-21,1,0.0397832910675,0.463400788302,0.367293463016,0.477397493255
2014-08-21,20,0.127218994195,0.589233161223,0.367293463016,0.477397493255
2014-08-22,1,0.228135562301,0.432959518329,0.347642852699,0.467572259577
2014-08-22,20,0.157595689679,0.566418703641,0.347642852699,0.467572259577
2014-08-25,1,0.011036109597,0.427414546576,0.340472415275,0.478937533028
2014-08-25,20,0.162969784807,0.562262979423,0.340472415275,0.478937533028
2014-08-26,1,2.4986045264e-05,0.398904113994,0.320706236935,0.469192306044
2014-08-26,20,0.192853399999,0.54089560364,0.320706236935,0.469192306044
2014-08-27,1,0.0286059901225,0.37321022513,0.301465361881,0.469191700276
2014-08-27,20,0.325712037335,0.521639109475,0.301465361881,0.469191700276
2014-08-28,1,0.109886570087,0.354266444867,0.285093799576,0.26656296838
2014-08-28,20,0.360741228101,0.507441539149,0.285093799576,0.26656296838
2014-08-29,1,0.00296169114743,0.3468853265,0.274581365807,0.267958293291
2014-08-29,20,0.358498279283,0.501909699904,0.274581365807,0.267958293291
2014-09-02,1,0.0060753412271,0.328849195664,0.258284185327,0.242449840896
2014-09-02,20,0.362241732901,0.488392374829,0.258284185327,0.242449840896
2014-09-03,1,0.0235806491741,0.313697397619,0.243151654681,0.195391085778
2014-09-03,20,0.450877165569,0.477036736444,0.243151654681,0.195391085778
2014-09-04,1,0.252330175052,0.302597374079,0.229977394351,0.196569995956
2014-09-04,20,0.449698146337,0.468717733444,0.229977394351,0.196569995956
2014-09-05,1,0.0947313510293,0.318084703582,0.231318561193,0.193662269433
2014-09-05,20,0.498726998509,0.480324838612,0.231318561193,0.193662269433
2014-09-08,1,0.431192050395,0.314148756802,0.223123328583,0.132670879769
2014-09-08,20,0.49521721351,0.477375011259,0.223123328583,0.132670879769
2014-09-09,1,0.132455497203,0.347571795343,0.235607451892,0.150433747647
2014-09-09,20,0.589811080056,0.502424179567,0.235607451892,0.150433747647
2014-09-10,1,0.00777071806554,0.343603574277,0.22941833461,0.155715029378
2014-09-10,20,0.733022756837,0.499450163986,0.22941833461,0.155715029378
2014-09-11,1,0.35765249849,0.326556326027,0.216119477618,0.133760509674
2014-09-11,20,0.950576498974,0.486673965015,0.216119477618,0.133760509674
2014-09-12,1,0.00504673485338,0.35018529935,0.22461145887,0.142240959604
2014-09-12,20,0.999015440214,0.50438289142,0.22461145887,0.142240959604
2014-09-15,1,0.555995014816,0.331911826561,0.211437575429,0.142491412913
2014-09-15,20,1.1366266673,0.490687688486,0.211437575429,0.142491412913
2014-09-16,1,0.0167652019282,0.376481248745,0.232111021792,0.134204546087
2014-09-16,20,1.11007135849,0.524090604751,0.232111021792,0.134204546087
2014-09-17,1,0.238071501147,0.355780927275,0.2191902726,0.122601785551
2014-09-17,20,1.14230838874,0.508576580318,0.2191902726,0.122601785551
2014-09-18,1,0.00227895016005,0.34937107551,0.220323146313,0.131443171078
2014-09-18,20,1.13041532143,0.497518727794,0.220323146313,0.131443171078
2014-09-19,1,0.647317200746,0.328076684395,0.207240494544,0.127218994195
2014-09-19,20,1.21224458679,0.481344139582,0.207240494544,0.127218994195
2014-09-22,1,0.335617464854,0.383928405009,0.233645096916,0.157595689679
2014-09-22,20,1.22129388408,0.523767450817,0.233645096916,0.157595689679
2014-09-23,1,0.608708413428,0.395897765577,0.239763438992,0.162969784807
2014-09-23,20,1.3924093119,0.532859022269,0.239763438992,0.162969784807
2014-09-24,1,2.65719773278,0.437487262487,0.261900137458,0.192853399999
2014-09-24,20,1.38880976668,0.564449171187,0.261900137458,0.192853399999
2014-09-25,1,0.729189805433,0.708245923754,0.405617993178,0.325712037335
2014-09-25,20,1.33071561046,0.770109423552,0.405617993178,0.325712037335
2014-09-26,1,0.0650275937282,0.718399580901,0.425032301913,0.360741228101
2014-09-26,20,1.31895736298,0.777821840512,0.425032301913,0.360741228101
2014-09-29,1,0.0778307635085,0.650826049602,0.403432019422,0.358498279283
2014-09-29,20,1.31683503225,0.726494989378,0.403432019422,0.358498279283
2014-09-30,1,1.7787839946,0.594515999175,0.383895944067,0.362241732901
2014-09-30,20,1.38337253282,0.683723544404,0.383895944067,0.362241732901
2014-10-01,1,2.64538253544e-07,0.741661511224,0.467589227099,0.450877165569
2014-10-01,20,1.2953942691,0.795490913178,0.467589227099,0.450877165569
2014-10-02,1,1.23290721848,0.663250513175,0.439533889345,0.449698146337
2014-10-02,20,1.3146812571,0.73593224358,0.439533889345,0.449698146337
2014-10-03,1,0.0245356510538,0.737759575622,0.487136289093,0.498726998509
2014-10-03,20,1.32105001298,0.792527118569,0.487136289093,0.498726998509
2014-10-06,1,2.32306938132,0.662731112335,0.459380250811,0.49521721351
2014-10-06,20,1.31983030247,0.7355377221,0.459380250811,0.49521721351
2014-10-07,1,2.99668903281,0.862482135272,0.571201598642,0.589811080056
2014-10-07,20,1.20769219554,0.887262677436,0.571201598642,0.589811080056
2014-10-08,1,4.35884556081,1.11062453966,0.716730844691,0.733022756837
2014-10-08,20,1.07401344002,1.07574429155,0.716730844691,0.733022756837
2014-10-09,1,1.3264313233,1.47919910341,0.935257727658,0.950576498974
2014-10-09,20,0.863171594989,1.35570260365,0.935257727658,0.950576498974
2014-10-10,1,2.75727127656,1.44619000132,0.958728143397,0.999015440214
2014-10-10,20,0.796911112731,1.33062986826,0.958728143397,0.999015440214
2014-10-13,1,0.0248888385746,1.58224645054,1.06664073139,1.1366266673
2014-10-13,20,0.663900180122,1.43397431365,1.06664073139,1.1366266673
2014-10-14,1,0.661505807008,1.38486635082,1.00413561782,1.11007135849
2014-10-14,20,0.66289826063,1.28405024131,1.00413561782,1.11007135849
2014-10-15,1,0.00021015489196,1.28918572423,0.98357782917,1.14230838874
2014-10-15,20,0.630068925013,1.21137407383,0.98357782917,1.14230838874
2014-10-16,1,1.63886425743,1.1360606868,0.924575768713,1.13041532143
2014-10-16,20,0.630198710659,1.09787517148,0.924575768713,1.13041532143
2014-10-17,1,0.82830314653,1.19163115809,0.967433078036,1.21224458679
2014-10-17,20,0.54828435574,1.13936913307,0.967433078036,1.21224458679
2014-10-20,1,3.7579260213,1.14136397851,0.959085282146,1.22129388408
2014-10-20,20,0.507139376169,1.1018350908,0.959085282146,1.22129388408
2014-10-21,1,0.53671750904,1.45070677542,1.1270157265,1.3924093119
2014-10-21,20,0.332354624156,1.332818522,1.1270157265,1.3924093119
2014-10-22,1,1.49531460821,1.32597434552,1.09159783345,1.38880976668
2014-10-22,20,0.306647181632,1.23968195981,1.09159783345,1.38880976668
2014-10-23,1,0.49402485586,1.33539166932,1.11582083993,1.33071561046
2014-10-23,20,0.233812386021,1.24671378918,1.11582083993,1.33071561046
2014-10-24,1,0.0225809790971,1.2230827367,1.07851308089,1.31895736298
2014-10-24,20,0.22275211818,1.16285373855,1.07851308089,1.31895736298
2014-10-27,1,1.40858077493,1.07123046466,1.01515715478,1.31683503225
2014-10-27,20,0.225712668495,1.0494670388,1.01515715478,1.31683503225
2014-10-28,1,0.0192187202591,1.1090031968,1.03876257199,1.38337253282
2014-10-28,20,0.155945675176,1.07767159169,1.03876257199,1.38337253282
2014-10-29,1,0.385740024546,0.974111421977,0.977589940887,1.2953942691
2014-10-29,20,0.15891048819,0.976949139763,0.977589940887,1.2953942691
2014-10-30,1,1.36028233615,0.903785066729,0.942078945906,1.3146812571
2014-10-30,20,0.142863691184,0.924437094866,0.942078945906,1.3146812571
2014-10-31,1,0.000141440871471,0.961242756716,0.967171149321,1.32105001298
2014-10-31,20,0.0983299352798,0.967340225358,0.967171149321,1.32105001298
2014-11-03,1,0.0803072425789,0.846550193592,0.909149366814,1.31983030247
2014-11-03,20,0.118574172503,0.881700339674,0.909149366814,1.31983030247
2014-11-04,1,0.323113922364,0.758946320943,0.85941883936,1.20769219554
2014-11-04,20,0.121618866696,0.816287330889,0.85941883936,1.20769219554
2014-11-05,1,0.142008660264,0.713847205723,0.82724054434,1.07401344002
2014-11-05,20,0.106138957094,0.782612234905,0.82724054434,1.07401344002
2014-11-06,1,0.00122167814247,0.653855179403,0.786126631295,0.863171594989
2014-11-06,20,0.100422691875,0.737816738701,0.786126631295,0.863171594989
2014-11-07,1,0.0970526243876,0.586080894354,0.739032334106,0.796911112731
2014-11-07,20,0.126882813785,0.687210301232,0.739032334106,0.796911112731
2014-11-10,1,0.00485044873321,0.54013568734,0.700513551523,0.663900180122
2014-11-10,20,0.122058469311,0.652903436261,0.700513551523,0.663900180122
2014-11-11,1,0.00491909467081,0.490106982772,0.658773765356,0.66289826063
2014-11-11,20,0.257712042706,0.615547461091,0.658773765356,0.66289826063
2014-11-12,1,0.00280586781473,0.447701563166,0.619542485115,0.630068925013
2014-11-12,20,0.267705864288,0.583883722933,0.619542485115,0.630068925013
2014-11-13,1,0.000577159055573,0.405175579039,0.582538288077,0.630198710659
2014-11-13,20,0.401169042836,0.549164394307,0.582538288077,0.630198710659
2014-11-14,1,0.0054035551104,0.374770051441,0.547620620335,0.54828435574
2014-11-14,20,0.421382709453,0.526801074247,0.547620620335,0.54828435574
2014-11-17,1,0.262230981029,0.349643329777,0.515087596422,0.507139376169
2014-11-17,20,0.457452559584,0.508320325416,0.515087596422,0.507139376169
2014-11-18,1,0.0225686585666,0.359383356329,0.499916199498,0.332354624156
2014-11-18,20,0.64731343824,0.515484132407,0.499916199498,0.332354624156
2014-11-19,1,0.0386186959884,0.338704230116,0.471275347042,0.306647181632
2014-11-19,20,0.927774082296,0.500274598004,0.471275347042,0.306647181632
2014-11-20,1,0.272819499038,0.32315565128,0.445315947979,0.233812386021
2014-11-20,20,0.936238296693,0.488838590395,0.445315947979,0.233812386021
2014-11-21,1,0.0817919853958,0.338264509316,0.434966161043,0.22275211818
2014-11-21,20,0.929829572357,0.499951182567,0.434966161043,0.22275211818
2014-11-24,1,0.0132409085549,0.32799260463,0.413775710504,0.225712668495
2014-11-24,20,0.927262204009,0.492396178255,0.413775710504,0.225712668495
2014-11-25,1,0.0785149805355,0.311036800732,0.389743622387,0.155945675176
2014-11-25,20,0.926609861696,0.47992515409,0.389743622387,0.155945675176
2014-11-26,1,0.0648040844401,0.304575192333,0.371069903876,0.15891048819
2014-11-26,20,0.928142684056,0.475172629528,0.371069903876,0.15891048819
2014-11-28,1,0.469607218053,0.297457473194,0.35269395471,0.142863691184
2014-11-28,20,0.925273487767,0.469937534341,0.35269395471,0.142863691184
2014-12-01,1,0.405026185346,0.340277701421,0.35970875051,0.0983299352798
2014-12-01,20,0.91380103291,0.50143188897,0.35970875051,0.0983299352798
2014-12-02,1,0.14120112643,0.368692264861,0.3624277966,0.118574172503
2014-12-02,20,0.947259946944,0.522330851322,0.3624277966,0.118574172503
2014-12-03,1,0.0135157303155,0.360887984297,0.34915419639,0.121618866696
2014-12-03,20,0.940257697924,0.516590788975,0.34915419639,0.121618866696
2014-12-04,1,0.0276833558957,0.33888423546,0.329015888426,0.106138957094
2014-12-04,20,1.10973175497,0.500406992257,0.329015888426,0.106138957094
2014-12-05,1,0.530424116329,0.321988530008,0.310935936474,0.100422691875
2014-12-05,20,1.14824910686,0.487980170606,0.310935936474,0.100422691875
2014-12-08,1,0.000565734910585,0.368357043529,0.324105227265,0.126882813785
2014-12-08,20,1.18857633115,0.522084295431,0.324105227265,0.126882813785
2014-12-09,1,2.71792191663,0.343637219493,0.304692857724,0.122058469311
2014-12-09,20,1.34572747531,0.503902820535,0.304692857724,0.122058469311
2014-12-10,1,0.204795526317,0.650578184558,0.449486601258,0.257712042706
2014-12-10,20,1.24544245863,0.729658450623,0.449486601258,0.257712042706
2014-12-11,1,2.67206943878,0.606905620953,0.434805136762,0.267705864288
2014-12-11,20,1.26822363298,0.697537201796,0.434805136762,0.267705864288
2014-12-12,1,0.404850491398,0.895896668494,0.569040994883,0.401169042836
2014-12-12,20,1.13795322724,0.918351545,0.569040994883,0.401169042836
2014-12-15,1,0.726800557719,0.835917053259,0.559189564674,0.421382709453
2014-12-15,20,1.13470532155,0.874494470594,0.559189564674,0.421382709453
2014-12-16,1,4.05944855416,0.826898899181,0.569246224257,0.457452559584
2014-12-16,20,1.14152573299,0.867900399378,0.569246224257,0.457452559584
2014-12-17,1,5.63178153968,1.24597387348,0.778658364051,0.64731343824
2014-12-17,20,1.02746299342,1.17432787907,0.778658364051,0.64731343824
2014-12-18,1,0.207902983939,1.7982275053,1.06984575459,0.927774082296
2014-12-18,20,0.747073233489,1.57813554817,1.06984575459,0.927774082296
2014-12-19,1,0.144645012316,1.56639999314,1.01812918835,0.936238296693
2014-12-19,20,0.747819479305,1.40862334956,1.01812918835,0.936238296693
2014-12-22,1,0.0304446184371,1.36414830068,0.965720137788,0.929829572357
2014-12-22,20,0.855413831011,1.26073698033,0.965720137788,0.929829572357
2014-12-23,1,0.000194062288025,1.18014475452,0.909603606627,0.927262204009
2014-12-23,20,0.869053231778,1.12619364952,0.909603606627,0.927262204009
2014-12-24,1,0.109171427738,1.02217069487,0.855039033966,0.926609861696
2014-12-24,20,0.872333572094,1.01068307044,0.855039033966,0.926609861696
2014-12-26,1,0.00742015865986,0.903819335876,0.810286977593,0.928142684056
2014-12-26,20,0.957707121931,0.924144596714,0.810286977593,0.928142684056
2014-12-29,1,0.240158120902,0.79167533984,0.762114968457,0.925273487767
2014-12-29,20,1.04964623032,0.842144944682,0.762114968457,0.925273487767
2014-12-30,1,1.07420446604,0.727549468263,0.730797557603,0.91380103291
2014-12-30,20,1.08266379127,0.795256129039,0.730797557603,0.91380103291
2014-12-31,1,0.00115614602201,0.78061465815,0.751401972109,0.947259946944
2014-12-31,20,1.11445882718,0.834057377965,0.751401972109,0.947259946944
2015-01-02,1,3.40299687117,0.687690490081,0.706387222544,0.940257697924
2015-01-02,20,1.19733752983,0.766111257653,0.706387222544,0.940257697924
2015-01-05,1,0.798030393687,1.0453525063,0.868183801462,1.10973175497
2015-01-05,20,1.12995155454,1.02763360313,0.868183801462,1.10973175497
2015-01-06,1,1.33696860218,1.01141793037,0.863974596995,1.14824910686
2015-01-06,20,1.09872242528,1.00282065267,0.863974596995,1.14824910686
2015-01-07,1,3.14358861816,1.05198994603,0.892354237307,1.18857633115
2015-01-07,20,1.08429061755,1.03248689682,0.892354237307,1.18857633115
2015-01-08,1,0.712221583016,1.31724243859,1.02742830016,1.34572747531
2015-01-08,20,0.932973169189,1.22643942981,1.02742830016,1.34572747531
2015-01-09,1,0.660419013212,1.22813886494,1.00851589713,1.24544245863
2015-01-09,20,0.906419876572,1.16128692685,1.00851589713,1.24544245863
2015-01-12,1,0.0666613240355,1.1468838258,0.987630084094,1.26822363298
2015-01-12,20,0.929780289296,1.10187326967,0.987630084094,1.26822363298
2015-01-13,1,0.339892377679,1.00338620805,0.932371958491,1.13795322724
2015-01-13,20,0.926447644581,0.997048404435,0.932371958491,1.13795322724
2015-01-14,1,0.863208786399,0.918272978196,0.896823183642,1.13470532155
2015-01-14,20,0.955516659783,0.934561515178,0.896823183642,1.13470532155
2015-01-15,1,1.77819376289,0.913361472181,0.894806319807,1.14152573299
2015-01-15,20,0.920624265789,0.930955674666,0.894806319807,1.14152573299
2015-01-16,1,0.0239863409994,1.02549705902,0.947809566393,1.02746299342
2015-01-16,20,0.832988664007,1.01328134845,0.947809566393,1.02746299342
2015-01-20,1,0.222827900259,0.896683830697,0.892380172869,0.747073233489
2015-01-20,20,0.831838757629,0.918711585959,0.892380172869,0.747073233489
2015-01-21,1,2.29653204643,0.813884621807,0.852207036512,0.747819479305
2015-01-21,20,0.821261945071,0.857923562699,0.852207036512,0.747819479305
2015-01-22,1,0.303232633785,1.00790316235,0.938866537108,0.855413831011
2015-01-22,20,0.725088214102,1.00036458011,0.938866537108,0.855413831011
2015-01-23,1,0.0658008686104,0.917404422103,0.900728502908,0.869053231778
2015-01-23,20,0.709972603706,0.9339238544,0.900728502908,0.869053231778
2015-01-26,1,1.81664242447,0.811315971047,0.85063284485,0.872333572094
2015-01-26,20,0.710477496928,0.856037757216,0.85063284485,0.872333572094
2015-01-27,1,1.84620232639,0.944774583261,0.908593419628,0.957707121931
2015-01-27,20,0.619938766698,0.954017983504,0.908593419628,0.957707121931
2015-01-28,1,0.900509339989,1.06049105781,0.964849954033,1.04964623032
2015-01-28,20,0.528719590103,1.03897260856,0.964849954033,1.04964623032
2015-01-29,1,1.71010518421,1.03740992008,0.960989517191,1.08266379127
2015-01-29,20,0.48807694516,1.02202731699,0.960989517191,1.08266379127
2015-01-30,1,1.65873019894,1.12091219335,1.00593645721,1.11445882718
2015-01-30,20,0.421214758312,1.08333150332,1.00593645721,1.11445882718
2015-02-02,1,2.05527736551,1.1844360558,1.04510408172,1.19733752983
2015-02-02,20,0.348624369348,1.1299683019,1.04510408172,1.19733752983
2015-02-03,1,0.173447808348,1.2881116758,1.10571447874,1.12995155454
2015-02-03,20,0.255532412176,1.20608299049,1.10571447874,1.12995155454
2015-02-04,1,1.04833244774,1.13598585873,1.04977847852,1.09872242528
2015-02-04,20,0.247574470801,1.0943980139,1.04977847852,1.09872242528
2015-02-05,1,0.117239650868,1.11952584143,1.04969171667,1.08429061755
2015-02-05,20,0.297050748052,1.08231369657,1.04969171667,1.08429061755
2015-02-06,1,0.181155730679,0.987414703158,0.993744592724,0.932973169189
2015-02-06,20,0.298937420769,0.985322734297,0.993744592724,0.932973169189
2015-02-09,1,1.12762726769,0.884705494824,0.944989261001,0.906419876572
2015-02-09,20,0.436201295522,0.909917548318,0.944989261001,0.906419876572
2015-02-10,1,8.42973744506e-06,0.918797566425,0.955947541402,0.929780289296
2015-02-10,20,0.381662211951,0.934946647862,0.955947541402,0.929780289296
2015-02-11,1,0.921272681726,0.806678683717,0.898591194702,0.926447644581
2015-02-11,20,0.460070825735,0.847737492217,0.898591194702,0.926447644581
2015-02-12,1,0.165360906511,0.826046712834,0.899952083924,0.955516659783
2015-02-12,20,0.432570960767,0.861982843227,0.899952083924,0.955516659783
2015-02-13,1,0.0254817272511,0.74923926582,0.855876613279,0.920624265789
2015-02-13,20,0.514658816953,0.805490309249,0.855876613279,0.920624265789
2015-02-17,1,0.00098821343998,0.667258037447,0.806052920117,0.832988664007
2015-02-17,20,0.518914863212,0.745192414845,0.806052920117,0.832988664007
2015-02-18,1,0.0112916491067,0.595131844982,0.757749037717,0.831838757629
2015-02-18,20,0.591890291692,0.692142983611,0.757749037717,0.831838757629
2015-02-19,1,0.373057427049,0.53560049207,0.7129615944,0.821261945071
2015-02-19,20,0.603254826253,0.648357164555,0.7129615944,0.821261945071
2015-02-20,1,0.00092042586837,0.529989240729,0.692567344359,0.725088214102
2015-02-20,20,0.624853776011,0.644230041218,0.692567344359,0.725088214102
2015-02-23,1,0.0758987330408,0.479408872101,0.65106852925,0.709972603706
2015-02-23,20,0.626334207543,0.607027747632,0.65106852925,0.709972603706
2015-02-24,1,0.00586781988545,0.446008634598,0.616558341477,0.710477496928
2015-02-24,20,0.641501881781,0.582461587378,0.616558341477,0.710477496928
2015-02-25,1,0.0218187944784,0.409224598907,0.579916910182,0.619938766698
2015-02-25,20,0.748753191238,0.555406614626,0.579916910182,0.619938766698
2015-02-26,1,0.0876564411453,0.380181739479,0.546431023239,0.528719590103
2015-02-26,20,0.750495238724,0.534045343201,0.546431023239,0.528719590103
2015-02-27,1,0.372861447246,0.363810954233,0.518904548314,0.48807694516
2015-02-27,20,0.748910828581,0.522004490683,0.518904548314,0.48807694516
2015-03-02,1,0.206922419656,0.385150236883,0.51014196225,0.421214758312
2015-03-02,20,0.804229532047,0.537699715523,0.51014196225,0.421214758312
2015-03-03,1,0.193438222064,0.382693796435,0.491948789694,0.348624369348
2015-03-03,20,0.832909251345,0.535892982571,0.491948789694,0.348624369348
2015-03-04,1,0.0142889808336,0.378961711176,0.474038155636,0.255532412176
2015-03-04,20,0.831130714718,0.533148001953,0.474038155636,0.255532412176
2015-03-05,1,2.03785799276,0.353743048678,0.446453205148,0.247574470801
2015-03-05,20,0.836623623745,0.514599460068,0.446453205148,0.247574470801
2015-03-06,1,0.154973105207,0.581803880036,0.541937492405,0.297050748052
2015-03-06,20,0.756425487137,0.68234015144,0.541937492405,0.297050748052
2015-03-09,1,2.92643322575,0.542067991872,0.518719629173,0.298937420769
2015-03-09,20,0.750806947387,0.653114065956,0.518719629173,0.298937420769
2015-03-10,1,0.0368455962743,0.850037183225,0.663182444967,0.436201295522
2015-03-10,20,0.608073650034,0.879628039317,0.663182444967,0.436201295522
2015-03-11,1,1.56818070541,0.753628615494,0.625602234046,0.381662211951
2015-03-11,20,0.616121835796,0.808718713463,0.625602234046,0.381662211951
2015-03-12,1,0.371275382372,0.881737849227,0.682156942328,0.460070825735
2015-03-12,20,0.551177616828,0.909496568592,0.682156942328,0.460070825735
2015-03-13,1,1.80711803022,0.818733402559,0.66350404873,0.432570960767
2015-03-13,20,0.54315619265,0.863930765531,0.66350404873,0.432570960767
2015-03-16,1,0.110602652433,0.953511733812,0.73212088762,0.514658816953
2015-03-16,20,0.454126186949,0.961404566565,0.73212088762,0.514658816953
2015-03-17,1,1.46049678304,0.844571493132,0.694829793509,0.518914863212
2015-03-17,20,0.461780110574,0.882617277496,0.694829793509,0.518914863212
2015-03-18,1,0.238582340315,0.929837194102,0.740769812881,0.591890291692
2015-03-18,20,0.389058494678,0.944282768485,0.740769812881,0.591890291692
2015-03-19,1,0.805036422219,0.841527476304,0.710638564527,0.603254826253
2015-03-19,20,0.441832700561,0.880415796828,0.710638564527,0.603254826253
2015-03-20,1,0.0305290564962,0.841792273664,0.716302435988,0.624853776011
2015-03-20,20,0.443834192738,0.880607302429,0.716302435988,0.624853776011
2015-03-23,1,0.379252217803,0.740976119823,0.675156033219,0.626334207543
2015-03-23,20,0.443405461069,0.807695480259,0.675156033219,0.626334207543
2015-03-24,1,2.15089400903,0.702409605755,0.657401804294,0.641501881781
2015-03-24,20,0.437318545747,0.779803572977,0.657401804294,0.641501881781
2015-03-25,1,0.0566597441959,0.901369872162,0.747011336578,0.748753191238
2015-03-25,20,0.332546718482,0.923694755197,0.747011336578,0.748753191238
2015-03-26,1,0.0559682382903,0.79405959698,0.705590241035,0.750495238724
2015-03-26,20,0.332245581663,0.846086282717,0.705590241035,0.750495238724
2015-03-27,1,1.47923551657,0.704496161435,0.66661292087,0.748910828581
2015-03-27,20,0.338058059701,0.78131260274,0.66661292087,0.748910828581
2015-03-30,1,0.780516805627,0.815489626056,0.715370276612,0.804229532047
2015-03-30,20,0.267920014724,0.861584815536,0.715370276612,0.804229532047
2015-03-31,1,0.157867489526,0.816883757496,0.719279068353,0.832909251345
2015-03-31,20,0.235915483438,0.862593073239,0.719279068353,0.832909251345
2015-04-01,1,0.124147161367,0.736819583629,0.685594373623,0.831130714718
2015-04-01,20,0.279843938992,0.804689408154,0.685594373623,0.831130714718
2015-04-02,1,0.43389526059,0.665664704605,0.651907540888,0.836623623745
2015-04-02,20,0.332647401535,0.753229084701,0.651907540888,0.836623623745
2015-04-06,1,0.0426023102212,0.646744766083,0.63882680407,0.756425487137
2015-04-06,20,0.315263958321,0.739545888701,0.63882680407,0.756425487137
2015-04-07,1,0.0717672786781,0.579924284651,0.603053334439,0.750806947387
2015-04-07,20,0.384034114803,0.691220269504,0.603053334439,0.750806947387
2015-04-08,1,0.197809311513,0.528015325488,0.571176171093,0.608073650034
2015-04-08,20,0.390416904895,0.653678896864,0.571176171093,0.608073650034
2015-04-09,1,0.26929632605,0.501177224029,0.548774159519,0.616121835796
2015-04-09,20,0.3876204932,0.634269161356,0.548774159519,0.616121835796
2015-04-10,1,0.210846898814,0.491261783559,0.532005489511,0.551177616828
2015-04-10,20,0.463509367203,0.611956268268,0.532005489511,0.551177616828
2015-04-13,1,0.0265179162057,0.472484148726,0.512735974069,0.54315619265
2015-04-13,20,0.465985063456,0.598282812869,0.512735974069,0.54315619265
2015-04-14,1,0.263681124923,0.434109497963,0.483562890597,0.454126186949
2015-04-14,20,0.469022215128,0.570339247008,0.483562890597,0.454126186949
2015-04-15,1,0.00606446513054,0.430786500651,0.470369984657,0.461780110574
2015-04-15,20,0.455884671775,0.567919514387,0.470369984657,0.461780110574
2015-04-16,1,1.29406645797,0.396469169668,0.442511653485,0.389058494678
2015-04-16,20,0.513057847491,0.54293039841,0.442511653485,0.389058494678
2015-04-17,1,0.845066265759,0.525125917048,0.493604941754,0.441832700561
2015-04-17,20,0.448649527859,0.636615375925,0.493604941754,0.441832700561
2015-04-20,1,0.0219544231271,0.578612035727,0.514692621195,0.443834192738
2015-04-20,20,0.411027089974,0.675562776104,0.514692621195,0.443834192738
2015-04-21,1,0.257513911359,0.522983699951,0.485128329311,0.443405461069
2015-04-21,20,0.410136467454,0.635055461155,0.485128329311,0.443405461069
2015-04-22,1,0.0554574637187,0.504925059792,0.471471464233,0.437318545747
2015-04-22,20,0.397694105326,0.621905561661,0.471471464233,0.437318545747
2015-04-23,1,0.0506370078253,0.464987499609,0.446510624203,0.332546718482
2015-04-23,20,0.397647685348,0.592823919976,0.446510624203,0.332546718482
2015-04-24,1,0.172217799054,0.430742929773,0.42275820722,0.332245581663
2015-04-24,20,0.397616544225,0.567887787045,0.42275820722,0.332245581663
2015-04-27,1,0.0764746170203,0.416759822808,0.40772578273,0.338058059701
2015-04-27,20,0.442413884513,0.557705600037,0.40772578273,0.338058059701
2015-04-28,1,0.140426179893,0.393263132381,0.387850712787,0.267920014724
2015-04-28,20,0.480185734718,0.540595833475,0.387850712787,0.267920014724
2015-04-29,1,1.03643660063,0.381286695879,0.373005240814,0.235915483438
2015-04-29,20,0.473967784865,0.531874859198,0.373005240814,0.235915483438
2015-04-30,1,1.18021641221,0.480813154451,0.412811122402,0.279843938992
2015-04-30,20,0.442234342204,0.604347809303,0.412811122402,0.279843938992
2015-05-01,1,0.0862263963135,0.582272896312,0.458855439791,0.332647401535
2015-05-01,20,0.38533985273,0.678228533233,0.458855439791,0.332647401535
2015-05-04,1,1.41800543987,0.533931755884,0.436497697182,0.315263958321
2015-05-04,20,0.381537679532,0.643027591609,0.436497697182,0.315263958321
2015-05-05,1,0.199423080523,0.656126562155,0.495388161744,0.384034114803
2015-05-05,20,0.312877467694,0.732007127554,0.495388161744,0.384034114803
2015-05-06,1,0.141881077607,0.610015818683,0.47763025687,0.390416904895
2015-05-06,20,0.340408982609,0.698430311309,0.47763025687,0.390416904895
2015-05-07,1,1.78707380611,0.564119184287,0.457485306114,0.3876204932
2015-05-07,20,0.334347722542,0.665009404525,0.457485306114,0.3876204932
2015-05-08,1,0.260360823873,0.707952671717,0.537260616114,0.463509367203
2015-05-08,20,0.26609018429,0.750038957135,0.537260616114,0.463509367203
2015-05-11,1,0.0872609496379,0.662385458456,0.52064662858,0.465985063456
2015-05-11,20,0.253159616119,0.71781561756,0.52064662858,0.465985063456
2015-05-12,1,0.000930257872848,0.604011990127,0.494643487843,0.469022215128
2015-05-12,20,0.320442905035,0.676536198488,0.494643487843,0.469022215128
2015-05-13,1,1.14952797945,0.544688405105,0.465020694045,0.455884671775
2015-05-13,20,0.321905179454,0.63458489429,0.465020694045,0.455884671775
2015-05-14,1,0.00590006533795,0.625502351641,0.506091131169,0.513057847491
2015-05-14,20,0.28906108118,0.691733336235,0.506091131169,0.513057847491
2015-05-15,1,0.0926175080563,0.563468369382,0.476079667219,0.448649527859
2015-05-15,20,0.299499764273,0.647865345799,0.476079667219,0.448649527859
2015-05-18,1,0.00414197273096,0.520792587995,0.45307193767,0.411027089974
2015-05-18,20,0.310964497853,0.617686713031,0.45307193767,0.411027089974
2015-05-19,1,0.00866666879976,0.474527765326,0.426136139773,0.410136467454
2015-05-19,20,0.312713016999,0.584970051543,0.426136139773,0.410136467454
2015-05-20,1,0.0545290641529,0.435835427686,0.401087971515,0.397694105326
2015-05-20,20,0.360830342092,0.557608353394,0.401087971515,0.397694105326
2015-05-21,1,0.0500141853678,0.408278541118,0.380294437073,0.397647685348
2015-05-21,20,0.372242404794,0.538121207923,0.380294437073,0.397647685348
2015-05-22,1,1.0681646048,0.384409209092,0.360477621971,0.397616544225
2015-05-22,20,0.388202819449,0.521241755874,0.360477621971,0.397616544225
2015-05-26,1,0.831911621116,0.480382113918,0.402938840941,0.442413884513
2015-05-26,20,0.334996625111,0.589110016424,0.402938840941,0.442413884513
2015-05-27,1,0.0160671828497,0.534754087524,0.428677207751,0.480185734718
2015-05-27,20,0.320636681164,0.627559735937,0.428677207751,0.480185734718
2015-05-28,1,0.401767747392,0.48772095426,0.403920606257,0.473967784865
2015-05-28,20,0.3242675764,0.594299755439,0.403920606257,0.473967784865
2015-05-29,1,0.0423266227363,0.491881198338,0.403791434725,0.442234342204
2015-05-29,20,0.304255299783,0.597241716293,0.403791434725,0.442234342204
2015-06-01,1,0.0101829323483,0.454383821987,0.382103546006,0.38533985273
2015-06-01,20,0.524469110176,0.570725047731,0.382103546006,0.38533985273
2015-06-02,1,0.0448012031239,0.418936789777,0.359788309186,0.381537679532
2015-06-02,20,0.527484376105,0.545658301839,0.359788309186,0.381537679532
2015-06-03,1,0.750053378821,0.392846955604,0.340889082823,0.312877467694
2015-06-03,20,0.549132854509,0.527208598075,0.340889082823,0.312877467694
2015-06-04,1,0.0206558762516,0.451226850081,0.365438940583,0.340408982609
2015-06-04,20,0.511677639189,0.568492561466,0.365438940583,0.340408982609
2015-06-05,1,0.421923041084,0.417456583642,0.344751956723,0.334347722542
2015-06-05,20,0.518130326216,0.544611558325,0.344751956723,0.334347722542
2015-06-08,1,0.00174946044397,0.433084370106,0.349382221784,0.26609018429
2015-06-08,20,0.515411494639,0.556907447843,0.349382221784,0.26609018429
2015-06-09,1,1.43292672797,0.398723892684,0.328524256104,0.253159616119
2015-06-09,20,0.656325856887,0.533245224388,0.328524256104,0.253159616119
2015-06-10,1,0.0301757462581,0.538620149799,0.394788404416,0.320442905035
2015-06-10,20,0.587232524228,0.629584296038,0.394788404416,0.320442905035
2015-06-11,1,0.49264601396,0.490785767414,0.372911644926,0.321905179454
2015-06-11,20,0.660914154454,0.596643314721,0.372911644926,0.321905179454
2015-06-12,1,0.214673727194,0.505116932983,0.380095707068,0.28906108118
2015-06-12,20,0.696839821215,0.606512422123,0.380095707068,0.28906108118
2015-06-15,1,0.321912179655,0.484381980278,0.370170388276,0.299499764273
2015-06-15,20,0.695977473383,0.592233368948,0.370170388276,0.299499764273
2015-06-16,1,0.0391123556642,0.479599535315,0.367274895759,0.310964497853
2015-06-16,20,0.680152165314,0.588939954832,0.367274895759,0.310964497853
2015-06-17,1,0.971013170651,0.44222906074,0.347585143353,0.312713016999
2015-06-17,20,0.710058564153,0.563204907292,0.347585143353,0.312713016999
2015-06-18,1,0.282770318189,0.520715655597,0.384990824991,0.360830342092
2015-06-18,20,0.662119049929,0.617254428282,0.384990824991,0.360830342092
2015-06-19,1,0.369222478467,0.505524320408,0.378857594583,0.372242404794
2015-06-19,20,0.648277705659,0.606792968058,0.378857594583,0.372242404794
2015-06-22,1,0.00404071804163,0.502950317247,0.378279487616,0.388202819449
2015-06-22,20,0.638936432009,0.60502038972,0.378279487616,0.388202819449
2015-06-23,1,0.544712742192,0.457720894702,0.355825161441,0.334996625111
2015-06-23,20,0.641591796665,0.573873304951,0.355825161441,0.334996625111
2015-06-24,1,0.0886850875656,0.483464012252,0.367158416286,0.320636681164
2015-06-24,20,0.6305567881,0.591601213455,0.367158416286,0.320636681164
2015-06-25,1,0.00152221505305,0.451323502496,0.350450016563,0.3242675764
2015-06-25,20,0.684022316939,0.569467763025,0.350450016563,0.3242675764
2015-06-26,1,4.44660283058,0.414028250324,0.329514348473,0.304255299783
2015-06-26,20,0.700718419554,0.543784517131,0.329514348473,0.304255299783
2015-06-29,1,0.0704882509315,0.906886630878,0.576539657399,0.524469110176
2015-06-29,20,0.554157236529,0.883189729366,0.576539657399,0.524469110176
2015-06-30,1,0.477770771216,0.80509133003,0.546176573011,0.527484376105
2015-06-30,20,0.577220498219,0.813088748938,0.546176573011,0.527484376105
2015-07-01,1,0.000949072416799,0.767556614912,0.542072224903,0.549132854509
2015-07-01,20,0.553332361999,0.787240597718,0.542072224903,0.549132854509
2015-07-02,1,0.149709616784,0.679774804735,0.509604835754,0.511677639189
2015-07-02,20,0.555870682427,0.726789958976,0.509604835754,0.511677639189
2015-07-06,1,0.367546409543,0.623531881931,0.488011122616,0.518130326216
2015-07-06,20,0.552195917116,0.6880584655,0.488011122616,0.518130326216
2015-07-07,1,2.82003670541,0.599656516634,0.480783239832,0.515411494639
2015-07-07,20,0.536354887272,0.668415808266,0.480783239832,0.515411494639
2015-07-08,1,0.0510600747893,0.873242194051,0.621138447766,0.656325856887
2015-07-08,20,0.400188598771,0.847291514936,0.621138447766,0.656325856887
2015-07-09,1,1.50380835078,0.771868955015,0.586933745387,0.587232524228
2015-07-09,20,0.427924664416,0.78101169378,0.586933745387,0.587232524228
2015-07-10,1,1.21115934918,0.860191928282,0.641946221711,0.660914154454
2015-07-10,20,0.356878633181,0.838758994032,0.641946221711,0.660914154454
2015-07-13,1,0.197426770545,0.89898569836,0.67609900936,0.696839821215
2015-07-13,20,0.377306838323,0.864123125307,0.67609900936,0.696839821215
2015-07-14,1,0.00540601827756,0.810732420422,0.647378675031,0.695977473383
2015-07-14,20,0.413544925422,0.806421393235,0.647378675031,0.695977473383
2015-07-15,1,0.637240332452,0.714345942639,0.608860315625,0.680152165314
2015-07-15,20,0.413725498043,0.743402014846,0.608860315625,0.680152165314
2015-07-16,1,0.0122228861677,0.709178068055,0.610563116635,0.710058564153
2015-07-16,20,0.382677602429,0.740023156615,0.610563116635,0.710058564153
2015-07-17,1,0.00594343278263,0.630526469501,0.574662702807,0.662119049929
2015-07-17,20,0.389688363374,0.688599191716,0.574662702807,0.662119049929
2015-07-20,1,0.18239700547,0.564235219545,0.540539546606,0.648277705659
2015-07-20,20,0.402900230847,0.645256666282,0.540539546606,0.648277705659
2015-07-21,1,0.0571480111564,0.529980304855,0.519050994137,0.638936432009
2015-07-21,20,0.397236156211,0.622860128094,0.519050994137,0.638936432009
2015-07-22,1,0.324012570905,0.486535775734,0.491336815159,0.641591796665
2015-07-22,20,0.428733646861,0.594455238917,0.491336815159,0.641591796665
2015-07-23,1,1.15799566434,0.482074438477,0.481297360503,0.6305567881
2015-07-23,20,0.639931312962,0.591538328711,0.481297360503,0.6305567881
2015-07-24,1,0.335444267341,0.577557703369,0.521899258734,0.684022316939
2015-07-24,20,1.10591546047,0.653967168715,0.521899258734,0.684022316939
2015-07-27,1,1.51537917008,0.559287355543,0.51071195925,0.700718419554
2015-07-27,20,1.89762337532,0.642021655304,0.51071195925,0.700718419554
2015-07-28,1,0.531753484736,0.684413363173,0.5709919919,0.554157236529
2015-07-28,20,1.91452831484,0.723831504595,0.5709919919,0.554157236529
2015-07-29,1,8.04681243149e-06,0.671686237094,0.56863768147,0.577220498219
2015-07-29,20,2.62105244679,0.715510258788,0.56863768147,0.577220498219
2015-07-30,1,0.0517154809801,0.597829710269,0.534519903391,0.553332361999
2015-07-30,20,2.90922617852,0.667221406269,0.534519903391,0.553332361999
2015-07-31,1,0.0762143105737,0.542431892883,0.505551638046,0.555870682427
2015-07-31,20,2.90682557173,0.631001221694,0.505551638046,0.555870682427
2015-08-03,1,0.0507258126501,0.49918021751,0.479791398398,0.552195917116
2015-08-03,20,2.9385226836,0.602722424098,0.479791398398,0.552195917116
2015-08-04,1,0.0967109353979,0.453528883805,0.454047463253,0.536354887272
2015-08-04,20,3.38666614475,0.579428586261,0.454047463253,0.536354887272
2015-08-05,1,0.605781387684,0.426511266365,0.432607271582,0.400188598771
2015-08-05,20,3.54613683359,0.562547434164,0.432607271582,0.400188598771
2015-08-06,1,0.0828877260738,0.46835398436,0.442997718548,0.427924664416
2015-08-06,20,3.51652534689,0.588691607986,0.442997718548,0.427924664416
2015-08-07,1,1.61972345204,0.436944372752,0.421391118999,0.356878633181
2015-08-07,20,3.63170608227,0.569066249384,0.421391118999,0.356878633181
2015-08-10,1,0.922188512513,0.604440766332,0.493291058982,0.377306838323
2015-08-10,20,3.85758645965,0.673721373099,0.493291058982,0.377306838323
2015-08-11,1,0.00901747069666,0.654230394145,0.519024906194,0.413544925422
2015-08-11,20,3.90940754712,0.704830936398,0.519024906194,0.413544925422
2015-08-12,1,0.0162824201678,0.580261061472,0.488424460064,0.413725498043
2015-08-12,20,3.92281191873,0.658613405999,0.488424460064,0.413725498043
2015-08-13,1,0.152438105087,0.52044488376,0.46009593767,0.382677602429
2015-08-13,20,3.93201959107,0.621239052171,0.46009593767,0.382677602429
2015-08-14,1,0.270180782224,0.488458924955,0.441636467715,0.389688363374
2015-08-14,20,3.93279465675,0.601253580219,0.441636467715,0.389688363374
2015-08-17,1,0.0691155127573,0.477006211547,0.431349126586,0.402900230847
2015-08-17,20,4.00056288499,0.594097693976,0.431349126586,0.402900230847
2015-08-18,1,0.687097824167,0.442315876059,0.409615109756,0.397236156211
2015-08-18,20,4.03467197391,0.572422472948,0.409615109756,0.397236156211
2015-08-19,1,4.54796589291,0.491556765968,0.426264072621,0.428733646861
2015-08-19,20,4.00360501391,0.603189173742,0.426264072621,0.428733646861
2015-08-20,1,10.4776786144,1.01755632205,0.673566181838,0.639931312962
2015-08-20,20,3.90899029092,0.931844301409,0.673566181838,0.639931312962
2015-08-21,1,16.1696025643,2.19517512921,1.26181292779,1.10591546047
2015-08-21,20,3.39548215849,1.66764427488,1.26181292779,1.10591546047
2015-08-24,1,1.85347796055,3.87787647676,2.15628030598,1.89762337532
2015-08-24,20,2.66381917537,2.71903000289,2.15628030598,1.89762337532
2015-08-25,1,14.6622361238,3.45889364722,2.13811216526,1.91452831484
2015-08-25,20,2.57324805329,2.4572410836,2.13811216526,1.91452831484
2015-08-26,1,5.76348268134,4.72582948249,2.88955960277,2.62105244679
2015-08-26,20,1.84581015481,3.24884813701,2.88955960277,2.62105244679
2015-08-27,1,0.00370334510535,4.64682699528,3.06199498749,2.90922617852
2015-08-27,20,1.55774455299,3.19948579019,3.06199498749,2.90922617852
2015-08-28,1,0.710156548094,3.85757124458,2.87849748894,2.90682557173
2015-08-28,20,1.8955908767,2.70634288444,2.87849748894,2.90682557173
2015-08-31,1,9.01359503561,3.29842998046,2.74839703249,2.9385226836
2015-08-31,20,1.860842077,2.3569801494,2.74839703249,2.9385226836
2015-09-01,1,3.28612471229,4.12544078542,3.12430891268,3.38666614475
2015-09-01,20,1.58868981724,2.82374582008,3.12430891268,3.38666614475
2015-09-02,1,0.0135516536157,3.80819298168,3.13401786066,3.54613683359
2015-09-02,20,1.4263278527,2.63289119631,3.13401786066,3.54613683359
2015-09-03,1,2.38650243368,3.0583663939,2.94678988823,3.51652534689
2015-09-03,20,1.52666622598,2.18179943267,2.94678988823,3.51652534689
2015-09-04,1,6.13733099971,2.82845455582,2.91317264096,3.63170608227
2015-09-04,20,1.5715915494,2.04348567025,2.91317264096,3.63170608227
2015-09-08,1,1.95861026178,3.21926888567,3.10662214249,3.85758645965
2015-09-08,20,1.27118589515,2.27859753235,3.10662214249,3.85758645965
2015-09-09,1,0.2771049029,2.89019750131,3.03774142964,3.90940754712
2015-09-09,20,1.20528354712,2.08062990416,3.03774142964,3.90940754712
2015-09-10,1,0.200435867083,2.37381423164,2.87210323804,3.92281191873
2015-09-10,20,1.22997057167,1.7699764229,2.87210323804,3.92281191873
2015-09-11,1,0.167939418656,1.95442531057,2.71180319578,3.93201959107
2015-09-11,20,1.22021148103,1.51767423578,2.71180319578,3.93201959107
2015-09-14,1,1.62554534699,1.61835468392,2.55917136915,3.93279465675
2015-09-14,20,1.21262689486,1.31549589995,2.55917136915,3.93279465675
2015-09-15,1,0.751297291095,1.57543678907,2.50315380782,4.00056288499
2015-09-15,20,1.15480282048,1.28967671829,2.50315380782,4.00056288499
2015-09-16,1,0.0657586242015,1.4081527105,2.39804241682,4.03467197391
2015-09-16,20,1.12841225744,1.18903948929,2.39804241682,4.03467197391
2015-09-17,1,2.65567143319,1.17147502246,2.25810538926,4.00360501391
2015-09-17,20,1.23381047946,1.04665542682,2.25810538926,4.00360501391
2015-09-18,1,0.207515965802,1.37980559148,2.2819593519,3.90899029092
2015-09-18,20,1.11142398766,1.17198601036,2.2819593519,3.90899029092
2015-09-21,1,1.53634290185,1.17072516599,2.15749274873,3.39548215849
2015-09-21,20,1.10108477692,1.04620431708,2.15749274873,3.39548215849
2015-09-22,1,0.0420555189532,1.2084172421,2.12022375792,2.66381917537
2015-09-22,20,1.02527881753,1.06887967344,2.12022375792,2.66381917537
2015-09-23,1,0.113478154299,1.01016491335,1.99553366358,2.57324805329
2015-09-23,20,1.04024314622,0.949612106674,1.99553366358,2.57324805329
2015-09-24,1,0.00217064488399,0.864540824768,1.88261033302,1.84581015481
2015-09-24,20,1.1705432561,0.862005414648,1.88261033302,1.84581015481
2015-09-25,1,6.76062981934,0.732584831832,1.76978395174,1.55774455299
2015-09-25,20,1.2306046689,0.782621377663,1.76978395174,1.55774455299
2015-09-28,1,0.0151805541046,1.65966530331,2.06923470379,1.8955908767
2015-09-28,20,0.894406662135,1.34034815307,2.06923470379,1.8955908767
2015-09-29,1,3.57054984037,1.3623292956,1.94599145481,1.860842077
2015-09-29,20,0.896917745661,1.16147236192,1.94599145481,1.860842077
2015-09-30,1,0.0388854215115,1.67254991675,2.04346495794,1.58868981724
2015-09-30,20,0.787662453267,1.35376419225,2.04346495794,1.58868981724
2015-10-01,1,2.02031911913,1.37767735324,1.92319018576,1.4263278527
2015-10-01,20,0.785819376121,1.17532032114,1.92319018576,1.4263278527
2015-10-02,1,3.2850089021,1.44621871721,1.92901792176,1.52666622598
2015-10-02,20,0.696426763,1.21679853183,1.92901792176,1.52666622598
2015-10-05,1,0.129217914809,1.69294982719,2.01037738058,1.5715915494
2015-10-05,20,0.601842066206,1.36610931838,2.01037738058,1.5715915494
2015-10-06,1,0.640563301104,1.40755797829,1.89750781263,1.27118589515
2015-10-06,20,0.599092219895,1.19340275764,1.89750781263,1.27118589515
2015-10-07,1,0.770845393863,1.25978057726,1.82209114194,1.20528354712
2015-10-07,20,0.573371223865,1.10397439175,1.82209114194,1.20528354712
2015-10-08,1,0.00525405435681,1.16278438727,1.75901639706,1.22997057167
2015-10-08,20,0.535470560488,1.04527657524,1.75901639706,1.22997057167
2015-10-09,1,0.0162476952982,0.969542649993,1.6537906565,1.22021148103
2015-10-09,20,0.535268299081,0.928335198094,1.6537906565,1.22021148103
2015-10-12,1,0.469063859388,0.818441792045,1.55553807882,1.21262689486
2015-10-12,20,0.583177103928,0.836895622641,1.55553807882,1.21262689486
2015-10-13,1,0.223486030268,0.767922428363,1.49034962566,1.15480282048
2015-10-13,20,0.560863138389,0.806323531721,1.49034962566,1.15480282048
2015-10-14,1,2.1737230645,0.690594346696,1.41433780993,1.12841225744
2015-10-14,20,0.554915974993,0.759527986982,1.41433780993,1.12841225744
2015-10-15,1,0.207941597319,0.926374209434,1.45990092521,1.23381047946
2015-10-15,20,0.545482083532,0.902211561661,1.45990092521,1.23381047946
2015-10-16,1,0.000731750887087,0.813497847639,1.38478336554,1.11142398766
2015-10-16,20,0.598598671541,0.833903765521,1.38478336554,1.11142398766
2015-10-19,1,0.0202237141326,0.692712421568,1.30174026866,1.10108477692
2015-10-19,20,0.707982987777,0.760809752484,1.30174026866,1.10108477692
2015-10-20,1,0.341342092792,0.600188480064,1.22484927539,1.02527881753
2015-10-20,20,0.707869973313,0.704818343532,1.22484927539,1.02527881753
2015-10-21,1,2.71948035193,0.575928945658,1.17183884443,1.04024314622
2015-10-21,20,0.819335098821,0.690137543191,1.17183884443,1.04024314622
2015-10-22,1,1.20339890084,0.918810132364,1.26469733488,1.1705432561
2015-10-22,20,0.683992477388,0.897634115806,1.26469733488,1.1705432561
2015-10-23,1,0.0366696839884,0.959071521129,1.26101942884,1.2306046689
2015-10-23,20,0.631053766778,0.921998532698,1.26101942884,1.2306046689
2015-10-26,1,0.0654022246295,0.813272596495,1.18755844415,0.894406662135
2015-10-26,20,0.629983665717,0.833767453463,1.18755844415,0.894406662135
2015-10-27,1,1.38544399249,0.702380119383,1.12022907098,0.896917745661
2015-10-27,20,0.6274592802,0.766660216841,1.12022907098,0.896917745661
2015-10-28,1,0.00202387858092,0.814657307742,1.13614196627,0.787662453267
2015-10-28,20,0.558195419225,0.833163484568,1.13614196627,0.787662453267
2015-10-29,1,0.232466856718,0.694467043792,1.06809488101,0.785819376121
2015-10-29,20,0.558270311738,0.759938351384,1.06809488101,0.785819376121
2015-10-30,1,1.39331496621,0.634057784526,1.01795719955,0.696426763
2015-10-30,20,0.557466591171,0.723134404792,1.01795719955,0.696426763
2015-11-02,1,0.0742209886039,0.761687427811,1.04047866555,0.601842066206
2015-11-02,20,0.544234882233,0.800891931239,1.04047866555,0.601842066206
2015-11-03,1,0.1261433805,0.6634044126,0.982503204931,0.599092219895
2015-11-03,20,0.6016479532,0.741013646243,0.982503204931,0.599092219895
2015-11-04,1,0.0128321263251,0.593366628012,0.931121615465,0.573371223865
2015-11-04,20,0.700144513448,0.698343583496,0.931121615465,0.573371223865
2015-11-05,1,0.00120882620144,0.520731852877,0.876024246117,0.535470560488
2015-11-05,20,0.905910550742,0.654091321222,0.876024246117,0.535470560488
2015-11-06,1,0.974423792254,0.461412713506,0.823535320922,0.535268299081
2015-11-06,20,0.930448515771,0.617951523055,0.823535320922,0.535268299081
2015-11-09,1,0.0227845486024,0.56153891469,0.832588629202,0.583177103928
2015-11-09,20,0.902924229305,0.678952757065,0.832588629202,0.583177103928
2015-11-10,1,0.104542762356,0.497013570043,0.784000384366,0.560863138389
2015-11-10,20,0.931964353354,0.639641112342,0.784000384366,0.560863138389
2015-11-11,1,1.98504523527,0.45823891929,0.743232927045,0.554915974993
2015-11-11,20,0.929265893192,0.616017909661,0.743232927045,0.554915974993
2015-11-12,1,1.27027335751,0.711814685558,0.817741665539,0.545482083532
2015-11-12,20,1.0223655356,0.770507288809,0.817741665539,0.545482083532
2015-11-13,1,2.18841807561,0.804706434068,0.844893567057,0.598598671541
2015-11-13,20,0.970106002342,0.827100979785,0.844893567057,0.598598671541
2015-11-16,1,0.0179634248564,1.01713146615,0.92550503757,0.707982987777
2015-11-16,20,0.916469147809,0.956519542939,0.92550503757,0.707982987777
2015-11-17,1,2.57064460295,0.857334319052,0.871052540807,0.707869973313
2015-11-17,20,1.0194041865,0.859164174926,0.871052540807,0.707869973313
2015-11-18,1,0.0126279232695,1.11662517607,0.973028064536,0.819335098821
2015-11-18,20,1.00570558379,1.01713543578,0.973028064536,0.819335098821
2015-11-19,1,0.144624688627,0.935374805191,0.91540405606,0.683992477388
2015-11-19,20,1.16631000109,0.906709831317,0.91540405606,0.683992477388
2015-11-20,1,0.0152676627817,0.811692806679,0.869157294014,0.631053766778
2015-11-20,20,1.18909689523,0.831357381661,0.869157294014,0.631053766778
2015-11-23,1,0.0149145142807,0.694119988731,0.81792391614,0.629983665717
2015-11-23,20,1.2268609932,0.759726910355,0.81792391614,0.629983665717
2015-11-24,1,0.000166772984311,0.600892066345,0.769743352028,0.6274592802
2015-11-24,20,1.30227276991,0.702928407641,0.769743352028,0.6274592802
2015-11-25,1,0.00352172884534,0.518723513739,0.723568757286,0.558195419225
2015-11-25,20,1.30354429591,0.649311834408,0.723568757286,0.558195419225
2015-11-27,1,0.21639244539,0.458932698624,0.680365935579,0.558270311738
2015-11-27,20,1.30574645138,0.613202688666,0.680365935579,0.558270311738
2015-11-30,1,1.12868078744,0.444237570147,0.652527526168,0.557466591171
2015-11-30,20,1.35082801613,0.604327938675,0.652527526168,0.557466591171
2015-12-01,1,1.22248240795,0.572028698818,0.681096721844,0.544234882233
2015-12-01,20,1.32062738973,0.681504148446,0.681096721844,0.544234882233
2015-12-02,1,2.09607458547,0.687288495996,0.71357986301,0.6016479532
2015-12-02,20,1.304215824,0.751112378514,0.71357986301,0.6016479532
2015-12-03,1,4.12815287221,0.911802772696,0.796529546358,0.700144513448
2015-12-03,20,1.31833178134,0.886702079422,0.796529546358,0.700144513448
2015-12-04,1,0.491968126779,1.39962004711,0.996426945909,0.905910550742
2015-12-04,20,1.11394459807,1.18130694512,0.996426945909,0.905910550742
2015-12-07,1,0.423938062936,1.2292820968,0.966159416761,0.930448515771
2015-12-07,20,1.1764947457,1.07843566195,0.966159416761,0.930448515771
2015-12-08,1,0.603587029573,1.08435751652,0.933626135532,0.902924229305
2015-12-08,20,1.4429575396,0.990912138796,0.933626135532,0.902924229305
2015-12-09,1,0.0505735591117,0.997349119041,0.913823789174,0.931964353354
2015-12-09,20,1.47215634932,0.938365624766,0.913823789174,0.931964353354
2015-12-10,1,3.84703808343,0.844131468885,0.86202877537,0.929265893192
2015-12-10,20,1.46999139764,0.84583371248,0.86202877537,0.929265893192
2015-12-11,1,0.225082692346,1.30322040051,1.04112933385,1.0223655356
2015-12-11,20,1.30784548133,1.12308882447,1.04112933385,1.0223655356
2015-12-14,1,1.11568098495,1.11236759455,0.992166535364,0.970106002342
2015-12-14,20,1.6161905915,1.00782811474,0.992166535364,0.970106002342
2015-12-15,1,2.07666419859,1.09771855823,0.999577402339,0.916469147809
2015-12-15,20,1.6974912332,0.998981200933,0.999577402339,0.916469147809
2015-12-16,1,2.29667254884,1.23298663392,1.06420261011,1.0194041865
2015-12-16,20,1.83205850794,1.08067292315,1.06420261011,1.0194041865
2015-12-17,1,3.2247162693,1.37343588501,1.13815080644,1.00570558379
2015-12-17,20,1.71736622241,1.16549368478,1.13815080644,1.00570558379
2015-12-18,1,0.600362571386,1.626164467,1.26334473421,1.16631000109
2015-12-18,20,1.62531174123,1.3181226995,1.26334473421,1.16631000109
2015-12-21,1,0.770549622142,1.42476511466,1.22356580444,1.18909689523
2015-12-21,20,1.60872011577,1.19649267068,1.22356580444,1.18909689523
2015-12-22,1,1.52315004849,1.29170825577,1.1963848335,1.2268609932
2015-12-22,20,1.77181043073,1.11613635674,1.1963848335,1.2268609932
2015-12-23,1,0.0255972929948,1.30161936181,1.2159907464,1.30227276991
2015-12-23,20,1.81986608142,1.12212191777,1.2159907464,1.30227276991
2015-12-24,1,0.047564838265,1.09600907542,1.1445671392,1.30354429591
2015-12-24,20,1.91722056962,1.01483674961,1.1445671392,1.30354429591
2015-12-28,1,1.11802374044,0.925156272162,1.07874700114,1.30574645138
2015-12-28,20,1.9744974435,0.909554284673,1.07874700114,1.30574645138
2015-12-29,1,0.524668259408,0.952215852844,1.0811036055,1.35082801613
2015-12-29,20,1.93379477455,0.92622886829,1.0811036055,1.35082801613
2015-12-30,1,0.894251093402,0.883561543619,1.04771748473,1.32062738973
2015-12-30,20,2.20667416581,0.88392289048,1.04771748473,1.32062738973
2015-12-31,1,2.37839373212,0.885236768826,1.03850950125,1.304215824
2015-12-31,20,2.16205988404,0.88495519335,1.03850950125,1.304215824
2016-01-04,1,0.0404092068187,1.11197482604,1.11890255511,1.31833178134
2016-01-04,20,2.22214172605,1.02467512245,1.11890255511,1.31833178134
2016-01-05,1,1.74297107948,0.936733482631,1.05419295421,1.11394459807
2016-01-05,20,2.23251957349,0.91668836285,1.05419295421,1.11394459807
2016-01-06,1,5.75319394099,1.05631489804,1.09551964173,1.1764947457
2016-01-06,20,2.14653469882,0.990376508048,1.09551964173,1.1764947457
2016-01-07,1,1.18756322383,1.76023300374,1.37498009968,1.4429575396
2016-01-07,20,2.03286381227,1.42414307123,1.37498009968,1.4429575396
2016-01-08,1,0.0072745256105,1.62515834199,1.36373508713,1.47215634932
2016-01-08,20,2.07508898927,1.34090771853,1.36373508713,1.47215634932
2016-01-11,1,0.604119757108,1.3387570221,1.28234745344,1.46999139764
2016-01-11,20,2.0749456052,1.16442225067,1.28234745344,1.46999139764
2016-01-12,1,6.39198489578,1.20223207879,1.24165379166,1.30784548133
2016-01-12,20,2.04475747182,1.08029320928,1.24165379166,1.30784548133
2016-01-13,1,2.74169381906,1.97299275084,1.55067365791,1.6161905915
2016-01-13,20,1.80175882822,1.55524932284,1.55067365791,1.6161905915
2016-01-14,1,4.76800969325,2.02995781778,1.62213486758,1.6974912332
2016-01-14,20,1.85149888122,1.59035218652,1.62213486758,1.6974912332
2016-01-15,1,0.00282683821705,2.38289607672,1.81088735712,1.83205850794
2016-01-15,20,1.74727906228,1.80783887191,1.81088735712,1.83205850794
2016-01-19,1,1.3836266458,1.93911734076,1.70240372598,1.71736622241
2016-01-19,20,1.88073538666,1.53437470676,1.70240372598,1.71736622241
2016-01-20,1,0.268530062232,1.7968267934,1.68327710117,1.62531174123
2016-01-20,20,1.82248949838,1.44669280001,1.68327710117,1.62531174123
2016-01-21,1,4.03235592118,1.51460312649,1.59839227884,1.60872011577
2016-01-21,20,1.80906333414,1.27278167449,1.59839227884,1.60872011577
2016-01-22,1,2.48426306235,1.86238797307,1.74443009738,1.77181043073
2016-01-22,20,1.71041727962,1.48709273767,1.74443009738,1.77181043073
2016-01-25,1,1.97268705711,1.90312818033,1.78882007527,1.81986608142
2016-01-25,20,1.66473687678,1.51219756101,1.78882007527,1.81986608142
2016-01-26,1,1.19310231583,1.89249717662,1.79985209419,1.91722056962
2016-01-26,20,1.57591479688,1.54175057554,1.79985209419,1.91722056962
2016-01-27,1,0.303970361352,1.73469783791,1.76344710748,1.9744974435
2016-01-27,20,1.57992814734,1.44146522918,1.76344710748,1.9744974435
2016-01-28,1,5.98225608473,1.47142544126,1.67587850272,1.93379477455
2016-01-28,20,1.56648156918,1.27414917007,1.67587850272,1.93379477455
2016-01-29,1,0.00196545785288,2.14407406062,1.93426115764,2.20667416581
2016-01-29,20,1.30061369187,1.70163384979,1.93426115764,2.20667416581
2016-02-01,1,3.58003057236,1.74942019034,1.81832341565,2.16205988404
2016-02-01,20,1.57872138191,1.4508216449,1.81832341565,2.16205988404
2016-02-02,1,0.247966155593,1.99173408784,1.92402584505,2.22214172605
2016-02-02,20,1.40806734642,1.60481806426,1.92402584505,2.22214172605
2016-02-03,1,0.0232735861515,1.66671545775,1.82346226368,2.23251957349
2016-02-03,20,1.40176828589,1.3982607608,1.82346226368,2.23251957349
2016-02-04,1,3.47977621,1.37389476861,1.71545094303,2.14653469882
2016-02-04,20,1.40605105824,1.21216603777,1.71545094303,2.14653469882
2016-02-05,1,2.0320667639,1.67815067688,1.82131045905,2.03286381227
2016-02-05,20,1.23245352649,1.40552812276,1.82131045905,2.03286381227
2016-02-08,1,0.00440684404256,1.69484511175,1.83395583734,2.07508898927
2016-02-08,20,1.19473763878,1.41613784519,1.83395583734,2.07508898927
2016-02-09,1,0.000357089544356,1.39328941261,1.72418289774,2.0749456052
2016-02-09,20,1.20721644746,1.22449180926,1.72418289774,2.0749456052
2016-02-10,1,1.53201202389,1.1533449093,1.62075334925,2.04475747182
2016-02-10,20,1.20721072868,1.07200119797,1.62075334925,2.04475747182
2016-02-11,1,3.73649487905,1.20072121383,1.61542886973,1.80175882822
2016-02-11,20,1.262845322,1.10211000038,1.61542886973,1.80175882822
2016-02-12,1,2.68361331437,1.58057635307,1.74269283029,1.85149888122
2016-02-12,20,1.07681660807,1.34351724908,1.74269283029,1.85149888122
2016-02-16,1,2.67195332586,1.71856565458,1.79914805933,1.74727906228
2016-02-16,20,0.944326224204,1.43121283138,1.79914805933,1.74727906228
2016-02-17,1,0.218708880227,1.82626422079,1.85151637533,1.88073538666
2016-02-17,20,0.826323150668,1.49965790919,1.85151637533,1.88073538666
2016-02-18,1,6.77731761027e-06,1.53085559707,1.75354792562,1.82248949838
2016-02-18,20,0.836993703836,1.31191849032,1.75354792562,1.82248949838
2016-02-19,1,2.05943483078,1.2624635727,1.64833545672,1.80906333414
2016-02-19,20,0.846655629006,1.14134878234,1.64833545672,1.80906333414
2016-02-22,1,1.57065500568,1.36920326386,1.67300141916,1.71041727962
2016-02-22,20,0.744169090497,1.20918447154,1.67300141916,1.71041727962
2016-02-23,1,0.196245459085,1.37802674973,1.66686063436,1.66473687678
2016-02-23,20,0.666021582842,1.21479201302,1.66686063436,1.66473687678
2016-02-24,1,1.27336932508,1.18121117673,1.57862372384,1.57591479688
2016-02-24,20,0.676730992071,1.09921639856,1.57862372384,1.57591479688
2016-02-25,1,0.0350387981212,1.18444285059,1.56030845991,1.57992814734
2016-02-25,20,0.61313402142,1.10132786448,1.56030845991,1.57992814734
2016-02-26,1,0.664898538579,0.991703301727,1.46879228021,1.56648156918
2016-02-26,20,0.611530652274,0.975398390344,1.46879228021,1.56648156918
2016-02-29,1,5.56411925853,0.937912582454,1.42055865571,1.30061369187
2016-02-29,20,0.616812473157,0.940253361566,1.42055865571,1.30061369187
2016-03-01,1,0.166949862677,1.66787166905,1.66917229188,1.57872138191
2016-03-01,20,0.34802812979,1.41718383307,1.66917229188,1.57872138191
2016-03-02,1,0.121984944955,1.39659078186,1.57903894613,1.40806734642
2016-03-02,20,0.341765196767,1.23993811641,1.57903894613,1.40806734642
2016-03-03,1,0.108929033087,1.17396716454,1.49161570606,1.40176828589
2016-03-03,20,0.355580051689,1.09448340706,1.49161570606,1.40176828589
2016-03-04,1,0.00782557499763,0.995034226557,1.40865450568,1.40605105824
2016-03-04,20,0.355296827037,0.977574703481,1.40865450568,1.40605105824
2016-03-07,1,1.27774900974,0.836926710729,1.32460476984,1.23245352649
2016-03-07,20,0.406887798939,0.874272623328,1.32460476984,1.23245352649
2016-03-08,1,0.253983017578,0.911600648211,1.32179342423,1.19473763878
2016-03-08,20,0.397630840756,0.92306203751,1.32179342423,1.19473763878
2016-03-09,1,0.000242713956449,0.809462464682,1.25772479983,1.20721644746
2016-03-09,20,0.45750973307,0.856328417882,1.25772479983,1.20721644746
2016-03-10,1,2.64470389028,0.688294557884,1.18227587468,1.20721072868
2016-03-10,20,0.461369314265,0.777161423482,1.18227587468,1.20721072868
2016-03-11,1,0.0159206004185,1.00910634528,1.27002155562,1.262845322
2016-03-11,20,0.332897641775,0.986768947845,1.27002155562,1.262845322
2016-03-14,1,0.0338056371263,0.849383697927,1.1947754983,1.07681660807
2016-03-14,20,0.378332973108,0.882411595617,1.1947754983,1.07681660807
2016-03-15,1,0.311891855136,0.725305335446,1.12511730663,0.944326224204
2016-03-15,20,0.426543438242,0.801343008338,1.12511730663,0.944326224204
2016-03-16,1,0.432119943598,0.670584677332,1.07632377954,0.826323150668
2016-03-16,20,0.410963794839,0.76559038911,1.07632377954,0.826323150668
2016-03-17,1,0.193245280721,0.646071423796,1.03767154939,0.836993703836
2016-03-17,20,0.389842683219,0.74957426193,1.03767154939,0.836993703836
2016-03-18,1,0.00970406059855,0.588920867244,0.987005973267,0.846655629006
2016-03-18,20,0.401433830222,0.712234029602,0.987005973267,0.846655629006
2016-03-21,1,0.00770485258286,0.514567156962,0.928367858506,0.744169090497
2016-03-21,20,0.405691019967,0.663653840994,0.928367858506,0.744169090497
2016-03-22,1,0.410433643664,0.455178049767,0.873128078151,0.666021582842
2016-03-22,20,0.405595531963,0.624851015717,0.873128078151,0.666021582842
2016-03-23,1,0.00142991205329,0.475279368385,0.845366412082,0.676730992071
2016-03-23,20,0.398633205236,0.629723277746,0.845366412082,0.676730992071
2016-03-24,1,0.00297141519438,0.424029729197,0.79473022208,0.61313402142
2016-03-24,20,0.398562854855,0.595638444476,0.79473022208,0.61313402142
2016-03-28,1,0.770534956243,0.383174598117,0.747224693667,0.611530652274
2016-03-28,20,0.400059019116,0.568466734526,0.747224693667,0.611530652274
2016-03-29,1,0.188432391188,0.467533941702,0.748623309422,0.616812473157
2016-03-29,20,0.36328259213,0.624571991195,0.748623309422,0.616812473157
2016-03-30,1,0.0416912022154,0.44635273632,0.715011854328,0.34802812979
2016-03-30,20,0.355218914866,0.610484909504,0.715011854328,0.34802812979
2016-03-31,1,0.398282043403,0.406980385084,0.674612615201,0.341765196767
2016-03-31,20,0.396134517657,0.584299358764,0.674612615201,0.341765196767
2016-04-01,1,0.103264540052,0.429821906536,0.658032780893,0.355580051689
2016-04-01,20,0.389103045782,0.599490674501,0.658032780893,0.355580051689
2016-04-04,1,1.03964501302,0.403121417857,0.624746686442,0.355296827037
2016-04-04,20,0.414200958962,0.581732857681,0.624746686442,0.355296827037
2016-04-05,1,1.09260984608,0.524587778544,0.649640586037,0.406887798939
2016-04-05,20,0.400189958106,0.662517048897,0.649640586037,0.406887798939
2016-04-06,1,1.45156086387,0.630057086931,0.67621874164,0.397630840756
2016-04-06,20,0.3632879934,0.732662006957,0.67621874164,0.397630840756
2016-04-07,1,0.077434337856,0.769388175799,0.722739268974,0.45750973307
2016-04-07,20,0.290738519477,0.825327575117,0.722739268974,0.45750973307
2016-04-08,1,0.0752704404819,0.671433682536,0.684020973107,0.461369314265
2016-04-08,20,0.291890018114,0.760180529717,0.684020973107,0.461369314265
2016-04-11,1,0.92462722707,0.592566706593,0.647495941149,0.332897641775
2016-04-11,20,0.288410161234,0.707728107259,0.647495941149,0.332897641775
2016-04-12,1,0.998014939809,0.658929462155,0.664123818304,0.378332973108
2016-04-12,20,0.319137749065,0.751864290352,0.664123818304,0.378332973108
2016-04-13,1,0.000298987084986,0.723334593065,0.684157285595,0.426543438242
2016-04-13,20,0.315389249999,0.794698507014,0.684157285595,0.426543438242
2016-04-14,1,0.0096977111808,0.622739983552,0.643125787684,0.410963794839
2016-04-14,20,0.315388662256,0.727795587356,0.643125787684,0.410963794839
2016-04-15,1,0.425068220787,0.543520483671,0.605120103094,0.389842683219
2016-04-15,20,0.351151571244,0.675108710181,0.605120103094,0.389842683219
2016-04-18,1,0.0948478555036,0.543382491745,0.594316990155,0.401433830222
2016-04-18,20,0.377419430527,0.675016935256,0.594316990155,0.401433830222
2016-04-19,1,0.00579509250038,0.492886466515,0.564348842076,0.405691019967
2016-04-19,20,0.417383715511,0.641433311488,0.564348842076,0.405691019967
2016-04-20,1,0.271187109126,0.438812586122,0.530835617102,0.405595531963
2016-04-20,20,0.417115005724,0.605470147128,0.530835617102,0.405595531963
2016-04-21,1,2.2904436334e-05,0.436106543889,0.515256706623,0.398633205236
2016-04-21,20,0.410451042407,0.605921648616,0.515256706623,0.398633205236
2016-04-22,1,0.0328947004046,0.392412238373,0.484342678492,0.398562854855
2016-04-22,20,0.428458653587,0.577224449178,0.484342678492,0.398562854855
2016-04-25,1,0.0350064165204,0.362546784046,0.457255799807,0.400059019116
2016-04-25,20,0.428993031787,0.557609652947,0.457255799807,0.400059019116
2016-04-26,1,0.0271588459239,0.339004667796,0.43192083681,0.36328259213
2016-04-26,20,0.519568245976,0.542147848549,0.43192083681,0.36328259213
2016-04-27,1,0.860003258023,0.318985033833,0.407635117356,0.355218914866
2016-04-27,20,0.542365234899,0.52899951213,0.407635117356,0.355218914866
2016-04-28,1,0.257652605916,0.430995545806,0.434777205796,0.396134517657
2016-04-28,20,0.499387219977,0.602564887829,0.434777205796,0.396134517657
2016-04-29,1,0.605222803638,0.427925773298,0.424149729804,0.389103045782
2016-04-29,20,0.495653926679,0.600548746988,0.424149729804,0.389103045782
2016-05-02,1,0.759424995901,0.478894477033,0.435014114234,0.414200958962
2016-05-02,20,0.465898571756,0.634023567995,0.435014114234,0.414200958962
2016-05-03,1,0.354570551963,0.543326653177,0.454478767134,0.400189958106
2016-05-03,20,0.428570752114,0.676340821632,0.454478767134,0.400189958106
2016-05-04,1,0.000571385405016,0.532590475855,0.448484274223,0.3632879934
2016-05-04,20,0.414820387949,0.669289600239,0.448484274223,0.3632879934
2016-05-05,1,0.100464310611,0.469600741919,0.421609500894,0.290738519477
2016-05-05,20,0.419043528163,0.627919702355,0.421609500894,0.290738519477
2016-05-06,1,0.00567330286742,0.434616746282,0.402340789477,0.291890018114
2016-05-06,20,0.425953530003,0.604943191159,0.402340789477,0.291890018114
2016-05-09,1,1.5391789837,0.392090152839,0.378540740281,0.288410161234
2016-05-09,20,0.42650012998,0.577012912395,0.378540740281,0.288410161234
2016-05-10,1,0.923044958485,0.593806774924,0.448179034886,0.319137749065
2016-05-10,20,0.354999725715,0.709494755636,0.448179034886,0.319137749065
2016-05-11,1,0.000287232222659,0.660306255021,0.476670990302,0.315389249999
2016-05-11,20,0.310325363311,0.753169756768,0.476670990302,0.315389249999
2016-05-12,1,0.724955890947,0.571619897532,0.448087964817,0.315388662256
2016-05-12,20,0.352792453567,0.694923034267,0.448087964817,0.315388662256
2016-05-13,1,0.950425406451,0.612129341069,0.464700040385,0.351151571244
2016-05-13,20,0.349742045602,0.721528505313,0.464700040385,0.351151571244
2016-05-16,1,0.894133555174,0.679156958525,0.493843562349,0.377419430527
2016-05-16,20,0.303841684537,0.765550372311,0.493843562349,0.377419430527
2016-05-17,1,0.000420896762872,0.724069317879,0.517860961919,0.417383715511
2016-05-17,20,0.260832242357,0.795047555488,0.517860961919,0.417383715511
2016-05-18,1,0.137907842791,0.622596077162,0.486814558009,0.417115005724
2016-05-18,20,0.265703680775,0.728402765233,0.486814558009,0.417115005724
2016-05-19,1,0.360175128031,0.561385669679,0.465880155096,0.410451042407
2016-05-19,20,0.26413280034,0.684571140703,0.465880155096,0.410451042407
2016-05-20,1,0.0435822644052,0.547696599557,0.459537853472,0.428458653587
2016-05-20,20,0.262894101181,0.675545745179,0.459537853472,0.428458653587
2016-05-23,1,1.84651070031,0.488622239575,0.434580518128,0.428993031787
2016-05-23,20,0.264382677794,0.636597192835,0.434580518128,0.428993031787
2016-05-24,1,0.483098624372,0.715226927843,0.519296329059,0.519568245976
2016-05-24,20,0.173423229912,0.786000835378,0.519296329059,0.519568245976
2016-05-25,1,0.000442959581826,0.689656589214,0.517124466778,0.542365234899
2016-05-25,20,0.237388639235,0.769141953236,0.517124466778,0.542365234899
2016-05-26,1,0.182986739953,0.595828749482,0.486123576346,0.499387219977
2016-05-26,20,0.906443692398,0.707279945283,0.486123576346,0.499387219977
2016-05-27,1,0.0101157051819,0.548375203026,0.467935366162,0.495653926679
2016-05-27,20,1.06404917923,0.675993157943,0.467935366162,0.495653926679
2016-05-31,1,0.01286860306,0.484080995056,0.440466186504,0.465898571756
2016-05-31,20,1.21867203391,0.633603086765,0.440466186504,0.465898571756
2016-06-01,1,0.0795632686638,0.432976375049,0.414810331497,0.428570752114
2016-06-01,20,1.36065186783,0.599909095532,0.414810331497,0.428570752114
2016-06-02,1,0.0850341896821,0.402156967838,0.394695507727,0.414820387949
2016-06-02,20,1.44744619848,0.579589429009,0.394695507727,0.414820387949
2016-06-03,1,0.238664347422,0.378290754488,0.376115828644,0.419043528163
2016-06-03,20,1.44508932169,0.563854100515,0.376115828644,0.419043528163
2016-06-06,1,0.0166053023978,0.382508507606,0.367868739771,0.425953530003
2016-06-06,20,1.45676162398,0.566634924177,0.367868739771,0.425953530003
2016-06-07,1,0.109170898411,0.352147857695,0.346792933529,0.42650012998
2016-06-07,20,1.47018214862,0.546617722762,0.346792933529,0.42650012998
2016-06-08,1,0.0295577104099,0.341882809918,0.332535611422,0.354999725715
2016-06-08,20,1.46510375897,0.539849833093,0.332535611422,0.354999725715
2016-06-09,1,0.849629037327,0.32156002901,0.314356937361,0.310325363311
2016-06-09,20,1.57820821971,0.526450739202,0.314356937361,0.310325363311
2016-06-10,1,0.663947731662,0.429879256583,0.346473263359,0.352792453567
2016-06-10,20,1.54151635747,0.59786712198,0.346473263359,0.352792453567
2016-06-13,1,0.0324181851424,0.488468915324,0.365521731457,0.349742045602
2016-06-13,20,1.53271298192,0.636496104011,0.365521731457,0.349742045602
2016-06-14,1,0.0339447115846,0.43946313229,0.345535518678,0.303841684537
2016-06-14,20,1.53110115261,0.60418590537,0.345535518678,0.303841684537
2016-06-15,1,0.0978496651145,0.400423728302,0.326840070252,0.260832242357
2016-06-15,20,1.54316114722,0.578446679924,0.326840070252,0.260832242357
2016-06-16,1,0.106490234086,0.378849040752,0.313100645944,0.265703680775
2016-06-16,20,1.53870053668,0.564222186462,0.313100645944,0.265703680775
2016-06-17,1,0.335401144864,0.356662953078,0.300704021233,0.26413280034
2016-06-17,20,1.53620694426,0.544571662737,0.300704021233,0.26413280034
2016-06-20,1,0.073353796651,0.379250015193,0.302785848651,0.262894101181
2016-06-20,20,1.5204682287,0.559352022784,0.302785848651,0.262894101181
2016-06-21,1,0.0273217426776,0.356698085121,0.289019925531,0.264382677794
2016-06-21,20,1.52587948702,0.544594652192,0.289019925531,0.264382677794
2016-06-22,1,1.76240681082,0.331584687174,0.273318034559,0.173423229912
2016-06-22,20,1.5310622332,0.528161126584,0.273318034559,0.173423229912
2016-06-23,1,13.3815440229,0.580160577973,0.362663361135,0.237388639235
2016-06-23,20,1.45326416486,0.690822438902,0.362663361135,0.237388639235
2016-06-24,1,3.33509647654,2.57716538971,1.14379620084,0.906443692398
2016-06-24,20,0.788735148237,1.99760815467,1.14379620084,0.906443692398
2016-06-27,1,3.10257279883,2.61468369792,1.27527421738,1.06404917923
2016-06-27,20,0.622032402434,2.02215911667,1.27527421738,1.06404917923
2016-06-28,1,2.85246528141,2.60861132908,1.38491213227,1.21867203391
2016-06-28,20,0.467622875901,2.01818552341,1.38491213227,1.21867203391
2016-06-29,1,1.81544988172,2.56504925509,1.47296532122,1.36065186783
2016-06-29,20,0.326287496653,1.98967968522,1.47296532122,1.36065186783
2016-06-30,1,0.0378966539133,2.36976556407,1.49351439485,1.44744619848
2016-06-30,20,0.236843420159,1.86189134117,1.49351439485,1.44744619848
2016-07-01,1,0.472110393213,1.93882828186,1.40617733039,1.44508932169
2016-07-01,20,0.235755792207,1.57989768673,1.40617733039,1.44508932169
2016-07-05,1,0.285015795066,1.66233618761,1.35013331416,1.45676162398
2016-07-05,20,0.232514856815,1.398968769,1.35013331416,1.45676162398
2016-07-06,1,0.00760310556237,1.41284444874,1.28622626301,1.47018214862
2016-07-06,20,0.223159521221,1.23570815058,1.28622626301,1.47018214862
2016-07-07,1,2.29164692507,1.17090595753,1.20950887357,1.46510375897
2016-07-07,20,0.222801954545,1.0773901723,1.20950887357,1.46510375897
2016-07-08,1,0.1157917927,1.33152743978,1.27443715666,1.57820821971
2016-07-08,20,0.144913759515,1.18249650826,1.27443715666,1.57820821971
2016-07-11,1,0.487880220582,1.12279670415,1.20491843482,1.54151635747
2016-07-11,20,0.139536018151,1.0459087834,1.20491843482,1.54151635747
2016-07-12,1,0.000181599004828,1.01391723863,1.16189614197,1.53271298192
2016-07-12,20,0.115217947176,0.974661018024,1.16189614197,1.53271298192
2016-07-13,1,0.275144603687,0.851575894807,1.09219326939,1.53110115261
2016-07-13,20,0.119323865521,0.868429251362,1.09219326939,1.53110115261
2016-07-14,1,0.00863745436905,0.764660383518,1.04317034945,1.54316114722
2016-07-14,20,0.116721960452,0.811554101154,1.04317034945,1.54316114722
2016-07-15,1,0.0566183856162,0.654079661751,0.981098375741,1.53870053668
2016-07-15,20,0.116607185056,0.739193079891,0.981098375741,1.53870053668
2016-07-18,1,0.0206268336695,0.546756267926,0.925629576334,1.53620694426
2016-07-18,20,0.117665571721,0.683461483316,0.925629576334,1.53620694426
2016-07-19,1,0.1815789631,0.48047629711,0.871329411774,1.5204682287
2016-07-19,20,0.131727029384,0.642444749001,0.871329411774,1.5204682287
2016-07-20,1,0.130976666262,0.454854566961,0.829944384853,1.52587948702
2016-07-20,20,0.124390638235,0.626588983144,0.829944384853,1.52587948702
2016-07-21,1,0.206445444025,0.426553320129,0.788006321738,1.5310622332
2016-07-21,20,0.120255652569,0.60907502368,0.788006321738,1.5310622332
2016-07-22,1,0.0909636903954,0.416712466598,0.753112669075,1.45326416486
2016-07-22,20,0.110972067004,0.602985104361,0.753112669075,1.45326416486
2016-07-25,1,0.0010415604754,0.390181093556,0.713383730354,0.788735148237
2016-07-25,20,0.106582638401,0.586566414587,0.713383730354,0.788735148237
2016-07-26,1,0.0143822681851,0.354756501482,0.670643200162,0.622032402434
2016-07-26,20,0.108431551384,0.564644240158,0.670643200162,0.622032402434
2016-07-27,1,0.0257576964478,0.329210713202,0.631267544243,0.467622875901
2016-07-27,20,0.121514986311,0.548835470211,0.631267544243,0.467622875901
2016-07-28,1,0.0265683518381,0.311075016466,0.594936953375,0.326287496653
2016-07-28,20,0.121160298603,0.53761236547,0.594936953375,0.326287496653
2016-07-29,1,0.0161440948761,0.297015308968,0.560834837283,0.236843420159
2016-07-29,20,0.12108018251,0.528911648196,0.560834837283,0.236843420159
2016-08-01,1,0.407291685361,0.284313251677,0.528153392739,0.235755792207
2016-08-01,20,0.133868109685,0.521051099938,0.528153392739,0.235755792207
2016-08-02,1,0.0979090831893,0.338154139489,0.520901690296,0.232514856815
2016-08-02,20,0.115415694293,0.55437002515,0.520901690296,0.232514856815
2016-08-03,1,0.000451772047132,0.329838643599,0.49552213387,0.223159521221
2016-08-03,20,0.113349325821,0.549224059009,0.49552213387,0.223159521221
2016-08-04,1,0.733883024479,0.307439998387,0.46581791216,0.222801954545
2016-08-04,20,0.113327593594,0.535362868843,0.46581791216,0.222801954545
2016-08-05,1,0.00823696540143,0.409505891988,0.481901818899,0.144913759515
2016-08-05,20,0.0854208871826,0.598525383688,0.481901818899,0.144913759515
2016-08-08,1,0.00151880109063,0.37105220034,0.453481927689,0.139536018151
2016-08-08,20,0.0894410249774,0.57472867958,0.453481927689,0.139536018151
2016-08-09,1,0.0822999659148,0.339865212017,0.426364140094,0.115217947176
2016-08-09,20,0.0893758008083,0.555428906233,0.426364140094,0.115217947176
2016-08-10,1,0.223106502299,0.328632393493,0.405720289643,0.119323865521
2016-08-10,20,0.08773720136,0.548477582517,0.405720289643,0.119323865521
2016-08-11,1,0.00634194644035,0.342802265567,0.394763462402,0.116721960452
2016-08-11,20,0.384790272854,0.557246474099,0.394763462402,0.116721960452
2016-08-12,1,0.077786118913,0.31854499575,0.371458171444,0.116607185056
2016-08-12,20,0.490621267597,0.54223509164,0.371458171444,0.116607185056
2016-08-15,1,0.301855986949,0.307023100786,0.353837848293,0.117665571721
2016-08-15,20,0.598359882457,0.509408089184,0.353837848293,0.117665571721
2016-08-16,1,0.0348511401057,0.335884063891,0.350718936612,0.131727029384
2016-08-16,20,0.583439866568,0.526551069458,0.350718936612,0.131727029384
2016-08-17,1,0.0482769529454,0.317600235856,0.331766868822,0.124390638235
2016-08-17,20,0.632284186144,0.515690749163,0.331766868822,0.124390638235
2016-08-18,1,0.0207737327296,0.305272893504,0.314757473869,0.120255652569
2016-08-18,20,0.637012375728,0.508368492244,0.314757473869,0.120255652569
2016-08-19,1,0.00317511832846,0.291348783841,0.297118449401,0.110972067004
2016-08-19,20,0.635973862132,0.500097779433,0.297118449401,0.110972067004
2016-08-22,1,0.0380198201339,0.277688843845,0.279481849536,0.106582638401
2016-08-22,20,0.635859834671,0.491983979451,0.279481849536,0.106582638401
2016-08-23,1,0.276050966722,0.27228904705,0.264994127772,0.108431551384
2016-08-23,20,0.692906929288,0.488776580946,0.264994127772,0.108431551384
2016-08-24,1,0.0186639422933,0.304587358134,0.265657538109,0.121514986311
2016-08-24,20,0.700091494157,0.507961294491,0.265657538109,0.121514986311
2016-08-25,1,0.0249660299842,0.290485348777,0.25083792236,0.121160298603
2016-08-25,20,0.715708486982,0.499584911923,0.25083792236,0.121160298603
2016-08-26,1,0.271902638378,0.280355168633,0.237285608818,0.12108018251
2016-08-26,20,0.751654205261,0.493567736483,0.237285608818,0.12108018251
2016-08-29,1,0.0382433775161,0.310298186616,0.239362630591,0.133868109685
2016-08-29,20,0.758689718412,0.511353441166,0.239362630591,0.133868109685
2016-08-30,1,0.0565817137563,0.297985847164,0.227295475407,0.115415694293
2016-08-30,20,0.770730357323,0.504040095745,0.227295475407,0.115415694293
2016-08-31,1,1.71275045674e-05,0.291112147457,0.217052649708,0.113349325821
2016-08-31,20,0.811754080335,0.499957220961,0.217052649708,0.113349325821
2016-09-01,1,0.175748896248,0.277017734682,0.204030518376,0.113327593594
2016-09-01,20,0.843246387615,0.49158535065,0.204030518376,0.113327593594
2016-09-02,1,0.0886397212976,0.292908100851,0.202333621048,0.0854208871826
2016-09-02,20,0.839792396514,0.501023990407,0.202333621048,0.0854208871826
2016-09-06,1,0.00021431770752,0.292038378813,0.195511987063,0.0894410249774
2016-09-06,20,0.847700335171,0.500507388528,0.195511987063,0.0894410249774
2016-09-07,1,0.0495279769493,0.27777692511,0.183794126902,0.0893758008083
2016-09-07,20,0.856880888377,0.492036298405,0.183794126902,0.0893758008083
2016-09-08,1,6.16416793217,0.274125349234,0.175738157904,0.08773720136
2016-09-08,20,0.854520383621,0.489867316969,0.175738157904,0.08773720136
2016-09-09,1,2.12296184132,1.2101055821,0.53504394436,0.384790272854
2016-09-09,20,0.551621834807,1.04582557142,0.53504394436,0.384790272854
2016-09-12,1,2.2325584161,1.32619631181,0.630319018178,0.490621267597
2016-09-12,20,0.456032273104,1.11478172795,0.630319018178,0.490621267597
2016-09-13,1,0.0034556691686,1.46361980862,0.726453382053,0.598359882457
2016-09-13,20,0.422836875552,1.14996857926,0.726453382053,0.598359882457
2016-09-14,1,1.01173753164,1.1814693333,0.68307351928,0.583439866568
2016-09-14,20,0.423320672405,0.998923940095,0.68307351928,0.583439866568
2016-09-15,1,0.142840744618,1.12578292213,0.702793360022,0.632284186144
2016-09-15,20,0.377551441009,0.969113131263,0.702793360022,0.632284186144
2016-09-16,1,3.46080309192e-06,0.944381626089,0.669196203097,0.637012375728
2016-09-16,20,0.370429721865,0.872002916321,0.669196203097,0.637012375728
2016-09-19,1,0.000894569123047,0.78234097224,0.62904463856,0.635973862132
2016-09-19,20,0.375058311312,0.785257104311,0.62904463856,0.635973862132
2016-09-20,1,1.17896171245,0.658097569949,0.591355634393,0.635859834671
2016-09-20,20,0.393872628408,0.718745432316,0.591355634393,0.635859834671
2016-09-21,1,0.419742264102,0.7507174445,0.626611999077,0.692906929288
2016-09-21,20,0.337321655897,0.768327966299,0.626611999077,0.692906929288
2016-09-22,1,0.331003798805,0.700660879245,0.614199814979,0.700091494157
2016-09-22,20,0.317282154394,0.741531003337,0.614199814979,0.700091494157
2016-09-23,1,0.743880395565,0.648075919111,0.597208054008,0.715708486982
2016-09-23,20,0.300735504656,0.713380505558,0.597208054008,0.715708486982
2016-09-26,1,0.412612901388,0.673595973868,0.606008394502,0.751654205261
2016-09-26,20,0.274768624494,0.7270422492,0.606008394502,0.751654205261
2016-09-27,1,0.279056155735,0.640323240111,0.594404664915,0.758689718412
2016-09-27,20,0.261376830079,0.709230235739,0.594404664915,0.758689718412
2016-09-28,1,0.877056174007,0.593469946067,0.575483754364,0.770730357323
2016-09-28,20,0.248941178734,0.684148091594,0.575483754364,0.770730357323
2016-09-29,1,0.629863273109,0.652931045899,0.593578099543,0.811754080335
2016-09-29,20,0.209561996507,0.715979618223,0.593578099543,0.811754080335
2016-09-30,1,0.106669074221,0.659128437816,0.595755209957,0.843246387615
2016-09-30,20,0.182914653616,0.719297290556,0.595755209957,0.843246387615
2016-10-03,1,0.246798494433,0.580396299248,0.566410041812,0.839792396514
2016-10-03,20,0.177588676579,0.677149328738,0.566410041812,0.839792396514
2016-10-04,1,0.183825381828,0.542321286969,0.54723334897,0.847700335171
2016-10-04,20,0.188436931989,0.656766494067,0.54723334897,0.847700335171
2016-10-05,1,0.00231788183166,0.503045142108,0.525428870941,0.856880888377
2016-10-05,20,0.200676510921,0.635740652726,0.525428870941,0.856880888377
2016-10-06,1,0.106196955894,0.443931708758,0.494042211595,0.854520383621
2016-10-06,20,0.210387305681,0.604095243658,0.494042211595,0.854520383621
2016-10-07,1,0.211170607253,0.415131706537,0.470771496253,0.551621834807
2016-10-07,20,0.206467769814,0.588677633822,0.470771496253,0.551621834807
2016-10-10,1,1.56865046507,0.409775560524,0.455195442913,0.456032273104
2016-10-10,20,0.437473829525,0.585810308715,0.455195442913,0.456032273104
2016-10-11,1,0.0131316062158,0.616777412892,0.522002744242,0.422836875552
2016-10-11,20,0.366128460945,0.67802576048,0.522002744242,0.422836875552
2016-10-12,1,0.0963529037298,0.532688227269,0.49147047596,0.423320672405
2016-10-12,20,0.426149329235,0.636479170634,0.49147047596,0.423320672405
2016-10-13,1,0.000406361732227,0.481729919458,0.467763421627,0.377551441009
2016-10-13,20,0.423230683861,0.611301808074,0.467763421627,0.377551441009
2016-10-14,1,0.0925752497464,0.428006614764,0.439721998033,0.370429721865
2016-10-14,20,0.424188866036,0.584758322265,0.439721998033,0.370429721865
2016-10-17,1,0.377180911045,0.4015360807,0.418893193136,0.375058311312
2016-10-17,20,0.419566774766,0.571679822175,0.418893193136,0.375058311312
2016-10-18,1,0.0479422622359,0.425819445457,0.41639045621,0.393872628408
2016-10-18,20,0.428480998494,0.583677690726,0.41639045621,0.393872628408
2016-10-19,1,0.0189522340401,0.392907891799,0.394283564572,0.337321655897
2016-10-19,20,0.42733764767,0.56741682661,0.394283564572,0.337321655897
2016-10-20,1,7.08040460785e-05,0.363356660456,0.37176368474,0.317282154394
2016-10-20,20,0.437273338149,0.552816222752,0.37176368474,0.317282154394
2016-10-21,1,0.224542792325,0.337938206268,0.349462111898,0.300735504656
2016-10-21,20,0.440125014771,0.540257531848,0.349462111898,0.300735504656
2016-10-24,1,0.144777013081,0.353637764324,0.341966952724,0.274768624494
2016-10-24,20,0.456527838393,0.548014333087,0.341966952724,0.274768624494
2016-10-25,1,0.0303431288269,0.353128933085,0.330135556345,0.261376830079
2016-10-25,20,0.451628469301,0.547762930929,0.330135556345,0.261376830079
2016-10-26,1,0.0894725294805,0.334884601599,0.312148010694,0.248941178734
2016-10-26,20,0.450437501016,0.538748813933,0.312148010694,0.248941178734
2016-10-27,1,0.0969164152887,0.330237974696,0.298787481821,0.209561996507
2016-10-27,20,0.453595205185,0.536453019288,0.298787481821,0.209561996507
2016-10-28,1,0.000149533483318,0.327866100134,0.286675217829,0.182914653616
2016-10-28,20,0.462627347091,0.535281129004,0.286675217829,0.182914653616
2016-10-31,1,0.463763602618,0.310961965243,0.269483676769,0.177588676579
2016-10-31,20,0.463510185237,0.526929173235,0.269483676769,0.177588676579
2016-11-01,1,0.42861696047,0.370454267223,0.28114047232,0.188436931989
2016-11-01,20,0.443851645093,0.556322991845,0.28114047232,0.188436931989
2016-11-02,1,0.196533777035,0.410210106399,0.289989061609,0.200676510921
2016-11-02,20,0.428622063397,0.575965464679,0.289989061609,0.200676510921
2016-11-03,1,0.0278062385659,0.404225577604,0.284381744534,0.210387305681
2016-11-03,20,0.418874150353,0.573008642569,0.284381744534,0.210387305681
2016-11-04,1,4.83129180147,0.373344774973,0.268987214176,0.206467769814
2016-11-04,20,0.434329524398,0.557751127212,0.268987214176,0.206467769814
2016-11-07,1,0.141743093457,1.09944507988,0.542725489414,0.437473829525
2016-11-07,20,0.198562234445,0.916501082167,0.542725489414,0.437473829525
2016-11-08,1,1.21354897202,0.908460928874,0.518666545656,0.366128460945
2016-11-08,20,0.276983735641,0.796928107266,0.518666545656,0.366128460945
2016-11-09,1,0.0379799962528,0.935636049819,0.560359491238,0.426149329235
2016-11-09,20,0.218632643931,0.809314054937,0.560359491238,0.426149329235
2016-11-10,1,0.019570005223,0.776590821108,0.529016721539,0.423230683861
2016-11-10,20,0.23426524284,0.736824004786,0.529016721539,0.423230683861
2016-11-11,1,0.000133424346988,0.654081316032,0.49844991856,0.424188866036
2016-11-11,20,0.233934358229,0.680986302272,0.49844991856,0.424188866036
2016-11-14,1,0.555465385609,0.558912087479,0.468550928907,0.419566774766
2016-11-14,20,0.255172998634,0.637609822471,0.468550928907,0.419566774766
2016-11-15,1,0.0250752457667,0.572080630784,0.473765796309,0.428480998494
2016-11-15,20,0.260613387411,0.643611815567,0.473765796309,0.428480998494
2016-11-16,1,0.217666043605,0.501006193456,0.446844363277,0.42733764767
2016-11-16,20,0.266870180163,0.611217322704,0.446844363277,0.42733764767
2016-11-17,1,0.0571043364876,0.476921755998,0.433093664097,0.437273338149
2016-11-17,20,0.257521904622,0.600240054832,0.433093664097,0.437273338149
2016-11-18,1,0.55259926478,0.434279513095,0.41053430444,0.440125014771
2016-11-18,20,0.25661339308,0.580804461878,0.41053430444,0.440125014771
2016-11-21,1,0.046789631224,0.477843706682,0.41905820206,0.456527838393
2016-11-21,20,0.235575192273,0.600660263925,0.41905820206,0.456527838393
2016-11-22,1,0.00652376312692,0.433398428865,0.39672208781,0.451628469301
2016-11-22,20,0.236262459669,0.580402879004,0.39672208781,0.451628469301
2016-11-23,1,0.152626612879,0.393800432184,0.373310188329,0.450437501016
2016-11-23,20,0.237674845484,0.562354800551,0.373310188329,0.450437501016
2016-11-25,1,0.277559253393,0.386307135377,0.360069173802,0.453595205185
2016-11-25,20,0.230825930944,0.558939486142,0.360069173802,0.453595205185
2016-11-28,1,0.0178062964045,0.399743571996,0.355118578578,0.462627347091
2016-11-28,20,0.219469886925,0.565063580353,0.355118578578,0.462627347091
2016-11-29,1,0.0705927997486,0.370194293025,0.334879841647,0.463510185237
2016-11-29,20,0.253789389006,0.551595532729,0.334879841647,0.463510185237
2016-11-30,1,0.124025326548,0.356015272154,0.319022619133,0.443851645093
2016-11-30,20,0.250302775465,0.545132981527,0.319022619133,0.443851645093
2016-12-01,1,0.00157551614981,0.353502649999,0.307322781578,0.428622063397
2016-12-01,20,0.254902692822,0.543987772032,0.307322781578,0.428622063397
2016-12-02,1,0.336913719478,0.332914795702,0.288977945653,0.418874150353
2016-12-02,20,0.290531646372,0.534604185976,0.288977945653,0.418874150353
2016-12-05,1,0.115946002403,0.368622967528,0.291854092082,0.434329524398
2016-12-05,20,0.289964971674,0.550879349886,0.291854092082,0.434329524398
2016-12-06,1,1.71017311737,0.361757654137,0.281299606701,0.198562234445
2016-12-06,20,0.284464867076,0.5477502594,0.281299606701,0.198562234445
2016-12-07,1,0.0465271378301,0.611531618305,0.367032017341,0.276983735641
2016-12-07,20,0.205119031543,0.647188761494,0.367032017341,0.276983735641
2016-12-08,1,0.35063197443,0.529579072342,0.347801724571,0.218632643931
2016-12-08,20,0.209111351107,0.614052894622,0.347801724571,0.218632643931
2016-12-09,1,0.012952313002,0.517410520722,0.347971539562,0.23426524284
2016-12-09,20,0.191579752386,0.609132785042,0.347971539562,0.23426524284
2016-12-12,1,0.424906232447,0.455522684015,0.327870385969,0.233934358229
2016-12-12,20,0.194924264191,0.584109680586,0.327870385969,0.233934358229
2016-12-13,1,0.664273161152,0.474943742106,0.333692536757,0.255172998634
2016-12-13,20,0.175983998384,0.591962195573,0.333692536757,0.255172998634
2016-12-14,1,0.150211100794,0.526703029064,0.353527374221,0.260613387411
2016-12-14,20,0.144478135154,0.612890024256,0.353527374221,0.260613387411
2016-12-15,1,0.0307005328001,0.483855049533,0.341328397815,0.266870180163
2016-12-15,20,0.141383717881,0.595565303848,0.341328397815,0.266870180163
2016-12-16,1,0.0389341056405,0.433784444404,0.322690725915,0.257521904622
2016-12-16,20,0.141401366489,0.575320259765,0.322690725915,0.257521904622
2016-12-19,1,0.131835248647,0.398483118655,0.305665328698,0.25661339308
2016-12-19,20,0.14599180207,0.561046877326,0.305665328698,0.25661339308
2016-12-20,1,0.060534979142,0.387263254618,0.295235523895,0.235575192273
2016-12-20,20,0.145046802254,0.556510350526,0.295235523895,0.235575192273
2016-12-21,1,0.0347714794289,0.367873669909,0.28115349121,0.236262459669
2016-12-21,20,0.145648196875,0.548670561169,0.28115349121,0.236262459669
2016-12-22,1,0.0156483220732,0.349659772696,0.266370570503,0.237674845484
2016-12-22,20,0.165315966895,0.541306137451,0.266370570503,0.237674845484
2016-12-23,1,0.0504383730206,0.333347230858,0.251327235597,0.230825930944
2016-12-23,20,0.196485990843,0.534710488611,0.251327235597,0.230825930944
2016-12-27,1,0.704196338019,0.326885275112,0.239273903843,0.219469886925
2016-12-27,20,0.194234666284,0.53209772652,0.239273903843,0.219469886925
2016-12-28,1,0.00086052891799,0.424761774373,0.267169249893,0.253789389006
2016-12-28,20,0.159400554734,0.571672124256,0.267169249893,0.253789389006
2016-12-29,1,0.216023673692,0.38591384004,0.251190726635,0.250302775465
2016-12-29,20,0.177523952175,0.555964741829,0.251190726635,0.250302775465
2016-12-30,1,0.714154587163,0.391289473731,0.249080703458,0.254902692822
2016-12-30,20,0.167119086967,0.558138271403,0.249080703458,0.254902692822
2017-01-03,1,0.325580225508,0.473393608564,0.27698513648,0.290531646372
2017-01-03,20,0.131455854719,0.591335430192,0.27698513648,0.290531646372
2017-01-04,1,0.00594391044077,0.472416511074,0.279900841822,0.289964971674
2017-01-04,20,0.115339377152,0.590940360436,0.279900841822,0.289964971674
2017-01-05,1,0.123256406706,0.421539487753,0.263463425939,0.284464867076
2017-01-05,20,0.141240099987,0.570369257345,0.263463425939,0.284464867076
2017-01-06,1,0.126373529117,0.396840007894,0.255051004785,0.205119031543
2017-01-06,20,0.137319389266,0.553004451384,0.255051004785,0.205119031543
2017-01-09,1,0,0.383530446494,0.247330356245,0.209111351107
2017-01-09,20,0.131026432716,0.547696799743,0.247330356245,0.209111351107
2017-01-10,1,0.0798425491103,0.353765282305,0.23249053487,0.191579752386
2017-01-10,20,0.131266614149,0.535826902772,0.23249053487,0.191579752386
2017-01-11,1,0.0461009163145,0.344830511323,0.223331655725,0.194924264191
2017-01-11,20,0.143725700285,0.532263851335,0.223331655725,0.194924264191
2017-01-12,1,0.0341558965377,0.332972880967,0.21269781136,0.175983998384
2017-01-12,20,0.147756410798,0.527535207819,0.21269781136,0.175983998384
2017-01-13,1,0.0883227553508,0.322456928801,0.201985296471,0.144478135154
2017-01-13,20,0.159736226892,0.523341605258,0.201985296471,0.144478135154
2017-01-17,1,0.031053504958,0.323427729803,0.195165544004,0.141383717881
2017-01-17,20,0.163317398133,0.523728746004,0.195165544004,0.141383717881
2017-01-18,1,0.130742817255,0.315027384653,0.185318821661,0.141401366489
2017-01-18,20,0.174164368447,0.520378815501,0.185318821661,0.141401366489
2017-01-19,1,0.112935252334,0.324773619986,0.182044261397,0.14599180207
2017-01-19,20,0.168000900449,0.524265466638,0.182044261397,0.14599180207
2017-01-20,1,0.0725628715576,0.329024606452,0.177897720853,0.145046802254
2017-01-20,20,0.163760552765,0.525960695701,0.177897720853,0.145046802254
2017-01-23,1,0.428126879817,0.325694505209,0.171577629895,0.145648196875
2017-01-23,20,0.178311954819,0.524632701727,0.171577629895,0.145648196875
2017-01-24,1,0.639048801046,0.379809237996,0.18697058489,0.165315966895
2017-01-24,20,0.157491823748,0.546212838116,0.18697058489,0.165315966895
2017-01-25,1,0.00541188183793,0.452669864658,0.21409527786,0.196485990843
2017-01-25,20,0.12562712187,0.575268553256,0.21409527786,0.196485990843
2017-01-26,1,0.00751410700995,0.404867957762,0.201574274098,0.194234666284
2017-01-26,20,0.126469933156,0.556205876285,0.201574274098,0.194234666284
2017-01-27,1,0.36332847775,0.370465553294,0.189930664073,0.159400554734
2017-01-27,20,0.126611845591,0.542486718077,0.189930664073,0.159400554734
2017-01-30,1,0.00792636953304,0.402040492931,0.200334532894,0.177523952175
2017-01-30,20,0.111778024936,0.555078326106,0.200334532894,0.177523952175
2017-01-31,1,0.000889942186641,0.368476442728,0.188790043092,0.167119086967
2017-01-31,20,0.20360635371,0.541693490889,0.188790043092,0.167119086967
2017-02-01,1,0.00325067417657,0.342967349537,0.177516037038,0.131455854719
2017-02-01,20,0.220832108552,0.531520850614,0.177516037038,0.131455854719
2017-02-02,1,0.523958367137,0.324805774758,0.167060115266,0.115339377152
2017-02-02,20,0.22079645706,0.524278289475,0.167060115266,0.115339377152
2017-02-03,1,0.0448421922998,0.394400614673,0.188474010378,0.141240099987
2017-02-03,20,0.199986344807,0.552031658289,0.188474010378,0.141240099987
2017-02-06,1,0.000514398112026,0.360622286903,0.179856101294,0.137319389266
2017-02-06,20,0.202000505645,0.535730027293,0.179856101294,0.137319389266
2017-02-07,1,0.00480362864722,0.334077196182,0.169095599103,0.131026432716
2017-02-07,20,0.204589576808,0.524851013721,0.169095599103,0.131026432716
2017-02-08,1,0.32902427183,0.315529472381,0.159238080875,0.131266614149
2017-02-08,20,0.204669055956,0.517249572796,0.159238080875,0.131266614149
2017-02-09,1,0.126715126585,0.355412329049,0.169425252333,0.143725700285
2017-02-09,20,0.193542535382,0.533594822603,0.169425252333,0.143725700285
2017-02-10,1,0.273752218412,0.351058922924,0.166862644788,0.147756410798
2017-02-10,20,0.187273964229,0.531810659768,0.166862644788,0.147756410798
2017-02-13,1,0.15994618018,0.372089579914,0.173276019205,0.159736226892
2017-02-13,20,0.17931461614,0.540429684853,0.173276019205,0.159736226892
2017-02-14,1,0.247992911231,0.368621682786,0.172476228864,0.163317398133
2017-02-14,20,0.206094099038,0.539008431473,0.172476228864,0.163317398133
2017-02-15,1,0.0074734572917,0.380590446697,0.177007229806,0.174164368447
2017-02-15,20,0.19501970213,0.54391360759,0.177007229806,0.174164368447
2017-02-16,1,0.0281282986593,0.349705021108,0.166835203455,0.168000900449
2017-02-16,20,0.195510877514,0.531255788195,0.166835203455,0.168000900449
2017-02-17,1,0.363590912644,0.330701435996,0.158512789167,0.163760552765
2017-02-17,20,0.196128365739,0.523467520959,0.158512789167,0.163760552765
2017-02-21,1,0.0117242583969,0.372103004293,0.170817476576,0.178311954819
2017-02-21,20,0.255893856241,0.540435186586,0.170817476576,0.178311954819
2017-02-22,1,0.00175476348131,0.344248300524,0.161271883485,0.157491823748
2017-02-22,20,0.257090109502,0.529019452373,0.161271883485,0.157491823748
2017-02-23,1,0.022268107549,0.322405086908,0.151700856285,0.12562712187
2017-02-23,20,0.257565053748,0.52006741601,0.151700856285,0.12562712187
2017-02-24,1,0.0103523557107,0.309936597679,0.143934891361,0.126469933156
2017-02-24,20,0.256808113701,0.514957436731,0.143934891361,0.126469933156
2017-02-27,1,0.0666520646529,0.298932934178,0.135919939222,0.126611845591
2017-02-27,20,0.256810805659,0.510447789135,0.135919939222,0.126611845591
2017-02-28,1,1.84449294501,0.300213443297,0.131763866748,0.111778024936
2017-02-28,20,0.279580746268,0.51097258207,0.131763866748,0.111778024936
2017-03-01,1,0.345405039038,0.593604380941,0.234527611443,0.20360635371
2017-03-01,20,0.187944425334,0.631213421555,0.234527611443,0.20360635371
2017-03-02,1,0.00253764433799,0.559796499559,0.241180257099,0.220832108552
2017-03-02,20,0.174968999682,0.617357887805,0.241180257099,0.220832108552
2017-03-03,1,0.107756122077,0.478872327984,0.226861700333,0.22079645706
2017-03-03,20,0.17739048266,0.584192615547,0.226861700333,0.22079645706
2017-03-06,1,0.0851254090473,0.437486395993,0.219715365638,0.199986344807
2017-03-06,20,0.1733531821,0.56723135817,0.219715365638,0.199986344807
2017-03-07,1,0.0522958213708,0.40024944964,0.211639968243,0.202000505645
2017-03-07,20,0.169253356851,0.546816588097,0.211639968243,0.202000505645
2017-03-08,1,0.00639321160496,0.370434434193,0.20207931943,0.204589576808
2017-03-08,20,0.171318948533,0.534214515706,0.20207931943,0.204589576808
2017-03-09,1,0.106493860357,0.341149882481,0.190338152961,0.204669055956
2017-03-09,20,0.17285720578,0.521836657266,0.190338152961,0.204669055956
2017-03-10,1,0.00134370353165,0.336013209483,0.185307495404,0.193542535382
2017-03-10,20,0.167874868101,0.519665512157,0.185307495404,0.193542535382
2017-03-13,1,0.114565256635,0.315143332708,0.174269667892,0.187273964229
2017-03-13,20,0.168043976769,0.510844329476,0.174269667892,0.187273964229
2017-03-14,1,0.69553583814,0.318298609521,0.170687403217,0.17931461614
2017-03-14,20,0.16334519484,0.512177987239,0.170687403217,0.17931461614
2017-03-15,1,0.0265049730732,0.415151131683,0.202178309312,0.206094099038
2017-03-15,20,0.135663688391,0.55311516192,0.202178309312,0.206094099038
2017-03-16,1,0.0172969649707,0.377140421194,0.191637909138,0.19501970213
2017-03-16,20,0.157717700479,0.537048971177,0.191637909138,0.19501970213
2017-03-17,1,0.0404780631453,0.347830837561,0.181177452488,0.195510877514
2017-03-17,20,0.193630734106,0.52466053236,0.181177452488,0.195510877514
2017-03-20,1,1.55890072269,0.330158390526,0.172735489127,0.196128365739
2017-03-20,20,0.195833908103,0.517190824446,0.172735489127,0.196128365739
2017-03-21,1,0.0356493236272,0.564327714153,0.255905403141,0.255893856241
2017-03-21,20,0.119364334016,0.616168427635,0.255905403141,0.255893856241
2017-03-22,1,0.0112536483953,0.487775873619,0.24269003837,0.257090109502
2017-03-22,20,0.145923661728,0.583811850871,0.24269003837,0.257090109502
2017-03-23,1,0.00712930661147,0.427795520298,0.228803854971,0.257565053748
2017-03-23,20,0.149980831203,0.558459633432,0.228803854971,0.257565053748
2017-03-24,1,0.0104061948676,0.383238795523,0.21550338207,0.256808113701
2017-03-24,20,0.207747287801,0.539626603742,0.21550338207,0.256808113701
2017-03-27,1,0.522050876838,0.351171441847,0.203197550838,0.256810805659
2017-03-27,20,0.225662870774,0.52607252348,0.203197550838,0.256810805659
2017-03-28,1,0.0117665263188,0.410971071532,0.222328750398,0.279580746268
2017-03-28,20,0.199678338185,0.551348353491,0.222328750398,0.279580746268
2017-03-29,1,0.0858965260029,0.371683562892,0.209695016953,0.187944425334
2017-03-29,20,0.199242787547,0.534742491629,0.209695016953,0.187944425334
2017-03-30,1,0.0509673039024,0.355001753169,0.202267107496,0.174968999682
2017-03-30,20,0.196781534435,0.527691501697,0.202267107496,0.174968999682
2017-03-31,1,0.0270101108805,0.337112062334,0.19318911928,0.17739048266
2017-03-31,20,0.195730989414,0.520129970181,0.19318911928,0.17739048266
2017-04-03,1,0.00312890405506,0.320124133489,0.183218378776,0.1733531821
2017-04-03,20,0.195086564109,0.512949591239,0.183218378776,0.1733531821
2017-04-04,1,0.0936076550106,0.295845521985,0.172413010293,0.169253356851
2017-04-04,20,0.195739326392,0.496178608336,0.172413010293,0.169253356851
2017-04-05,1,0.0371583565494,0.298650595621,0.167684688976,0.171318948533
2017-04-05,20,0.191228266817,0.497386631087,0.167684688976,0.171318948533
2017-04-06,1,0.0068471067695,0.291385126347,0.159853109031,0.17285720578
2017-04-06,20,0.197695015437,0.494257710668,0.159853109031,0.17285720578
2017-04-07,1,0.00472587689204,0.281062434355,0.150672748895,0.167874868101
2017-04-07,20,0.197353361173,0.489812177895,0.150672748895,0.167874868101
2017-04-10,1,0.0205896180633,0.273155432796,0.141915936575,0.168043976769
2017-04-10,20,0.197643174049,0.486406977528,0.141915936575,0.168043976769
2017-04-11,1,0.141905709162,0.269985912689,0.134636357464,0.16334519484
2017-04-11,20,0.197252101017,0.485042003592,0.134636357464,0.16334519484
2017-04-12,1,0.467585214835,0.287693138253,0.135072518566,0.135663688391
2017-04-12,20,0.192500755796,0.49266773258,0.135072518566,0.135663688391
2017-04-13,1,0.735557637504,0.354420760913,0.155023280342,0.157717700479
2017-04-13,20,0.170216007466,0.521404406464,0.155023280342,0.157717700479
2017-04-17,1,0.0845415430916,0.447507607808,0.189855341772,0.193630734106
2017-04-17,20,0.144791416175,0.561492847433,0.189855341772,0.193630734106
2017-04-18,1,0.0295092409405,0.408179481795,0.183536513851,0.195833908103
2017-04-18,20,0.140800414926,0.544555940548,0.183536513851,0.195833908103
2017-04-19,1,0.566835877879,0.370303957279,0.174294877476,0.119364334016
2017-04-19,20,0.307603054087,0.528244605709,0.174294877476,0.119364334016
2017-04-20,1,0.092397037886,0.431281563095,0.1978473375,0.145923661728
2017-04-20,20,0.286032602342,0.554504998372,0.1978473375,0.145923661728
2017-04-21,1,1.16245843856,0.397597889176,0.191520319524,0.149980831203
2017-04-21,20,0.304158261131,0.539998910578,0.191520319524,0.149980831203
2017-04-24,1,0.368717854333,0.549590843183,0.249776606666,0.207747287801
2017-04-24,20,0.259280440097,0.605455640156,0.249776606666,0.207747287801
2017-04-25,1,0.00236022506239,0.529823740322,0.256913081526,0.225662870774
2017-04-25,20,0.242530335374,0.596942811947,0.256913081526,0.225662870774
2017-04-26,1,0.00305551356586,0.454872806943,0.241639910138,0.199678338185
2017-04-26,20,0.245502506159,0.56466471715,0.241639910138,0.199678338185
2017-04-27,1,0.0366714637611,0.400119096893,0.227324846344,0.199242787547
2017-04-27,20,0.255171539057,0.541084684671,0.227324846344,0.199242787547
2017-04-28,1,0.0299564034801,0.365585658959,0.215885643389,0.196781534435
2017-04-28,20,0.253386171549,0.526212640614,0.215885643389,0.196781534435
2017-05-01,1,0.0141216047794,0.33919659349,0.204729888994,0.195730989414
2017-05-01,20,0.252614786565,0.514848022212,0.204729888994,0.195730989414
2017-05-02,1,0.0161841497168,0.317264153169,0.193293391941,0.195086564109
2017-05-02,20,0.252014540654,0.505402677693,0.193293391941,0.195086564109
2017-05-03,1,0.00338646351506,0.293731467621,0.182666837408,0.195739326392
2017-05-03,20,0.279650707247,0.488630481373,0.182666837408,0.195739326392
2017-05-04,1,0.166493328944,0.279942229261,0.171910014974,0.191228266817
2017-05-04,20,0.28632962054,0.482607754774,0.171910014974,0.191228266817
2017-05-05,1,1.40214838827e-05,0.297197048795,0.171585013813,0.197695015437
2017-05-05,20,0.278747212073,0.490144143504,0.171585013813,0.197695015437
2017-05-08,1,0.0105221344136,0.281912164651,0.161290754273,0.197353361173
2017-05-08,20,0.282618801321,0.483468163592,0.161290754273,0.197353361173
2017-05-09,1,0.0127681574283,0.272491907199,0.152244637081,0.197643174049
2017-05-09,20,0.283320484225,0.479353677088,0.152244637081,0.197643174049
2017-05-10,1,0.0468788047288,0.265976950152,0.143876048302,0.197252101017
2017-05-10,20,0.282717766,0.476508138846,0.143876048302,0.197252101017
2017-05-11,1,0.0218902482454,0.26692902349,0.138056213688,0.192500755796
2017-05-11,20,0.280718552928,0.476923975984,0.138056213688,0.192500755796
2017-05-12,1,0.227065811679,0.263436558831,0.131086255761,0.170216007466
2017-05-12,20,0.280103498433,0.475398571951,0.131086255761,0.170216007466
2017-05-15,1,0.00472151810532,0.295276266094,0.136845029116,0.144791416175
2017-05-15,20,0.278881323567,0.48930520311,0.136845029116,0.144791416175
2017-05-16,1,3.36556202417,0.281296141907,0.128917618456,0.140800414926
2017-05-16,20,0.279141581373,0.483199103295,0.128917618456,0.140800414926
2017-05-17,1,0.135426842976,0.834464081308,0.323116282798,0.307603054087
2017-05-17,20,0.113377008335,0.724806302706,0.323116282798,0.307603054087
2017-05-18,1,0.454910213671,0.697654396883,0.311854916409,0.286032602342
2017-05-18,20,0.106645880425,0.665051927313,0.311854916409,0.286032602342
2017-05-19,1,0.264902017874,0.651126769991,0.320438234245,0.304158261131
2017-05-19,20,0.118449889527,0.644730052476,0.320438234245,0.304158261131
2017-05-22,1,0.0337157598735,0.585237023531,0.317106061263,0.259280440097
2017-05-22,20,0.127778347189,0.615951383326,0.317106061263,0.259280440097
2017-05-23,1,0.0618036407744,0.498279860265,0.300102643179,0.242530335374
2017-05-23,20,0.126262395387,0.577971097071,0.300102643179,0.242530335374
2017-05-24,1,0.196436171528,0.439374124578,0.285804703035,0.245502506159
2017-05-24,20,0.123276129358,0.552242834794,0.285804703035,0.245502506159
2017-05-25,1,0.000964113586757,0.418850284928,0.280442591145,0.255171539057
2017-05-25,20,0.114670650574,0.543278635921,0.280442591145,0.255171539057
2017-05-26,1,0.0145287038119,0.371067894863,0.263673882491,0.253386171549
2017-05-26,20,0.114672294538,0.522408718085,0.263673882491,0.253386171549
2017-05-30,1,0.00211668655943,0.338386183318,0.24872517177,0.252614786565
2017-05-30,20,0.146796126215,0.508134324657,0.24872517177,0.252614786565
2017-05-31,1,0.56890748157,0.312396907633,0.233928662658,0.252014540654
2017-05-31,20,0.185142371452,0.496782986907,0.233928662658,0.252014540654
2017-06-01,1,0.136964729384,0.38649436543,0.254027391792,0.279650707247
2017-06-01,20,0.193997754779,0.520627914117,0.254027391792,0.279650707247
2017-06-02,1,0.0148451595992,0.369988176494,0.247003632048,0.28632962054
2017-06-02,20,0.188323118572,0.513679807384,0.247003632048,0.28632962054
2017-06-05,1,0.0774458064432,0.337836064782,0.233074123701,0.278747212073
2017-06-05,20,0.190244680302,0.500145713914,0.233074123701,0.278747212073
2017-06-06,1,0.0245557924855,0.324708553649,0.223736424666,0.282618801321
2017-06-06,20,0.187426867305,0.494619826089,0.223736424666,0.282618801321
2017-06-07,1,0.000713792936232,0.306424712716,0.211785586735,0.283320484225
2017-06-07,20,0.230501242701,0.486923435432,0.211785586735,0.283320484225
2017-06-08,1,0.00689454329371,0.289167090744,0.199121279107,0.282717766
2017-06-08,20,0.250835062927,0.47965902086,0.199121279107,0.282717766
2017-06-09,1,0.00958915834065,0.277603654718,0.187587674958,0.280718552928
2017-06-09,20,0.250920311887,0.474791514011,0.187587674958,0.280718552928
2017-06-12,1,0.202622314354,0.269617250065,0.176907763961,0.280103498433
2017-06-12,20,0.250747388342,0.471429720918,0.176907763961,0.280103498433
2017-06-13,1,0.00992667421778,0.295595515645,0.178450636985,0.278881323567
2017-06-13,20,0.267108563975,0.482364998753,0.178450636985,0.278881323567
2017-06-14,1,0.0502705634109,0.28278981803,0.168339199219,0.279141581373
2017-06-14,20,0.268365975383,0.476974574944,0.168339199219,0.279141581373
2017-06-15,1,0.000804284779262,0.280100175976,0.16125508107,0.113377008335
2017-06-15,20,0.276722441986,0.475842398393,0.16125508107,0.113377008335
2017-06-16,1,0.690990395712,0.269990097177,0.151628033293,0.106645880425
2017-06-16,20,0.276683627706,0.471586666991,0.151628033293,0.106645880425
2017-06-19,1,0.451471171115,0.376322289484,0.183989775038,0.118449889527
2017-06-19,20,0.242312717833,0.516346085668,0.183989775038,0.118449889527
2017-06-20,1,0.00339672383879,0.414384784161,0.200038658802,0.127778347189
2017-06-20,20,0.234094624832,0.532368092721,0.200038658802,0.127778347189
2017-06-21,1,0.00207832019875,0.368317364815,0.188240142705,0.126262395387
2017-06-21,20,0.233936596042,0.51297649677,0.188240142705,0.126262395387
2017-06-22,1,0.0243265958371,0.334514719378,0.177070433354,0.123276129358
2017-06-22,20,0.233900369707,0.498747628478,0.177070433354,0.123276129358
2017-06-23,1,0.000996992874576,0.313536138644,0.167905803103,0.114670650574
2017-06-23,20,0.23325040822,0.489916915427,0.167905803103,0.114670650574
2017-06-26,1,0.657005337359,0.294398330299,0.15789127449,0.114672294538
2017-06-26,20,0.237460569131,0.481861056165,0.15789127449,0.114672294538
2017-06-27,1,0.769041591285,0.388518328436,0.187838118262,0.146796126215
2017-06-27,20,0.204650240427,0.52147988007,0.187838118262,0.146796126215
2017-06-28,1,0.746015148122,0.475593631499,0.222710326643,0.185142371452
2017-06-28,20,0.166671682649,0.558133313632,0.222710326643,0.185142371452
2017-06-29,1,0.0234720052304,0.538815240509,0.254108615932,0.193997754779
2017-06-29,20,0.130271428283,0.576845917929,0.254108615932,0.193997754779
2017-06-30,1,0.0532763941987,0.457207499713,0.24027041929,0.188323118572
2017-06-30,20,0.129363119194,0.544338372998,0.24027041929,0.188323118572
2017-07-03,1,0.0210895465161,0.40415047537,0.229050777784,0.190244680302
2017-07-03,20,0.129691052907,0.523203691583,0.229050777784,0.190244680302
2017-07-05,1,0.886043300392,0.360766015017,0.216573103908,0.187426867305
2017-07-05,20,0.128757867204,0.505921969525,0.216573103908,0.187426867305
2017-07-06,1,0.407390197462,0.478945322992,0.256741315697,0.230501242701
2017-07-06,20,0.0868450916367,0.552997395537,0.256741315697,0.230501242701
2017-07-07,1,0.00859952248879,0.480700804172,0.265780248603,0.250835062927
2017-07-07,20,0.0682565728302,0.553696672135,0.265780248603,0.250835062927
2017-07-10,1,0.00613068745619,0.41320152949,0.250349405036,0.250920311887
2017-07-10,20,0.0691809990023,0.526809079327,0.250349405036,0.250920311887
2017-07-11,1,0.529845827008,0.364641516778,0.235696281981,0.250747388342
2017-07-11,20,0.0717962605324,0.507465732977,0.235696281981,0.250747388342
2017-07-12,1,0.0350749023671,0.420300882181,0.253345254683,0.267108563975
2017-07-12,20,0.0453700988594,0.529637028298,0.253345254683,0.267108563975
2017-07-13,1,0.217399895486,0.374694088652,0.240249033544,0.268365975383
2017-07-13,20,0.149907738047,0.51147006429,0.240249033544,0.268365975383
2017-07-14,1,2.79991644524e-05,0.373604093383,0.238878085261,0.276722441986
2017-07-14,20,0.139850246141,0.511035876677,0.238878085261,0.276722441986
2017-07-17,1,0.003572198262,0.335352103204,0.224547080095,0.276683627706
2017-07-17,20,0.189785378796,0.495798617597,0.224547080095,0.276683627706
2017-07-18,1,0.287109311098,0.308685254205,0.211288587185,0.242312717833
2017-07-18,20,0.189731235617,0.485176171937,0.211288587185,0.242312717833
2017-07-19,1,0.000236148034707,0.338550388434,0.21583783062,0.234094624832
2017-07-19,20,0.176382686114,0.497072619301,0.21583783062,0.234094624832
2017-07-20,1,0.00135379349986,0.310390850624,0.202901729665,0.233936596042
2017-07-20,20,0.297386331344,0.48585557749,0.202901729665,0.233936596042
2017-07-21,1,0.0113273660881,0.290502691879,0.190808853495,0.233900369707
2017-07-21,20,0.299006024747,0.47793334845,0.190808853495,0.233900369707
2017-07-24,1,0.0852002110966,0.278039687071,0.18003996425,0.23325040822
2017-07-24,20,0.299114750223,0.47296884772,0.18003996425,0.23325040822
2017-07-25,1,0.000798763288353,0.28188780416,0.174349579061,0.237460569131
2017-07-25,20,0.343777557232,0.47450170279,0.174349579061,0.237460569131
2017-07-26,1,0.00947043572496,0.270081206114,0.163936530115,0.204650240427
2017-07-26,20,0.349721931819,0.469798674465,0.163936530115,0.204650240427
2017-07-27,1,0.0180100608036,0.263156794361,0.154668564451,0.166671682649
2017-07-27,20,0.35140457859,0.467040411291,0.154668564451,0.166671682649
2017-07-28,1,0.00530582343889,0.250408679182,0.146469054232,0.130271428283
2017-07-28,20,0.35190098432,0.456711494249,0.146469054232,0.130271428283
2017-07-31,1,0.0598350684553,0.245785584965,0.137999260385,0.129363119194
2017-07-31,20,0.351754254991,0.454894415511,0.137999260385,0.129363119194
2017-08-01,1,0.00242583247018,0.252376707859,0.133309408869,0.129691052907
2017-08-01,20,0.349117376691,0.457485015812,0.133309408869,0.129691052907
2017-08-02,1,0.0477877890413,0.246649320038,0.125456394285,0.128757867204
2017-08-02,20,0.359596941561,0.455233901267,0.125456394285,0.128757867204
2017-08-03,1,0.0356198213306,0.250809684603,0.120796277971,0.0868450916367
2017-08-03,20,0.373479202463,0.456869106962,0.120796277971,0.0868450916367
2017-08-04,1,0.0270880459314,0.251538366627,0.115685690572,0.0682565728302
2017-08-04,20,0.373659556087,0.457155510949,0.115685690572,0.0682565728302
2017-08-07,1,0.058435918058,0.250510859006,0.110369831894,0.0691809990023
2017-08-07,20,0.401029249763,0.4567516554,0.110369831894,0.0691809990023
2017-08-08,1,0.00132259354869,0.255446002284,0.107253797064,0.0717962605324
2017-08-08,20,0.402986649821,0.458691383102,0.107253797064,0.0717962605324
2017-08-09,1,2.12582768613,0.248607887237,0.100897924853,0.0453700988594
2017-08-09,20,0.402936442709,0.456003704054,0.100897924853,0.0453700988594
2017-08-10,1,0.0162500573538,0.627218139326,0.222393710529,0.149907738047
2017-08-10,20,0.297755049018,0.604814134223,0.222393710529,0.149907738047
2017-08-11,1,0.998730652273,0.51265273147,0.210025091339,0.139850246141
2017-08-11,20,0.355057259251,0.559784905534,0.210025091339,0.139850246141
2017-08-14,1,0.0024893346679,0.609426721519,0.257347424995,0.189785378796
2017-08-14,20,0.310759824797,0.597821326917,0.257347424995,0.189785378796
2017-08-15,1,0.0201383210434,0.497662154295,0.242055939575,0.189731235617
2017-08-15,20,0.310921757103,0.553892951405,0.242055939575,0.189731235617
2017-08-16,1,2.42030905264,0.42227833998,0.228740882463,0.176382686114
2017-08-16,20,0.310521298163,0.524263806991,0.228740882463,0.176382686114
2017-08-17,1,0.0337476615469,0.802452289956,0.360234972674,0.297386331344
2017-08-17,20,0.191208739217,0.673688838993,0.360234972674,0.297386331344
2017-08-18,1,0.0135018756127,0.638997848429,0.340645734006,0.299006024747
2017-08-18,20,0.190579667756,0.609444076411,0.340645734006,0.299006024747
2017-08-21,1,0.978456351289,0.520437734472,0.321017102503,0.299114750223
2017-08-21,20,0.190520157439,0.562844753066,0.321017102503,0.299114750223
2017-08-22,1,0.119686255026,0.611240495589,0.36046345743,0.343777557232
2017-08-22,20,0.141798410894,0.598534219655,0.36046345743,0.343777557232
2017-08-23,1,0.0431233711454,0.520088178342,0.346016825286,0.349721931819
2017-08-23,20,0.140467074441,0.56270736218,0.346016825286,0.349721931819
2017-08-24,1,0.0279381754006,0.442191731984,0.327843218037,0.35140457859
2017-08-24,20,0.138520588399,0.5320906432,0.327843218037,0.35140457859
2017-08-25,1,0.00237123685175,0.389807573823,0.309848915479,0.35190098432
2017-08-25,20,0.13959793025,0.509861961153,0.309848915479,0.35190098432
2017-08-28,1,0.00709750245057,0.345112880684,0.291400254761,0.351754254991
2017-08-28,20,0.139481972238,0.491982629031,0.291400254761,0.351754254991
2017-08-29,1,0.212017129873,0.314113536112,0.274342089623,0.349117376691
2017-08-29,20,0.147437337565,0.479581882137,0.274342089623,0.349117376691
2017-08-30,1,0.325433007085,0.327730581385,0.270602592038,0.359596941561
2017-08-30,20,0.137561157394,0.485029143497,0.270602592038,0.359596941561
2017-08-31,1,0.0392268938166,0.357178194043,0.273892416941,0.373479202463
2017-08-31,20,0.128128081902,0.496809147115,0.273892416941,0.373479202463
2017-09-01,1,0.574481919438,0.328299599033,0.259812485553,0.373659556087
2017-09-01,20,0.133641721141,0.485256769079,0.259812485553,0.373659556087
2017-09-05,1,0.097583919221,0.400957285923,0.278692651586,0.401029249763
2017-09-05,20,0.107242895414,0.514322208929,0.278692651586,0.401029249763
2017-09-06,1,0.000318451323195,0.369633522062,0.267826127644,0.402986649821
2017-09-06,20,0.103139887256,0.501791683759,0.267826127644,0.402986649821
2017-09-07,1,0.0221998122906,0.330391517458,0.251775667065,0.402936442709
2017-09-07,20,0.118977504795,0.486093604543,0.251775667065,0.402936442709
2017-09-08,1,1.16229426202,0.306262171316,0.238001115779,0.297755049018
2017-09-08,20,0.118444478994,0.476441080647,0.238001115779,0.297755049018
2017-09-11,1,0.112781963189,0.487639156509,0.293458704553,0.355057259251
2017-09-11,20,0.061960699241,0.548997778761,0.293458704553,0.355057259251
2017-09-12,1,0.0057279807904,0.433997573676,0.282618100071,0.310759824797
2017-09-12,20,0.0590121506635,0.527539399531,0.282618100071,0.310759824797
2017-09-13,1,0.012129142244,0.37716060921,0.266004692914,0.310921757103
2017-09-13,20,0.0603491426701,0.504802763633,0.266004692914,0.310921757103
2017-09-14,1,0.0340578737345,0.337807707574,0.250772159874,0.310521298163
2017-09-14,20,0.0611676565528,0.489060321995,0.250772159874,0.310521298163
2017-09-15,1,0.0211662323277,0.313607653112,0.237769302706,0.191208739217
2017-09-15,20,0.0598499608249,0.47937951247,0.237769302706,0.191208739217
2017-09-18,1,0.0123116692591,0.294132112712,0.224773118483,0.190579667756
2017-09-18,20,0.0603215389423,0.471588662358,0.224773118483,0.190579667756
2017-09-19,1,0.00402142040038,0.278723500593,0.21202543153,0.190520157439
2017-09-19,20,0.0599319846941,0.465424715942,0.21202543153,0.190520157439
2017-09-20,1,0.0930595259666,0.26630880706,0.199545190862,0.141798410894
2017-09-20,20,0.0600062398332,0.460458434415,0.199545190862,0.141798410894
2017-09-21,1,0.0041936503081,0.272976320796,0.193156050968,0.140467074441
2017-09-21,20,0.0554070372062,0.463125656945,0.193156050968,0.140467074441
2017-09-22,1,0.0494850124208,0.262246830669,0.181818306929,0.138520588399
2017-09-22,20,0.06822172244,0.458833511637,0.181818306929,0.138520588399
2017-09-25,1,5.2076610633e-05,0.250517994089,0.173878309258,0.13959793025
2017-09-25,20,0.0736692452428,0.450149802883,0.173878309258,0.13959793025
2017-09-26,1,0.166204808974,0.2417704906,0.163448735299,0.139481972238
2017-09-26,20,0.074973340606,0.446569853821,0.163448735299,0.139481972238
2017-09-27,1,0.0144935264649,0.26614932434,0.16361409972,0.147437337565
2017-09-27,20,0.0775860310405,0.456546984219,0.16361409972,0.147437337565
2017-09-28,1,0.136771497237,0.255457306647,0.154666865324,0.137561157394
2017-09-28,20,0.0776679815752,0.452171235327,0.154666865324,0.137561157394
2017-09-29,1,0.149499678604,0.270396182159,0.153593143239,0.128128081902
2017-09-29,20,0.103155111136,0.458285026928,0.153593143239,0.128128081902
2017-10-02,1,0.0465054048956,0.283279284461,0.153347535361,0.133641721141
2017-10-02,20,0.100792377746,0.463557485527,0.153347535361,0.133641721141
2017-10-03,1,0.0155237560669,0.273432579245,0.146937007533,0.107242895414
2017-10-03,20,0.0989126877137,0.45952768398,0.146937007533,0.107242895414
2017-10-04,1,0.317070802096,0.260786676295,0.139052212445,0.103139887256
2017-10-04,20,0.0994018923982,0.454352300117,0.139052212445,0.103139887256
2017-10-05,1,0.0115392962755,0.307310600073,0.149733327824,0.118977504795
2017-10-05,20,0.083566392371,0.47339239281,0.149733327824,0.118977504795
2017-10-06,1,0.0326186669527,0.283962377938,0.141441685931,0.118444478994
2017-10-06,20,0.0877705541961,0.46383704413,0.141441685931,0.118444478994
2017-10-09,1,0.0538109916389,0.271361162203,0.134912304793,0.061960699241
2017-10-09,20,0.0869466346806,0.45867994868,0.134912304793,0.061960699241
2017-10-10,1,0.0324678209228,0.266365082993,0.130046226003,0.0590121506635
2017-10-10,20,0.0842739684382,0.456635284268,0.130046226003,0.0590121506635
2017-10-11,1,0.0284994198974,0.258914679343,0.124191521699,0.0603491426701
2017-10-11,20,0.0836911448705,0.453586178247,0.124191521699,0.0603491426701
2017-10-12,1,0.00770395917808,0.252927079596,0.118449995591,0.0611676565528
2017-10-12,20,0.0893687840439,0.451135730286,0.118449995591,0.0611676565528
2017-10-13,1,0.0305977946749,0.244877653812,0.111805233406,0.0598499608249
2017-10-13,20,0.0893868302706,0.447841472179,0.111805233406,0.0598499608249
2017-10-16,1,0.00452058429471,0.243406732523,0.106932787082,0.0603215389423
2017-10-16,20,0.088340233394,0.44723949205,0.106932787082,0.0603215389423
2017-10-17,1,0.00550652318326,0.237573606034,0.100788054915,0.0599319846941
2017-10-17,20,0.090787524874,0.444852262856,0.100788054915,0.0599319846941
2017-10-18,1,0.00107547342564,0.233638351996,0.0950711630108,0.0600062398332
2017-10-18,20,0.105863532245,0.443241745179,0.0950711630108,0.0600062398332
2017-10-19,1,0.260487354985,0.230046388403,0.0894314216357,0.0554070372062
2017-10-19,20,0.139124208801,0.441771720421,0.0894314216357,0.0554070372062
2017-10-20,1,0.158435468476,0.275212048149,0.0996947776367,0.06822172244
2017-10-20,20,0.129556757877,0.460255938395,0.0996947776367,0.06822172244
2017-10-23,1,0.0261339838756,0.27498033709,0.103219219087,0.0736692452428
2017-10-23,20,0.122447631069,0.450542188772,0.103219219087,0.0736692452428
2017-10-24,1,0.218458617663,0.259782382132,0.0985941049743,0.074973340606
2017-10-24,20,0.142395081385,0.443935144511,0.0985941049743,0.074973340606
2017-10-25,1,0.0161325371592,0.285086048386,0.105785975736,0.0775860310405
2017-10-25,20,0.131753807676,0.454935469447,0.105785975736,0.0775860310405
2017-10-26,1,0.646514088459,0.265087702434,0.100406769421,0.0776679815752
2017-10-26,20,0.133056606526,0.446241539427,0.100406769421,0.0776679815752
2017-10-27,1,0.102245010803,0.369217985045,0.133173208563,0.103155111136
2017-10-27,20,0.100804757487,0.491510352764,0.133173208563,0.103155111136
2017-10-30,1,0.008911604246,0.34105337222,0.131317516698,0.100792377746
2017-10-30,20,0.143715762531,0.479266281503,0.131317516698,0.100792377746
2017-10-31,1,0.0253078497571,0.303512562318,0.123973161951,0.0989126877137
2017-10-31,20,0.143338371305,0.462946073074,0.123973161951,0.0989126877137
2017-11-01,1,0.000360801551903,0.279907436967,0.118053243219,0.0994018923982
2017-11-01,20,0.175346088897,0.452684158994,0.118053243219,0.0994018923982
2017-11-02,1,0.095622532777,0.258445938753,0.110991696719,0.083566392371
2017-11-02,20,0.177381568018,0.443354149201,0.110991696719,0.083566392371
2017-11-03,1,0.0161402766439,0.261075491028,0.110069546882,0.0877705541961
2017-11-03,20,0.173154541129,0.444497300915,0.110069546882,0.0877705541961
2017-11-06,1,0.000357666789183,0.248022919562,0.104433790668,0.0869466346806
2017-11-06,20,0.179365248283,0.438822924486,0.104433790668,0.0869466346806
2017-11-07,1,0.02081134957,0.235782457184,0.0981892232354,0.0842739684382
2017-11-07,20,0.179353875737,0.433501598233,0.0981892232354,0.0842739684382
2017-11-08,1,0.142052203365,0.23092204859,0.0935465508155,0.0836911448705
2017-11-08,20,0.182600096467,0.431388620876,0.0935465508155,0.0836911448705
2017-11-09,1,0.00806488371216,0.250228523635,0.0964568899685,0.0893687840439
2017-11-09,20,0.190574136196,0.439781772158,0.0964568899685,0.0893687840439
2017-11-10,1,0.00966585714376,0.238797072352,0.0911533695931,0.0893868302706
2017-11-10,20,0.195280791786,0.434812149284,0.0911533695931,0.0893868302706
2017-11-13,1,0.0534664138941,0.230972378589,0.0862641188461,0.088340233394
2017-11-13,20,0.195995223289,0.43141050096,0.0862641188461,0.088340233394
2017-11-14,1,0.307026670602,0.233633638928,0.084296256549,0.090787524874
2017-11-14,20,0.193433799719,0.432567437198,0.084296256549,0.090787524874
2017-11-15,1,0.666289004552,0.283127360268,0.0976600813922,0.105863532245
2017-11-15,20,0.186402270877,0.454083964154,0.0976600813922,0.105863532245
2017-11-16,1,0.0691383364897,0.385752666982,0.131777816782,0.139124208801
2017-11-16,20,0.192998798705,0.498698515625,0.131777816782,0.139124208801
2017-11-17,1,0.0162529323337,0.346590618223,0.128019447964,0.129556757877
2017-11-17,20,0.203844993439,0.481673502049,0.128019447964,0.129556757877
2017-11-20,1,0.425082990182,0.301984740493,0.121313457026,0.122447631069
2017-11-20,20,0.208266570615,0.453493356363,0.121313457026,0.122447631069
2017-11-21,1,0.00563314349536,0.35245180854,0.139539629016,0.142395081385
2017-11-21,20,0.187355408603,0.475558680797,0.139539629016,0.142395081385
2017-11-22,1,0.0421885141523,0.308630763009,0.131505239885,0.131753807676
2017-11-22,20,0.189041258511,0.456399145201,0.131505239885,0.131753807676
2017-11-24,1,0.00147710768615,0.284479118305,0.126146236341,0.133056606526
2017-11-24,20,0.18703683925,0.445839509053,0.126146236341,0.133056606526
2017-11-27,1,0.960465111675,0.259614813129,0.118666088621,0.100804757487
2017-11-27,20,0.187523698632,0.434968281899,0.118666088621,0.100804757487
2017-11-28,1,0.0013637797186,0.424026215604,0.169174030005,0.143715762531
2017-11-28,20,0.139812989611,0.506852603234,0.169174030005,0.143715762531
2017-11-29,1,0.665462201611,0.358602685136,0.159105414987,0.143338371305
2017-11-29,20,0.141423497089,0.478247980828,0.159105414987,0.143338371305
2017-11-30,1,0.0410703839574,0.438255739244,0.189486822185,0.175346088897
2017-11-30,20,0.121652880602,0.513074067406,0.189486822185,0.175346088897
2017-12-01,1,0.011081995006,0.376236444136,0.180581835891,0.177381568018
2017-12-01,20,0.153788188695,0.485957852402,0.180581835891,0.177381568018
2017-12-04,1,0.140354419728,0.326540486056,0.170411845438,0.173154541129
2017-12-04,20,0.173576294268,0.464229674393,0.170411845438,0.173154541129
2017-12-05,1,0.000130215874695,0.315821818447,0.168608399895,0.179365248283
2017-12-05,20,0.174640955708,0.459543234553,0.168608399895,0.179365248283
2017-12-06,1,0.0857357641591,0.281596928904,0.158499708854,0.179353875737
2017-12-06,20,0.199198507958,0.444579351753,0.158499708854,0.179353875737
2017-12-07,1,0.301532997947,0.27356541402,0.154133872172,0.182600096467
2017-12-07,20,0.196291120068,0.441067794841,0.154133872172,0.182600096467
2017-12-08,1,0.102197995511,0.308833615923,0.162977819719,0.190574136196
2017-12-08,20,0.182062180914,0.456487837006,0.162977819719,0.190574136196
2017-12-11,1,0.0239544871992,0.296015147864,0.159331030266,0.195280791786
2017-12-11,20,0.177571494038,0.450883317714,0.159331030266,0.195280791786
2017-12-12,1,0.00223794250546,0.272066755589,0.151208437682,0.195995223289
2017-12-12,20,0.200936990793,0.440412548048,0.151208437682,0.195995223289
2017-12-13,1,0.166396093756,0.250952613368,0.142270207972,0.193433799719
2017-12-13,20,0.223450863057,0.431180975533,0.142270207972,0.193433799719
2017-12-14,1,0.798219561112,0.267135542442,0.143717761119,0.186402270877
2017-12-14,20,0.221364026437,0.438256512,0.143717761119,0.186402270877
2017-12-15,1,0.286062231163,0.398561774957,0.182987869118,0.192998798705
2017-12-15,20,0.225360927043,0.495718983507,0.182987869118,0.192998798705
2017-12-18,1,0.104684475871,0.39458223363,0.189172330841,0.203844993439
2017-12-18,20,0.212366288081,0.493979039542,0.189172330841,0.203844993439
2017-12-19,1,0.00685974993551,0.354970306841,0.184103059543,0.208266570615
2017-12-19,20,0.21670521194,0.47264119628,0.184103059543,0.208266570615
2017-12-20,1,0.0393501416422,0.31065915725,0.173468460966,0.187355408603
2017-12-20,20,0.248637729957,0.453039408093,0.173468460966,0.187355408603
2017-12-21,1,0.00210012894317,0.285117042438,0.165421361807,0.189041258511
2017-12-21,20,0.249029025666,0.441740420615,0.165421361807,0.189041258511
2017-12-22,1,0.0112142953329,0.259910091591,0.155622087835,0.18703683925
2017-12-22,20,0.249080893454,0.430589698598,0.155622087835,0.18703683925
2017-12-26,1,0.00625093124957,0.243625596639,0.146957620285,0.187523698632
2017-12-26,20,0.248701645302,0.4233859762,0.146957620285,0.187523698632
2017-12-27,1,0.0335739292846,0.2310730066,0.138515218943,0.139812989611
2017-12-27,20,0.31767483059,0.417833125204,0.138515218943,0.139812989611
2017-12-28,1,0.270049871859,0.2272307525,0.132218741563,0.141423497089
2017-12-28,20,0.338809365264,0.416133438969,0.132218741563,0.141423497089
2017-12-29,1,0.683776545821,0.268776326789,0.140488609381,0.121652880602
2017-12-29,20,0.385352797739,0.434511828039,0.140488609381,0.121652880602
2018-01-02,1,0.406844106474,0.375913488293,0.173085885568,0.153788188695
2018-01-02,20,0.351283465362,0.481905767626,0.173085885568,0.153788188695
2018-01-03,1,0.161647648514,0.400517684504,0.187111378822,0.173576294268
2018-01-03,20,0.331151405415,0.492789850911,0.187111378822,0.173576294268
2018-01-04,1,0.491281260876,0.372157710709,0.185583555004,0.174640955708
2018-01-04,20,0.552834658777,0.480244335743,0.185583555004,0.174640955708
2018-01-05,1,0.0275880063622,0.413650666358,0.203925417356,0.199198507958
2018-01-05,20,1.40366971182,0.498599448065,0.203925417356,0.199198507958
2018-01-08,1,0.0169542148602,0.356424235461,0.193345172696,0.196291120068
2018-01-08,20,1.55177227487,0.473284366252,0.193345172696,0.196291120068
2018-01-09,1,0.0123842580018,0.313587420712,0.182761715226,0.182062180914
2018-01-09,20,1.56349535519,0.454334775076,0.182761715226,0.182062180914
2018-01-10,1,0.491264422289,0.282156828619,0.172539067793,0.177571494038
2018-01-10,20,2.29475368167,0.44043091985,0.172539067793,0.177571494038
2018-01-11,1,0.452515387787,0.349409510719,0.191662589062,0.200936990793
2018-01-11,20,2.38009033834,0.470181283849,0.191662589062,0.200936990793
2018-01-12,1,0.124659361357,0.390153973029,0.207313756986,0.223450863057
2018-01-12,20,2.45294232952,0.488205287454,0.207313756986,0.223450863057
2018-01-16,1,0.878157573226,0.357833340538,0.202354493248,0.221364026437
2018-01-16,20,2.45011416393,0.47390770777,0.202354493248,0.221364026437
2018-01-17,1,0.0261694519336,0.475882111798,0.242902678047,0.225360927043
2018-01-17,20,2.49483012504,0.526128582907,0.242902678047,0.225360927043
2018-01-18,1,0.191462953059,0.400576170005,0.22989868448,0.212366288081
2018-01-18,20,2.56548399869,0.492815722964,0.22989868448,0.212366288081
2018-01-19,1,0.645510110262,0.374569128159,0.227592540595,0.21670521194
2018-01-19,20,2.55598056469,0.472253549996,0.227592540595,0.21670521194
2018-01-22,1,0.0471760558202,0.439360030088,0.252667594775,0.248637729957
2018-01-22,20,2.54086617052,0.502178184273,0.252667594775,0.248637729957
2018-01-23,1,0.00313748470469,0.380804663395,0.240338102438,0.249029025666
2018-01-23,20,2.55369659042,0.475133523973,0.240338102438,0.249029025666
2018-01-24,1,0.00362933229266,0.330253702785,0.226106065374,0.249080893454
2018-01-24,20,2.55401315608,0.451785816756,0.226106065374,0.249080893454
2018-01-25,1,1.38571463701,0.293426894459,0.212757461389,0.248701645302
2018-01-25,20,2.68025701438,0.434776811819,0.212757461389,0.248701645302
2018-01-26,1,0.456264622779,0.51107734551,0.283134891926,0.31767483059
2018-01-26,20,2.67928108122,0.535301884846,0.283134891926,0.31767483059
2018-01-29,1,1.20091852135,0.505557850399,0.293522675777,0.338809365264
2018-01-29,20,2.73823830485,0.532752624569,0.293522675777,0.338809365264
2018-01-30,1,0.00238989827823,0.633284428052,0.347966426512,0.385352797739
2018-01-30,20,2.74044069708,0.591745029519,0.347966426512,0.385352797739
2018-01-31,1,0.00420290753236,0.514489758163,0.327231834818,0.351283465362
2018-01-31,20,2.83028844214,0.536877957992,0.327231834818,0.351283465362
2018-02-01,1,4.59531271576,0.428063099976,0.30785009918,0.331151405415
2018-02-01,20,2.84287395206,0.496960530375,0.30785009918,0.331151405415
2018-02-02,1,17.5079823218,1.17729050264,0.565097856175,0.552834658777
2018-02-02,20,2.67329651277,0.843002263818,0.565097856175,0.552834658777
2018-02-05,1,2.98963926735,4.00913232558,1.58167092411,1.40366971182
2018-02-05,20,1.80137001827,2.15093020367,1.58167092411,1.40366971182
2018-02-06,1,0.251415821267,3.50819156101,1.66614902471,1.55177227487
2018-02-06,20,1.65200517895,1.91956331838,1.66614902471,1.55177227487
2018-02-07,1,14.6375507875,2.65789555132,1.5812650325,1.56349535519
2018-02-07,20,1.64934965237,1.52684155716,1.5812650325,1.56349535519
2018-02-08,1,2.19799755582,4.58242822509,2.3646421778,2.29475368167
2018-02-08,20,1.06590075345,2.41571537588,2.3646421778,2.29475368167
2018-02-09,1,1.90955521126,3.78675852227,2.35464350048,2.38009033834
2018-02-09,20,0.956813429788,2.04822358069,2.35464350048,2.38009033834
2018-02-12,1,0.0680960496545,3.15470031097,2.32793820313,2.45294232952
2018-02-12,20,0.881712825314,1.75629816753,2.32793820313,2.45294232952
2018-02-13,1,1.77247679546,2.36732947733,2.19234767392,2.45011416393
2018-02-13,20,0.894787390099,1.39263932755,2.19234767392,2.45011416393
2018-02-14,1,1.43924692491,2.09393616504,2.16715542121,2.49483012504
2018-02-14,20,0.806469497218,1.26636859137,2.16715542121,2.49483012504
2018-02-15,1,0.00139427298548,1.83533532454,2.12348091143,2.56548399869
2018-02-15,20,0.735955549478,1.14692997661,2.12348091143,2.56548399869
2018-02-16,1,0.343222226911,1.40338821835,1.99615571313,2.55598056469
2018-02-16,20,0.838217233815,0.98590824299,1.99615571313,2.55598056469
2018-02-20,1,0.303784453765,1.12993554859,1.89697970395,2.54086617052
2018-02-20,20,0.822152371539,0.855270919666,1.89697970395,2.54086617052
2018-02-21,1,0.00946879792939,0.92539157129,1.80138798894,2.55369659042
2018-02-21,20,0.808666438563,0.757553542394,1.80138798894,2.55369659042
2018-02-22,1,2.52850649828,0.721681855518,1.69387283748,2.55401315608
2018-02-22,20,1.13293273068,0.660234719261,1.69387283748,2.55401315608
2018-02-23,1,1.36619597388,1.05730399268,1.74395085713,2.68025701438
2018-02-23,20,1.23101137272,0.820572439446,1.74395085713,2.68025701438
2018-02-26,1,1.63540909523,1.07651054432,1.72128556413,2.67928108122
2018-02-26,20,1.52168867724,0.829748040101,1.72128556413,2.67928108122
2018-02-27,1,1.24496636601,1.1418985084,1.716132976,2.73823830485
2018-02-27,20,1.59177336496,0.86098601855,1.716132976,2.73823830485
2018-02-28,1,1.79934479956,1.11423707908,1.6878629794,2.74044069708
2018-02-28,20,1.53379093027,0.847771245083,1.6878629794,2.74044069708
2018-03-01,1,0.255913105853,1.2004684045,1.69455188861,2.83028844214
2018-03-01,20,1.53733713532,0.888966781954,1.69455188861,2.83028844214
2018-03-02,1,1.20376392991,0.967035676386,1.60823356164,2.84287395206
2018-03-02,20,1.7797109444,0.777448299417,1.60823356164,2.84287395206
2018-03-05,1,0.0694524319835,0.980378117992,1.58396538374,2.67329651277
2018-03-05,20,1.79809791096,0.783822422074,1.58396538374,2.67329651277
2018-03-06,1,0.00234248087369,0.772779807077,1.49309460664,1.80137001827
2018-03-06,20,1.86075146635,0.6846458893,1.49309460664,1.80137001827
2018-03-07,1,0.198305289703,0.610377554057,1.40364947909,1.65200517895
2018-03-07,20,1.88402318486,0.607060998082,1.40364947909,1.65200517895
2018-03-08,1,2.96857280908,0.530909970866,1.33132882773,1.64934965237
2018-03-08,20,2.11973085463,0.569096723064,1.33132882773,1.64934965237
2018-03-09,1,0.0162510825304,1.00414280637,1.42956346661,1.06590075345
2018-03-09,20,1.97684997792,0.795175594386,1.42956346661,1.06590075345
2018-03-12,1,0.407543121775,0.779712041643,1.34476472356,0.956813429788
2018-03-12,20,2.11362823212,0.687957645477,1.34476472356,0.956813429788
2018-03-13,1,0.329587345337,0.692963586249,1.28853142746,0.881712825314
2018-03-13,20,2.10860067544,0.646515058629,1.28853142746,0.881712825314
2018-03-14,1,0.006118937841,0.615543240681,1.23099478253,0.894787390099
2018-03-14,20,2.12588002028,0.609528816276,1.23099478253,0.894787390099
2018-03-15,1,0.0289679701235,0.497829380035,1.15750223185,0.806469497218
2018-03-15,20,2.12975243521,0.553293038119,1.15750223185,0.806469497218
2018-03-16,1,2.04662795971,0.417405107444,1.08979017614,0.735955549478
2018-03-16,20,2.16091764477,0.514871721147,1.08979017614,0.735955549478
2018-03-19,1,0.0219249814084,0.740554267037,1.14720044316,0.838217233815
2018-03-19,20,2.11482001875,0.67337072119,1.14720044316,0.838217233815
2018-03-20,1,0.0340657942258,0.598394389478,1.07968391545,0.822152371539
2018-03-20,20,2.11406906714,0.602813079526,1.07968391545,0.822152371539
2018-03-21,1,6.4947946402,0.496168150498,1.01694682818,0.808666438563
2018-03-21,20,2.12885440027,0.552075540479,1.01694682818,0.808666438563
2018-03-22,1,4.49007933909,1.59972994134,1.3456176969,1.13293273068
2018-03-22,20,1.84086435181,1.09980193648,1.3456176969,1.13293273068
2018-03-23,1,7.17974206438,2.04475722817,1.53428539543,1.23101137272
2018-03-23,20,1.61636196577,1.32068054425,1.53428539543,1.23101137272
2018-03-26,1,3.03710284963,2.86239647534,1.87301279557,1.52168867724
2018-03-26,20,1.34810727439,1.72649615131,1.87301279557,1.52168867724
2018-03-27,1,0.0853176721724,2.70733122976,1.94285819881,1.59177336496
2018-03-27,20,1.1979364312,1.64953324012,1.94285819881,1.59177336496
2018-03-28,1,1.87026890061,2.05489914811,1.83140576721,1.53379093027
2018-03-28,20,1.24754424426,1.32571424268,1.83140576721,1.53379093027
2018-03-29,1,5.10338928745,1.90121236748,1.83373755522,1.53733713532
2018-03-29,20,1.1546501896,1.24943549946,1.83373755522,1.53733713532
2018-04-02,1,1.5715032611,2.37813785647,2.02991665915,1.7797109444
2018-04-02,20,0.93327472869,1.48614601392,2.02991665915,1.7797109444
2018-04-03,1,1.32252353978,2.08418202234,2.00241185527,1.79809791096
2018-04-03,20,0.857940119982,1.34024809416,2.00241185527,1.79809791096
2018-04-04,1,0.467776851095,1.82279766406,1.96161855634,1.86075146635
2018-04-04,20,0.817964502083,1.21051624432,1.96161855634,1.86075146635
2018-04-05,1,4.9124586851,1.4748294653,1.87198805402,1.88402318486
2018-04-05,20,0.797120918424,1.03781058433,1.87198805402,1.88402318486
2018-04-06,1,0.110955274743,2.03005299402,2.05441629189,2.11973085463
2018-04-06,20,0.632522015847,1.31338245071,2.05441629189,2.11973085463
2018-04-09,1,2.7518161666,1.56199770964,1.93780863086,1.97684997792
2018-04-09,20,0.632932336986,1.08107444932,1.93780863086,1.97684997792
2018-04-10,1,0.306991988294,1.69991585039,1.986649083,2.11362823212
2018-04-10,20,0.495376820687,1.14952680676,1.986649083,2.11362823212
2018-04-11,1,0.67517424208,1.35521857624,1.88586965732,2.10860067544
2018-04-11,20,0.526450076835,0.978444591658,1.88586965732,2.10860067544
2018-04-12,1,0.083567236382,1.16914791121,1.81322793241,2.12588002028
2018-04-12,20,0.53618793746,0.886092885027,1.81322793241,2.12588002028
2018-04-13,1,0.652272161323,0.924516673229,1.70944829065,2.12975243521
2018-04-13,20,0.533465031247,0.764676044173,1.70944829065,2.12975243521
2018-04-16,1,1.12467543935,0.848544318443,1.64601772289,2.16091764477
2018-04-16,20,0.501241355553,0.726968990133,1.64601772289,2.16091764477
2018-04-17,1,0.00690594917771,0.895969824379,1.61473718587,2.11482001875
2018-04-17,20,0.468576193177,0.765884429469,1.61473718587,2.11482001875
2018-04-18,1,0.329772456817,0.711281677901,1.51826731167,2.11406906714
2018-04-18,20,0.476441624838,0.670547086603,1.51826731167,2.11406906714
2018-04-19,1,0.73499367103,0.634449743374,1.44695762038,2.12885440027
2018-04-19,20,0.460319574429,0.63088589218,1.44695762038,2.12885440027
2018-04-20,1,3.16182540488e-05,0.652404360407,1.40423978342,1.84086435181
2018-04-20,20,0.427043256544,0.640154193979,1.40423978342,1.84086435181
2018-04-23,1,1.81464823682,0.530232299672,1.31998729351,1.61636196577
2018-04-23,20,0.454123565182,0.577088101947,1.31998729351,1.61636196577
2018-04-24,1,0.0336859857451,0.774416741913,1.34966695011,1.34810727439
2018-04-24,20,0.36832311576,0.703137858449,1.34966695011,1.34810727439
2018-04-25,1,1.0774739335,0.626494353222,1.27070809225,1.1979364312
2018-04-25,20,0.371897811889,0.626779262854,1.27070809225,1.1979364312
2018-04-26,1,0.0123878073415,0.709638031142,1.25911404272,1.24754424426
2018-04-26,20,0.320074960238,0.669698624384,1.25911404272,1.24754424426
2018-04-27,1,0.675880069267,0.574754890228,1.1843104686,1.1546501896
2018-04-27,20,0.322240377079,0.600070981801,1.1843104686,1.1546501896
2018-04-30,1,0.0648110869401,0.597449529865,1.15380464464,0.93327472869
2018-04-30,20,0.356093113164,0.611786117188,1.15380464464,0.93327472869
2018-05-01,1,0.523011181793,0.501604884498,1.08846503118,0.857940119982
2018-05-01,20,0.432432714265,0.562310425372,1.08846503118,0.857940119982
2018-05-02,1,0.0509051779107,0.515287614666,1.05453780021,0.817964502083
2018-05-02,20,0.43011016011,0.5693735486,1.05453780021,0.817964502083
2018-05-03,1,1.62048063357,0.438396483374,0.994319842877,0.797120918424
2018-05-03,20,0.485785580397,0.529681796383,0.994319842877,0.797120918424
2018-05-04,1,0.11916169752,0.670852545117,1.03188949032,0.632522015847
2018-05-04,20,0.414750187996,0.649677278944,1.03188949032,0.632522015847
2018-05-07,1,0.000705840620222,0.565800471814,0.97712582275,0.632932336986
2018-05-07,20,0.409038748261,0.595448646937,0.97712582275,0.632932336986
2018-05-08,1,0.928457111247,0.46643170001,0.918540623822,0.495376820687
2018-05-08,20,0.445391589072,0.544153775835,0.918540623822,0.495376820687
2018-05-09,1,0.869931454585,0.564033165099,0.919135613068,0.526450076835
2018-05-09,20,0.399223948354,0.594536350563,0.919135613068,0.526450076835
2018-05-10,1,0.0291091121185,0.625291627497,0.916183363559,0.53618793746
2018-05-10,20,0.360597786347,0.626158407228,0.916183363559,0.53618793746
2018-05-11,1,0.00779864744803,0.515577457752,0.862958908473,0.533465031247
2018-05-11,20,0.359712789073,0.569523167676,0.862958908473,0.533465031247
2018-05-14,1,0.47137219183,0.430667570201,0.811649292811,0.501241355553
2018-05-14,20,0.360839907509,0.525692076094,0.811649292811,0.501241355553
2018-05-15,1,0.164214582397,0.453623558836,0.791232666752,0.468576193177
2018-05-15,20,0.34540890277,0.536353303593,0.791232666752,0.468576193177
2018-05-16,1,0.0073314486312,0.414029839242,0.753611581691,0.476441624838
2018-05-16,20,0.340244921065,0.515848205479,0.753611581691,0.476441624838
2018-05-17,1,0.0694673133409,0.356078393282,0.708834773707,0.460319574429
2018-05-17,20,0.340396124187,0.485835867729,0.708834773707,0.460319574429
2018-05-18,1,0.54163779102,0.324523767854,0.670472726085,0.427043256544
2018-05-18,20,0.339187783029,0.469494117144,0.670472726085,0.427043256544
2018-05-21,1,0.0986392483747,0.387369276589,0.662742629981,0.454123565182
2018-05-21,20,0.320232461975,0.502041029529,0.662742629981,0.454123565182
2018-05-22,1,0.105179908331,0.353012846411,0.628896427085,0.36832311576
2018-05-22,20,0.316763730077,0.484248258886,0.628896427085,0.36832311576
2018-05-23,1,0.0410169004796,0.32877451713,0.59747343596,0.371897811889
2018-05-23,20,0.331765986514,0.471695527667,0.59747343596,0.371897811889
2018-05-24,1,0.0556961441572,0.299117811655,0.564086043831,0.320074960238
2018-05-24,20,0.331445319565,0.456336686373,0.564086043831,0.320074960238
2018-05-25,1,1.35293479097,0.279844325175,0.533582649851,0.322240377079
2018-05-25,20,0.42415288381,0.446355185889,0.533582649851,0.322240377079
2018-05-29,1,1.59160310895,0.502413251157,0.582743778318,0.356093113164
2018-05-29,20,0.358930877686,0.561620882346,0.582743778318,0.356093113164
2018-05-30,1,0.4765600987,0.71074414053,0.643275338155,0.432432714265
2018-05-30,20,0.316689229243,0.669512875585,0.643275338155,0.432432714265
2018-05-31,1,1.16441358365,0.661388906819,0.633272423788,0.43011016011
2018-05-31,20,0.311832053276,0.643952409934,0.633272423788,0.43011016011
2018-06-01,1,0.199772785554,0.7504345943,0.66514089338,0.485785580397
2018-06-01,20,0.253898743943,0.690068071133,0.66514089338,0.485785580397
2018-06-04,1,0.00493290282375,0.64023697289,0.63721880691,0.414750187996
2018-06-04,20,0.248601888135,0.632998084729,0.63721880691,0.414750187996
2018-06-05,1,0.727762656835,0.523091025396,0.599281652665,0.409038748261
2018-06-05,20,0.260654204294,0.572329646107,0.599281652665,0.409038748261
2018-06-06,1,0.00510429688969,0.568340025642,0.606990512915,0.445391589072
2018-06-06,20,0.261107369766,0.595763544188,0.606990512915,0.445391589072
2018-06-07,1,0.0974082144308,0.46990037818,0.570877339954,0.399223948354
2018-06-07,20,0.296515538693,0.544782867197,0.570877339954,0.399223948354
2018-06-08,1,0.0114091666558,0.413882001513,0.542469192423,0.360597786347
2018-06-08,20,0.330227010272,0.515771642146,0.542469192423,0.360597786347
2018-06-11,1,0.0303410161656,0.3567134228,0.510605590877,0.359712789073
2018-06-11,20,0.335667460858,0.48616474167,0.510605590877,0.359712789073
2018-06-12,1,0.162752097048,0.317850582727,0.481789716394,0.360839907509
2018-06-12,20,0.35949395315,0.466038157028,0.481789716394,0.360839907509
2018-06-13,1,0.0609349482965,0.31064132402,0.462647459233,0.34540890277
2018-06-13,20,0.389297035453,0.45764039486,0.462647459233,0.34540890277
2018-06-14,1,0.0103555110651,0.289067536544,0.438544708577,0.340244921065
2018-06-14,20,0.386832036921,0.446758936592,0.438544708577,0.340244921065
2018-06-15,1,0.0453004901891,0.263948264755,0.412853356726,0.340396124187
2018-06-15,20,0.386843336819,0.434089195223,0.412853356726,0.340396124187
2018-06-18,1,0.162531369925,0.251804216986,0.390800184734,0.339187783029
2018-06-18,20,0.392442193671,0.427963940251,0.390800184734,0.339187783029
2018-06-19,1,0.0292646104294,0.264221191797,0.377104055845,0.320232461975
2018-06-19,20,0.386644500113,0.434226855067,0.377104055845,0.320232461975
2018-06-20,1,0.405225037056,0.249082551267,0.35623368912,0.316763730077
2018-06-20,20,0.393025344256,0.426591177496,0.35623368912,0.316763730077
2018-06-21,1,0.0346035615045,0.306450416373,0.359173169997,0.331765986514
2018-06-21,20,0.373214295893,0.455526571002,0.359173169997,0.331765986514
2018-06-22,1,1.90984742906,0.281179404963,0.339698993487,0.331445319565
2018-06-22,20,0.373170231146,0.442780294701,0.339698993487,0.331445319565
2018-06-25,1,0.0484946684978,0.604350015578,0.433907899621,0.42415288381
2018-06-25,20,0.289052014895,0.605782155944,0.433907899621,0.42415288381
2018-06-26,1,0.746770140078,0.503268938092,0.410783105754,0.358930877686
2018-06-26,20,0.327673023302,0.554798547827,0.410783105754,0.358930877686
2018-06-27,1,0.379416579371,0.556043127375,0.430942327813,0.316689229243
2018-06-27,20,0.294945905452,0.581416967931,0.430942327813,0.316689229243
2018-06-28,1,0.00574739698877,0.527982124371,0.427850782907,0.311832053276
2018-06-28,20,0.297648515798,0.567263466444,0.427850782907,0.311832053276
2018-06-29,1,0.0938356693892,0.439192924311,0.402524579752,0.253898743943
2018-06-29,20,0.314012150611,0.522479676109,0.402524579752,0.253898743943
2018-07-02,1,0.245979226004,0.389809225446,0.38400324513,0.248601888135
2018-07-02,20,0.321192638425,0.497571362774,0.38400324513,0.248601888135
2018-07-03,1,0.736825966282,0.381143316125,0.375721803982,0.260654204294
2018-07-03,20,0.309435406314,0.493200422774,0.375721803982,0.260654204294
2018-07-05,1,0.713267675417,0.464221736183,0.39738805372,0.261107369766
2018-07-05,20,0.284669523908,0.535103791007,0.39738805372,0.261107369766
2018-07-06,1,0.771637646013,0.521158194158,0.416340831022,0.296515538693
2018-07-06,20,0.259740486489,0.563821589958,0.416340831022,0.296515538693
2018-07-09,1,0.120218178388,0.573760382986,0.437658639922,0.330227010272
2018-07-09,20,0.227396054911,0.590353255904,0.437658639922,0.330227010272
2018-07-10,1,0.506870862,0.493796658152,0.41861221223,0.335667460858
2018-07-10,20,0.225361914937,0.550020887948,0.41861221223,0.335667460858
2018-07-11,1,0.758813743101,0.505336060318,0.423907731216,0.35949395315
2018-07-11,20,0.200052802494,0.555841169771,0.423907731216,0.35949395315
2018-07-12,1,0.0116349776669,0.55896300905,0.444002091929,0.389297035453
2018-07-12,20,0.163152828159,0.583161848369,0.444002091929,0.389297035453
2018-07-13,1,0.0105815090234,0.464279916363,0.418060065073,0.386832036921
2018-07-13,20,0.188055969071,0.534736895397,0.418060065073,0.386832036921
2018-07-16,1,0.15727762723,0.393927618244,0.39361135171,0.386843336819
2018-07-16,20,0.195583142812,0.498755743629,0.39361135171,0.386843336819
2018-07-17,1,0.0465774987639,0.368218730244,0.379431328241,0.392442193671
2018-07-17,20,0.208000896228,0.485607126943,0.379431328241,0.392442193671
2018-07-18,1,0.156881493281,0.329227724437,0.359460098473,0.386644500113
2018-07-18,20,0.234789693496,0.465665471374,0.359460098473,0.386644500113
2018-07-19,1,0.00900406980346,0.320203136171,0.347305382161,0.393025344256
2018-07-19,20,0.258057583246,0.461049913834,0.347305382161,0.393025344256
2018-07-20,1,0.033722266557,0.286878980959,0.32700730342,0.373214295893
2018-07-20,20,0.263110635786,0.444006526223,0.32700730342,0.373214295893
2018-07-23,1,0.227483104044,0.266637361841,0.309410201208,0.373170231146
2018-07-23,20,0.264365016599,0.433654102933,0.309410201208,0.373170231146
2018-07-24,1,0.820914836643,0.28653936485,0.304494575378,0.289052014895
2018-07-24,20,0.255125865783,0.443832832127,0.304494575378,0.289052014895
2018-07-25,1,0.0922277830624,0.408180296151,0.335479791054,0.327673023302
2018-07-25,20,0.214159417937,0.506045168148,0.335479791054,0.327673023302
2018-07-26,1,0.433468786303,0.367063090918,0.320884670575,0.294945905452
2018-07-26,20,0.210980635143,0.485016083934,0.320884670575,0.294945905452
2018-07-27,1,0.333020093252,0.398060915197,0.327639717518,0.297648515798
2018-07-27,20,0.208401578508,0.500869687152,0.327639717518,0.297648515798
2018-07-30,1,0.23744542566,0.402937561428,0.327962540062,0.314012150611
2018-07-30,20,0.220944094847,0.503363811052,0.327962540062,0.314012150611
2018-07-31,1,0.010834583781,0.389335704698,0.322531513198,0.321192638425
2018-07-31,20,0.209108069212,0.496407244111,0.322531513198,0.321192638425
2018-08-01,1,0.24150831816,0.338437668379,0.303829697433,0.309435406314
2018-08-01,20,0.224727330989,0.470375827676,0.303829697433,0.309435406314
2018-08-02,1,0.214686927041,0.342271507032,0.300090414677,0.284669523908
2018-08-02,20,0.222509478973,0.472336615513,0.300090414677,0.284669523908
2018-08-03,1,0.124749014458,0.340281221939,0.294966205419,0.259740486489
2018-08-03,20,0.211784173505,0.471318699227,0.294966205419,0.259740486489
2018-08-06,1,0.0795353789083,0.322606128832,0.284753173961,0.227396054911
2018-08-06,20,0.206917380863,0.46227890629,0.284753173961,0.227396054911
2018-08-07,1,0.000688613138088,0.301364248363,0.272440106258,0.225361914937
2018-08-07,20,0.206880412702,0.451414906884,0.272440106258,0.225361914937
2018-08-08,1,0.0208142563937,0.271421056006,0.256135016671,0.200052802494
2018-08-08,20,0.213540089748,0.4361006872,0.256135016671,0.200052802494
2018-08-09,1,0.50969779592,0.250326735501,0.242015771054,0.163152828159
2018-08-09,20,0.214954257084,0.424447604144,0.242015771054,0.163152828159
2018-08-10,1,0.161124983841,0.325976344859,0.258076692546,0.188055969071
2018-08-10,20,0.191266828784,0.462851297825,0.258076692546,0.188055969071
2018-08-13,1,0.405632695541,0.318039392158,0.252259590024,0.195583142812
2018-08-13,20,0.190177722721,0.458822086003,0.252259590024,0.195583142812
2018-08-14,1,0.582353444125,0.35688213405,0.261461976355,0.208000896228
2018-08-14,20,0.169959672701,0.47854069095,0.261461976355,0.208000896228
2018-08-15,1,0.622239288282,0.417827076699,0.280715464421,0.234789693496
2018-08-15,20,0.154719767732,0.509479527631,0.280715464421,0.234789693496
2018-08-16,1,0.110065120613,0.470056343866,0.301206893853,0.258057583246
2018-08-16,20,0.12364573799,0.535993832125,0.301206893853,0.258057583246
2018-08-17,1,0.0588098828089,0.414944465507,0.289738387458,0.263110635786
2018-08-17,20,0.133740219689,0.508016163601,0.289738387458,0.263110635786
2018-08-20,1,0.0427000877252,0.364937974746,0.275882677179,0.264365016599
2018-08-20,20,0.145135879215,0.482630256528,0.275882677179,0.264365016599
2018-08-21,1,0.00158587972557,0.325120445004,0.261891721812,0.255125865783
2018-08-21,20,0.143785237966,0.462416798346,0.261891721812,0.255125865783
2018-08-22,1,0.0286521271874,0.288245117679,0.246273371287,0.214159417937
2018-08-22,20,0.174204104767,0.443696955811,0.246273371287,0.214159417937
2018-08-23,1,0.381887653597,0.266002388565,0.233216096641,0.210980635143
2018-08-23,20,0.172839431733,0.432405384543,0.233216096641,0.210980635143
2018-08-24,1,0.583870420039,0.314171692722,0.242136390058,0.208401578508
2018-08-24,20,0.15994687657,0.456858639719,0.242136390058,0.208401578508
2018-08-27,1,0.000724912963356,0.38661146177,0.262640431857,0.220944094847
2018-08-27,20,0.131606106301,0.493632850775,0.262640431857,0.220944094847
2018-08-28,1,0.323219819305,0.333428668127,0.246925500723,0.209108069212
2018-08-28,20,0.136997383648,0.466634486428,0.246925500723,0.209108069212
2018-08-29,1,0.197151277844,0.353164774803,0.251503159838,0.224727330989
2018-08-29,20,0.12464374721,0.4766535652,0.251503159838,0.224727330989
2018-08-30,1,0.000180817686948,0.344672491507,0.248242046919,0.222509478973
2018-08-30,20,0.114786206918,0.472342438558,0.248242046919,0.222509478973
2018-08-31,1,0.0274131616069,0.302405147713,0.233358373165,0.211784173505
2018-08-31,20,0.121381933326,0.450885326783,0.233358373165,0.211784173505
2018-09-04,1,0.078796015703,0.276216930538,0.221001660471,0.206917380863
2018-09-04,20,0.12008998803,0.437590819661,0.221001660471,0.206917380863
2018-09-05,1,0.13388215406,0.26629942181,0.212469321785,0.206880412702
2018-09-05,20,0.11640313743,0.432556174135,0.212469321785,0.206880412702
2018-09-06,1,0.0490976031155,0.269056207341,0.207754091722,0.213540089748
2018-09-06,20,0.143353924786,0.433955662487,0.207754091722,0.213540089748
2018-09-07,1,0.0359492299095,0.25160313391,0.198234702405,0.214954257084
2018-09-07,20,0.156263212922,0.423122505982,0.198234702405,0.214954257084
2018-09-10,1,0.139342862574,0.239155479072,0.188497574056,0.191266828784
2018-09-10,20,0.154543840856,0.416790026925,0.188497574056,0.191266828784
2018-09-11,1,0.0012716951522,0.249305543599,0.185548291367,0.190177722721
2018-09-11,20,0.148583350286,0.421953655889,0.185548291367,0.190177722721
2018-09-12,1,0.277555344753,0.231000995649,0.174491695594,0.169959672701
2018-09-12,20,0.706847293851,0.41264160731,0.174491695594,0.169959672701
2018-09-13,1,0.000758693424835,0.269101034455,0.180675514543,0.154719767732
2018-09-13,20,0.909031267171,0.432024189888,0.180675514543,0.154719767732
2018-09-14,1,0.311954754606,0.245433487227,0.169880505276,0.12364573799
2018-09-14,20,1.0084862712,0.419983829748,0.169880505276,0.12364573799
2018-09-17,1,0.28672307333,0.28610960928,0.178404960236,0.133740219689
2018-09-17,20,1.01042643171,0.440676939765,0.178404960236,0.133740219689
2018-09-18,1,0.0156872627322,0.311256011196,0.184904047022,0.145135879215
2018-09-18,20,1.22225053271,0.453469635704,0.184904047022,0.145135879215
2018-09-19,1,0.609963215749,0.279156158662,0.174751039964,0.143785237966
2018-09-19,20,1.22149809677,0.437139519987,0.174751039964,0.143785237966
2018-09-20,1,0.00135866650762,0.36644536616,0.200863770511,0.174204104767
2018-09-20,20,1.29607405548,0.481546043591,0.200863770511,0.174204104767
2018-09-21,1,0.124036550338,0.316987724643,0.188893464271,0.172839431733
2018-09-21,20,1.29607136757,0.456385522739,0.188893464271,0.172839431733
2018-09-24,1,0.0170550146663,0.30357266536,0.185002049435,0.15994687657
2018-09-24,20,1.29915240626,0.449560897292,0.185002049435,0.15994687657
2018-09-25,1,0.108550459892,0.273772367665,0.174925227349,0.131606106301
2018-09-25,20,1.31357394108,0.434400631082,0.174925227349,0.131606106301
2018-09-26,1,0.0761470905577,0.26896777446,0.170942741302,0.136997383648
2018-09-26,20,1.79958192893,0.431956396706,0.170942741302,0.136997383648
2018-09-27,1,4.71988802454e-07,0.259397557815,0.165255002257,0.12464374721
2018-09-27,20,1.96604442802,0.427087752993,0.165255002257,0.12464374721
2018-09-28,1,0.132095345853,0.238170546174,0.155339730441,0.114786206918
2018-09-28,20,2.11880453721,0.416288963309,0.155339730441,0.114786206918
2018-10-01,1,0.00157425568164,0.247230839998,0.153945067366,0.121381933326
2018-10-01,20,2.13385592123,0.420898194657,0.153945067366,0.121381933326
2018-10-02,1,0.00505900370761,0.229534777808,0.144802818665,0.12008998803
2018-10-02,20,2.25460574159,0.411895700238,0.144802818665,0.12008998803
2018-10-03,1,0.672897901181,0.217197392434,0.136418189767,0.11640313743
2018-10-03,20,2.31259590731,0.40561931842,0.136418189767,0.11640313743
2018-10-04,1,0.307283365841,0.332711921076,0.168606972452,0.143353924786
2018-10-04,20,2.3341022535,0.464384872487,0.168606972452,0.143353924786
2018-10-05,1,0.00156178857521,0.343672479324,0.176927556055,0.156263212922
2018-10-05,20,2.33881510207,0.462973603878,0.176927556055,0.156263212922
2018-10-08,1,0.0201330511746,0.299827791163,0.166405610006,0.154543840856
2018-10-08,20,2.35433141449,0.440261876274,0.166405610006,0.154543840856
2018-10-09,1,11.1665505665,0.270848590807,0.157629256477,0.148583350286
2018-10-09,20,2.37279223748,0.425250532089,0.157629256477,0.148583350286
2018-10-10,1,4.32123481114,2.30009950302,0.818164535076,0.706847293851
2018-10-10,20,2.03469344241,1.47641079554,0.818164535076,0.706847293851
2018-10-11,1,1.98985877397,2.54009969405,1.02834875164,0.909031267171
2018-10-11,20,1.82178694716,1.60073187506,1.02834875164,0.909031267171
2018-10-12,1,0.350757964908,2.28851533506,1.08603935298,1.0084862712
2018-10-12,20,1.76499746358,1.4704101492,1.08603935298,1.0084862712
2018-10-15,1,4.52320509322,1.80107164183,1.0419224697,1.01042643171
2018-10-15,20,1.94542777165,1.21791232456,1.0419224697,1.01042643171
2018-10-16,1,0.000638543903837,2.2085367765,1.25079942711,1.22225053271
2018-10-16,20,1.7203671894,1.4289809291,1.25079942711,1.22225053271
2018-10-17,1,2.10148239001,1.67756404493,1.17578977411,1.22149809677
2018-10-17,20,1.74918630449,1.15393488475,1.17578977411,1.22149809677
2018-10-18,1,0.00130490822961,1.67174318893,1.23133133107,1.29607405548
2018-10-18,20,1.69963725203,1.15091965756,1.23133133107,1.29607405548
2018-10-19,1,0.185657324187,1.28106198198,1.1575297457,1.29607136757
2018-10-19,20,1.70203806631,0.94854519615,1.1575297457,1.29607136757
2018-10-22,1,0.305485711074,1.02631271181,1.09921740041,1.29915240626
2018-10-22,20,1.83359245063,0.816584033374,1.09921740041,1.29915240626
2018-10-23,1,9.82871021692,0.860129666433,1.05159349905,1.31357394108
2018-10-23,20,1.98609264568,0.730500536892,1.05159349905,1.31357394108
2018-10-24,1,3.40539707239,2.4893767023,1.57822050212,1.79958192893
2018-10-24,20,1.49927389042,1.57445715809,1.57822050212,1.79958192893
2018-10-25,1,3.05520265574,2.51146102553,1.68785109634,1.96604442802
2018-10-25,20,1.35062868492,1.58589692776,1.68785109634,1.96604442802
2018-10-26,1,0.433123026245,2.46335158939,1.7698921899,2.11880453721
2018-10-26,20,1.31664846434,1.56097604327,1.7698921899,2.11880453721
2018-10-29,1,2.416570663,1.94540731942,1.68968604008,2.13385592123
2018-10-29,20,1.30029433259,1.29267879526,1.68968604008,2.13385592123
2018-10-30,1,1.16486231811,1.92761492309,1.73329911746,2.25460574159
2018-10-30,20,1.43742986274,1.28346226127,1.73329911746,2.25460574159
2018-10-31,1,1.10302482483,1.68418538777,1.6991929095,2.31259590731
2018-10-31,20,1.38157494004,1.15736476739,1.6991929095,2.31259590731
2018-11-01,1,0.401540337398,1.49294424501,1.66342282442,2.3341022535
2018-11-01,20,1.35953354022,1.05830107409,1.66342282442,2.3341022535
2018-11-02,1,0.311888036915,1.24654065395,1.58770987519,2.33881510207
2018-11-02,20,1.39866550487,0.953454524954,1.58770987519,2.33881510207
2018-11-05,1,0.389349510952,1.03371387065,1.5111605649,2.35433141449
2018-11-05,20,1.92428363184,0.842501674977,1.5111605649,2.35433141449
2018-11-06,1,4.40457466515,0.888716510645,1.44385190166,2.37279223748
2018-11-06,20,1.90597651166,0.766910294597,1.44385190166,2.37279223748
2018-11-07,1,0.0631049060289,1.49415393957,1.62149526747,2.03469344241
2018-11-07,20,1.96414130189,1.0825425998,1.62149526747,2.03469344241
2018-11-08,1,0.854069102314,1.17421321354,1.52799184578,1.82178694716
2018-11-08,20,1.96253591844,0.915748106993,1.52799184578,1.82178694716
2018-11-09,1,3.9593641264,1.07611782406,1.48755648118,1.76499746358
2018-11-09,20,1.91989597725,0.86460810072,1.48755648118,1.76499746358
2018-11-12,1,0.0219934482692,1.55482658153,1.63586493989,1.94542777165
2018-11-12,20,1.73653408625,1.11417302919,1.63586493989,1.94542777165
2018-11-13,1,0.577020845654,1.21216718204,1.53903265039,1.7203671894
2018-11-13,20,1.7354544039,0.935534624966,1.53903265039,1.7203671894
2018-11-14,1,1.11050134085,1.05519250232,1.48131194211,1.74918630449
2018-11-14,20,1.89229317277,0.853699116206,1.48131194211,1.74918630449
2018-11-15,1,0.0493211936778,1.03290516332,1.45906330603,1.69963725203
2018-11-15,20,2.05710611689,0.842080072104,1.45906330603,1.69963725203
2018-11-16,1,2.81674501063,0.827682004698,1.37447877929,1.70203806631
2018-11-16,20,2.05464378942,0.735091214889,1.37447877929,1.70203806631
2018-11-19,1,3.35548961212,1.16642792917,1.46101475317,1.83359245063
2018-11-19,20,2.03417127561,0.911689409701,1.46101475317,1.83359245063
2018-11-20,1,0.092335111802,1.51487289025,1.57468324471,1.98609264568
2018-11-20,20,1.9927669682,1.09334399702,1.57468324471,1.98609264568
2018-11-21,1,0.432492962261,1.19486401026,1.48574235673,1.49927389042
2018-11-21,20,2.20453512384,0.926513973554,1.48574235673,1.49927389042
2018-11-23,1,2.3755982441,1.01659862562,1.42254739307,1.35062868492
2018-11-23,20,2.56066632003,0.833578995301,1.42254739307,1.35062868492
2018-11-26,1,0.1060403913,1.2289531877,1.47973044413,1.31664846434
2018-11-26,20,3.61332021214,0.944285662496,1.47973044413,1.31664846434
2018-11-27,1,5.15928126601,0.984009916707,1.39730904096,1.30029433259
2018-11-27,20,3.64436648279,0.816589544655,1.39730904096,1.30029433259
2018-11-28,1,0.0477638640799,1.69937029302,1.62302737446,1.43742986274
2018-11-28,20,3.38717414111,1.18952790928,1.62302737446,1.43742986274
2018-11-29,1,0.662196828404,1.32457365725,1.52851156384,1.38157494004
2018-11-29,20,3.42054320839,0.994135420347,1.52851156384,1.38157494004
2018-11-30,1,1.18417963053,1.15418310246,1.47653267971,1.35953354022
2018-11-30,20,3.38823688982,0.905305822071,1.47653267971,1.35953354022
2018-12-03,1,10.8242505763,1.14528677343,1.45899149676,1.39866550487
2018-12-03,20,3.64323853839,0.928222853311,1.45899149676,1.39866550487
2018-12-04,1,0.0232071073699,2.78679145863,2.02090704153,1.92428363184
2018-12-04,20,3.67187452203,1.83691753009,2.02090704153,1.92428363184
2018-12-06,1,5.56787046968,2.16296078503,1.90104504548,1.90597651166
2018-12-06,20,3.69511609697,1.49158095115,1.90104504548,1.90597651166
2018-12-07,1,0.0309972370851,2.64918628058,2.12105457093,1.96414130189
2018-12-07,20,3.46327019228,1.7607428509,2.12105457093,1.96414130189
2018-12-10,1,0.00127027856638,2.05993260314,1.9956511309,1.96253591844
2018-12-10,20,3.47008303623,1.43454720565,1.9956511309,1.96253591844
2018-12-11,1,0.292126306385,1.60782875789,1.87598827976,1.91989597725
2018-12-11,20,3.48018164245,1.18427417187,1.87598827976,1.91989597725
2018-12-12,1,0.000399801274383,1.31522727805,1.78095656136,1.73653408625
2018-12-12,20,3.46558603022,1.02229753571,1.78095656136,1.73653408625
2018-12-13,1,3.71379622305,1.04280503126,1.67412315575,1.7354544039
2018-12-13,20,3.4794598406,0.871491602764,1.67412315575,1.7354544039
2018-12-14,1,4.40676022325,1.47870982637,1.79650353979,1.89229317277
2018-12-14,20,3.35063707738,1.11279725999,1.79650353979,1.89229317277
2018-12-17,1,7.46441634962e-05,1.92925790956,1.9531189408,2.05710611689
2018-12-17,20,3.1327622019,1.362209064,1.9531189408,2.05710611689
2018-12-18,1,2.4072947344,1.50850264101,1.835936283,2.05464378942
2018-12-18,20,3.16135591756,1.12928979413,1.835936283,2.05464378942
2018-12-19,1,2.52740346393,1.60588167614,1.87021779009,2.03417127561
2018-12-19,20,3.12675574381,1.18319631761,1.87021779009,2.03417127561
2018-12-20,1,4.32769822477,1.70052836213,1.90964893052,1.9927669682
2018-12-20,20,3.10203765134,1.23559028304,1.90964893052,1.9927669682
2018-12-21,1,7.55511688596,2.08383109376,2.05473188817,2.20453512384
2018-12-21,20,2.88807381805,1.44777679397,2.05473188817,2.20453512384
2018-12-24,1,23.4286760863,2.93302524817,2.38475498804,2.56066632003
2018-12-24,20,2.51126298392,1.91786878617,2.38475498804,2.56066632003
2018-12-26,1,0.726965804285,6.32381369917,3.64739025394,3.61332021214
2018-12-26,20,1.37555466579,3.79492186027,3.64739025394,3.61332021214
2018-12-27,1,0.0154344323824,4.96763307661,3.47216478696,3.64436648279
2018-12-27,20,1.37023605173,3.0441752291,3.47216478696,3.64436648279
2018-12-28,1,0.715145209728,3.81582555606,3.26476096568,3.38717414111
2018-12-28,20,1.37052620332,2.40656427859,3.26476096568,3.38717414111
2018-12-31,1,0.0160704570111,3.06323117193,3.11178402033,3.42054320839
2018-12-31,20,1.45380537354,1.98994742894,3.11178402033,3.42054320839
2019-01-02,1,6.28421260184,2.37141066736,2.92604120653,3.38823688982
2019-01-02,20,1.48964420471,1.6069734323,2.92604120653,3.38823688982
2019-01-03,1,11.3969702492,3.08713628797,3.12753149025,3.64323853839
2019-01-03,20,1.17583696215,2.15043962838,3.12753149025,3.64323853839
2019-01-04,1,0.488038606059,4.47504033928,3.62369781578,3.67187452203
2019-01-04,20,0.628792527956,2.98416854992,3.62369781578,3.67187452203
2019-01-07,1,0.930952375906,3.52688047555,3.4355582632,3.69511609697
2019-01-07,20,0.615423242166,2.41459870114,3.4355582632,3.69511609697
2019-01-08,1,0.167254116104,2.88894035343,3.28528190996,3.46327019228
2019-01-08,20,0.571355200177,2.03138119448,3.28528190996,3.46327019228
2019-01-09,1,0.203242402903,2.26498836976,3.09820024233,3.47008303623
2019-01-09,20,0.607183711185,1.65656651335,3.09820024233,3.47008303623
2019-01-10,1,0.000214061901888,1.79832246164,2.92450277196,3.48018164245
2019-01-10,20,0.597250060495,1.37623527292,2.92450277196,3.48018164245
2019-01-11,1,0.277876008943,1.40711813014,2.74904544936,3.46558603022
2019-01-11,20,0.59749059284,1.14123461484,2.74904544936,3.46558603022
2019-01-14,1,1.1373409585,1.16131806726,2.60077528293,3.4794598406
2019-01-14,20,0.665617340383,0.993579867997,2.60077528293,3.4794598406
2019-01-15,1,0.04926271379,1.13251950286,2.51296922347,3.35063707738
2019-01-15,20,0.613308776033,0.976280259994,2.51296922347,3.35063707738
2019-01-16,1,0.571948957353,0.911103804349,2.36514683289,3.1327622019
2019-01-16,20,0.61437058664,0.843273463625,2.36514683289,3.1327622019
2019-01-17,1,1.71529125935,0.839029815829,2.25755496036,3.16135591756
2019-01-17,20,0.644309389247,0.799977841954,2.25755496036,3.16135591756
2019-01-18,1,2.03304161453,0.99407018013,2.2250191383,3.12675574381
2019-01-18,20,0.559666261099,0.893112259713,2.2250191383,3.12675574381
2019-01-22,1,0.0484215588556,1.1699489058,2.21350048687,3.10203765134
2019-01-22,20,0.459590440085,0.998764505726,2.21350048687,3.10203765134
2019-01-23,1,0.0189002035351,0.93933967587,2.08359575119,2.88807381805
2019-01-23,20,0.463409238425,0.860235055955,2.08359575119,2.88807381805
2019-01-24,1,0.714509723623,0.759008156026,1.95971401833,2.51126298392
2019-01-24,20,0.482884359711,0.75190796849,1.95971401833,2.51126298392
2019-01-25,1,0.620593523227,0.749813528789,1.88500176065,1.37555466579
2019-01-25,20,0.447916682613,0.746384656815,1.88500176065,1.37555466579
2019-01-28,1,0.0212374641769,0.725613590174,1.8091372664,1.37023605173
2019-01-28,20,0.41719966479,0.731847492878,1.8091372664,1.37023605173
2019-01-29,1,2.38072861405,0.597325890301,1.70186327827,1.37052620332
2019-01-29,20,0.416285867006,0.654783688964,1.70186327827,1.37052620332
2019-01-30,1,0.73284708044,0.932790575291,1.74259519842,1.45380537354
2019-01-30,20,0.301252492929,0.856300940655,1.74259519842,1.45380537354
2019-01-31,1,0.00806775069041,0.884990651172,1.68201031134,1.48964420471
2019-01-31,20,0.288219971043,0.827587011081,1.68201031134,1.48964420471
2019-02-01,1,0.456081565178,0.707333484325,1.5815737577,1.17583696215
2019-02-01,20,0.295375273067,0.708576068315,1.5815737577,1.17583696215
2019-02-04,1,0.220652890258,0.661759818837,1.51404422615,0.628792527956
2019-02-04,20,0.273212103214,0.681821449441,1.51404422615,0.628792527956
2019-02-05,1,0.0495915361289,0.584388720299,1.43644074599,0.615423242166
2019-02-05,20,0.283601071052,0.636399729879,1.43644074599,0.615423242166
2019-02-06,1,0.88382433626,0.494671827745,1.3532297934,0.571355200177
2019-02-06,20,0.314405409727,0.583730249794,1.3532297934,0.571355200177
2019-02-07,1,0.00456938910014,0.578690759075,1.32506546597,0.607183711185
2019-02-07,20,0.272491094372,0.633054666907,1.32506546597,0.607183711185
2019-02-08,1,0.00502470879764,0.482159647527,1.24583570136,0.597250060495
2019-02-08,20,0.378252662829,0.576384810067,1.24583570136,0.597250060495
2019-02-11,1,1.64041095981,0.409176149718,1.17138704181,0.59749059284
2019-02-11,20,0.38234962682,0.533538889138,1.17138704181,0.59749059284
2019-02-12,1,0.0911696714904,0.651764169143,1.19952847689,0.665617340383
2019-02-12,20,0.324310677772,0.675953372009,1.19952847689,0.665617340383
2019-02-13,1,0.0704989259408,0.553241778222,1.13302694856,0.613308776033
2019-02-13,20,0.320129252897,0.61811450846,1.13302694856,0.613308776033
2019-02-14,1,1.17072500949,0.474903635131,1.06927526721,0.61437058664
2019-02-14,20,0.328967281233,0.572125072692,1.06927526721,0.61437058664
2019-02-15,1,0.0224286963789,0.615977135593,1.07536225174,0.644309389247
2019-02-15,20,0.277272689323,0.654944123949,1.07536225174,0.644309389247
2019-02-19,1,0.0315251942538,0.513634960273,1.01218623842,0.559666261099
2019-02-19,20,0.276159778777,0.5948628058,1.01218623842,0.559666261099
2019-02-20,1,0.124797525658,0.43782664744,0.953346575771,0.459590440085
2019-02-20,20,0.278930925298,0.550358540111,0.953346575771,0.459590440085
2019-02-21,1,0.408402629263,0.397432175478,0.903633632765,0.463409238425
2019-02-21,20,0.330946434265,0.526644434819,0.903633632765,0.463409238425
2019-02-22,1,0.0151561816622,0.418505911909,0.873919772554,0.482884359711
2019-02-22,20,0.494018315728,0.539016048566,0.873919772554,0.482884359711
2019-02-25,1,0.0062531667547,0.362840412747,0.822393957101,0.447916682613
2019-02-25,20,0.493612780022,0.506336886191,0.822393957101,0.447916682613
2019-02-26,1,0.00296150849693,0.319084645613,0.77342550968,0.41719966479
2019-02-26,20,0.518911825134,0.480649488421,0.77342550968,0.41719966479
2019-02-27,1,0.0800611325247,0.285365524374,0.727197669609,0.416285867006
2019-02-27,20,0.529598929172,0.460854235443,0.727197669609,0.416285867006
2019-02-28,1,0.472196642728,0.27388392635,0.688369477384,0.301252492929
2019-02-28,20,0.532015013092,0.454113812527,0.688369477384,0.301252492929
2019-03-01,1,0.151173791168,0.336607595878,0.675399107305,0.288219971043
2019-03-01,20,0.530928679961,0.490936566515,0.675399107305,0.288219971043
2019-03-04,1,0.012818168108,0.323982095186,0.643945588337,0.295375273067
2019-03-04,20,0.58952024127,0.479821431519,0.643945588337,0.295375273067
2019-03-05,1,0.428432247024,0.290654320136,0.606077943123,0.273212103214
2019-03-05,20,0.588879485213,0.460167644883,0.606077943123,0.273212103214
2019-03-06,1,0.665678309635,0.340522148956,0.595419201357,0.283601071052
2019-03-06,20,0.569760686278,0.489575298595,0.595419201357,0.283601071052
2019-03-07,1,0.0455380291425,0.421261971255,0.599634747854,0.314405409727
2019-03-07,20,0.53864510154,0.537188535248,0.599634747854,0.314405409727
2019-03-08,1,2.11980075824,0.370384352819,0.566388944731,0.272491094372
2019-03-08,20,0.547066831848,0.507185396549,0.566388944731,0.272491094372
2019-03-11,1,0.0869639886372,0.70687136781,0.659593653541,0.378252662829
2019-03-11,20,0.441624806042,0.705615804483,0.659593653541,0.378252662829
2019-03-12,1,0.479631978839,0.594587912301,0.625235873647,0.38234962682
2019-03-12,20,0.455796161198,0.639400910926,0.625235873647,0.38234962682
2019-03-13,1,0.00754117399085,0.580397000961,0.616499639959,0.324310677772
2019-03-13,20,0.437841390953,0.631032361173,0.616499639959,0.324310677772
2019-03-14,1,0.247259492672,0.48426055981,0.579962132001,0.320129252897
2019-03-14,20,0.43746505891,0.574339554661,0.579962132001,0.320129252897
2019-03-15,1,0.136833171274,0.454663471836,0.559999973641,0.328967281233
2019-03-15,20,0.446800178795,0.55688579871,0.559999973641,0.328967281233
2019-03-18,1,0.000170485457651,0.412237495877,0.534609965499,0.277272689323
2019-03-18,20,0.440156697689,0.531866694431,0.534609965499,0.277272689323
2019-03-19,1,0.0869481246897,0.355332962486,0.502543596696,0.276159778777
2019-03-19,20,0.44027783016,0.498309412066,0.502543596696,0.276159778777
2019-03-20,1,1.16510770499,0.327847497746,0.477607868376,0.278930925298
2019-03-20,20,0.438521424274,0.482100905534,0.477607868376,0.278930925298
2019-03-21,1,3.66984025852,0.501957243842,0.518857858573,0.330946434265
2019-03-21,20,0.381510839324,0.584775500403,0.518857858573,0.330946434265
2019-03-22,1,0.00704546753284,1.08700080038,0.70791680257,0.494018315728
2019-03-22,20,0.198530398407,0.929782666833,0.70791680257,0.494018315728
2019-03-25,1,0.512234068994,0.868567766373,0.665864522468,0.493612780022
2019-03-25,20,0.236918818134,0.800970100188,0.665864522468,0.493612780022
2019-03-26,1,0.216703589257,0.794180756307,0.656646695259,0.518911825134
2019-03-26,20,0.213714302614,0.757103192715,0.656646695259,0.518911825134
2019-03-27,1,0.128382810924,0.684296818198,0.630250108899,0.529598929172
2019-03-27,20,0.202947219054,0.692303323202,0.630250108899,0.529598929172
2019-03-28,1,0.450469980125,0.584948790773,0.600138071021,0.532015013092
2019-03-28,20,0.20745285398,0.633716605941,0.600138071021,0.532015013092
2019-03-29,1,1.32300501735,0.567809703305,0.591157985567,0.530928679961
2019-03-29,20,0.185502820324,0.623609481545,0.591157985567,0.530928679961
2019-04-01,1,3.04696396346e-06,0.716388167682,0.635068807474,0.58952024127
2019-04-01,20,0.119804736386,0.717252583402,0.635068807474,0.58952024127
2019-04-02,1,0.046056268323,0.586203320923,0.596964861843,0.588879485213
2019-04-02,20,0.148158391389,0.64009436029,0.596964861843,0.588879485213
2019-04-03,1,0.0433666148817,0.495857137914,0.563910346232,0.569760686278
2019-04-03,20,0.148116036126,0.586547798463,0.563910346232,0.569760686278
2019-04-04,1,0.213972635288,0.426855478247,0.532677722351,0.53864510154
2019-04-04,20,0.191952160168,0.545651752692,0.532677722351,0.53864510154
2019-04-05,1,0.0109602421333,0.405562835551,0.513555417127,0.547066831848
2019-04-05,20,0.191293268004,0.533031985363,0.513555417127,0.547066831848
2019-04-08,1,0.370391091752,0.352487639071,0.483399706627,0.441624806042
2019-04-08,20,0.329347982709,0.501575268597,0.483399706627,0.441624806042
2019-04-09,1,0.120536573935,0.377620104652,0.476619189735,0.455796161198
2019-04-09,20,0.312119195292,0.516470830062,0.476619189735,0.455796161198
2019-04-10,1,1.45331283385e-05,0.351229893275,0.455254232787,0.437841390953
2019-04-10,20,0.310670700547,0.500829825228,0.455254232787,0.437841390953
2019-04-11,1,0.433961890384,0.309294183759,0.427939850807,0.43746505891
2019-04-11,20,0.31756462165,0.47597528254,0.427939850807,0.43746505891
2019-04-12,1,0.00396354915178,0.356428760119,0.428301173182,0.446800178795
2019-04-12,20,0.594192724418,0.503911100338,0.428301173182,0.446800178795
2019-04-15,1,0.00259313487142,0.313954983959,0.40284091574,0.440156697689
2019-04-15,20,0.625866575346,0.478737655202,0.40284091574,0.440156697689
2019-04-16,1,0.051820006967,0.28149647707,0.378826048888,0.44027783016
2019-04-16,20,0.642684727578,0.459500080486,0.378826048888,0.44027783016
2019-04-17,1,0.0248960060079,0.265836603225,0.359205686373,0.438521424274
2019-04-17,20,0.679307715454,0.450218754201,0.359205686373,0.438521424274
2019-04-18,1,0.0102314401765,0.249063696829,0.339147105551,0.381510839324
2019-04-18,20,0.695200132466,0.440277753492,0.339147105551,0.381510839324
2019-04-22,1,0.77481386208,0.233676754464,0.319412165628,0.198530398407
2019-04-22,20,0.7176202995,0.431158188799,0.319412165628,0.198530398407
2019-04-23,1,0.0481437585851,0.361087198055,0.346736267416,0.236918818134
2019-04-23,20,0.714664975726,0.506672072928,0.346736267416,0.236918818134
2019-04-24,1,0.00136191806063,0.325524082747,0.328820716886,0.213714302614
2019-04-24,20,0.716257689479,0.4855944525,0.328820716886,0.213714302614
2019-04-25,1,0.21849550945,0.290045735136,0.309173188956,0.202947219054
2019-04-25,20,0.788018002827,0.464567072365,0.309173188956,0.202947219054
2019-04-26,1,0.0114693069874,0.302638339783,0.303732528186,0.20745285398
2019-04-26,20,0.778008049941,0.472030483223,0.303732528186,0.20745285398
2019-04-29,1,0.00904333858332,0.274529293926,0.286196734914,0.185502820324
2019-04-29,20,0.812806624546,0.45537075603,0.286196734914,0.185502820324
2019-04-30,1,0.567076147039,0.250005796048,0.269567531134,0.119804736386
2019-04-30,20,0.836407882541,0.432443500119,0.269567531134,0.119804736386
2019-05-01,1,0.045209163062,0.33343674617,0.287418048088,0.148158391389
2019-05-01,20,0.810251254753,0.482031769235,0.287418048088,0.148158391389
2019-05-02,1,0.92008909572,0.30364908508,0.272885514987,0.148116036126
2019-05-02,20,0.896212567462,0.464327085873,0.272885514987,0.148116036126
2019-05-03,1,0.200794792006,0.43743741222,0.311717729831,0.191952160168
2019-05-03,20,0.854041988821,0.543845916248,0.311717729831,0.191952160168
2019-05-06,1,2.77205453623,0.410697261343,0.305062353561,0.191293268004
2019-05-06,20,1.0688479209,0.527952560174,0.305062353561,0.191293268004
2019-05-07,1,0.0258153434257,0.850216618091,0.453081884521,0.329347982709
2019-05-07,20,0.963283295241,0.789186599965,0.453081884521,0.329347982709
2019-05-08,1,0.0915666790204,0.69382782887,0.427445892055,0.312119195292
2019-05-08,20,0.980700397997,0.696234891333,0.427445892055,0.312119195292
2019-05-09,1,0.137892955187,0.586461669982,0.407293139273,0.310670700547
2019-05-09,20,1.03064997183,0.632420419929,0.407293139273,0.310670700547
2019-05-10,1,5.96652394575,0.512963278414,0.391129128228,0.31756462165
2019-05-10,20,1.03456294772,0.58873569603,0.391129128228,0.31756462165
2019-05-13,1,0.63744056771,1.49946952644,0.725652817279,0.594192724418
2019-05-13,20,0.736297979942,1.17507850095,0.725652817279,0.594192724418
2019-05-14,1,0.338956179519,1.29777771006,0.720360082305,0.625866575346
2019-05-14,20,0.706506053583,1.05520034956,0.720360082305,0.625866575346
2019-05-15,1,0.784279764494,1.09075665117,0.697475848138,0.642684727578
2019-05-15,20,0.697918248053,0.932154693654,0.697475848138,0.642684727578
2019-05-16,1,0.342744346248,1.01271150931,0.702684083119,0.679307715454
2019-05-16,20,0.660004840757,0.885767549646,0.702684083119,0.679307715454
2019-05-17,1,0.458634780853,0.874290309253,0.681087698907,0.695200132466
2019-05-17,20,0.643301297662,0.803495111065,0.681087698907,0.695200132466
2019-05-20,1,0.715707386592,0.789578363585,0.667740523824,0.7176202995
2019-05-20,20,0.667128743103,0.753145465605,0.667740523824,0.7176202995
2019-05-21,1,0.0799980336432,0.771029884331,0.67061853559,0.714664975726
2019-05-21,20,0.635785710074,0.742120935984,0.67061853559,0.714664975726
2019-05-22,1,1.43656818502,0.643199766655,0.635181305473,0.716257689479
2019-05-22,20,0.676225679576,0.666143444811,0.635181305473,0.716257689479
2019-05-23,1,0.0182964517406,0.78845980986,0.683264518246,0.788018002827
2019-05-23,20,0.605191090838,0.752480638667,0.683264518246,0.788018002827
2019-05-24,1,0.707440799073,0.645440920009,0.643366434256,0.778008049941
2019-05-24,20,0.605778586028,0.667475503423,0.643366434256,0.778008049941
2019-05-28,1,0.48106849848,0.659757326183,0.647210896145,0.812806624546
2019-05-28,20,0.61592928726,0.675984645428,0.647210896145,0.812806624546
2019-05-29,1,0.0439435912806,0.637871684592,0.637242352285,0.836407882541
2019-05-29,20,0.592638099046,0.675228245868,0.637242352285,0.836407882541
2019-05-30,1,1.76443541725,0.536633953219,0.601644426625,0.810251254753
2019-05-30,20,0.597721411673,0.614239575415,0.601644426625,0.810251254753
2019-05-31,1,0.076677522886,0.768400190315,0.671411886062,0.896212567462
2019-05-31,20,0.525978847419,0.753862564439,0.671411886062,0.896212567462
2019-06-03,1,4.49691343367,0.64206460434,0.635727824272,0.854041988821
2019-06-03,20,0.551352838018,0.677754187503,0.635727824272,0.854041988821
2019-06-04,1,0.660762022967,1.33952914816,0.867398960836,1.0688479209
2019-06-04,20,0.330781607784,1.09792791758,0.867398960836,1.0688479209
2019-06-05,1,0.374157398555,1.18254994744,0.855000744564,0.963283295241
2019-06-05,20,0.326951962275,1.00335890057,0.855000744564,0.963283295241
2019-06-06,1,1.09055815558,1.01135378489,0.826150143803,0.980700397997
2019-06-06,20,0.309877682298,0.900225155877,0.826150143803,0.980700397997
2019-06-07,1,0.216152473038,1.00944170663,0.84201462451,1.03064997183
2019-06-07,20,0.267097317614,0.899073262114,0.84201462451,1.03064997183
2019-06-10,1,0.00122459024011,0.85095114266,0.804462895422,1.03456294772
2019-06-10,20,0.257053286203,0.803593754182,0.804462895422,1.03456294772
2019-06-11,1,0.0416020405221,0.691474527391,0.756268597111,0.736297979942
2019-06-11,20,0.267119518053,0.707520219131,0.756268597111,0.736297979942
2019-06-12,1,0.167200068924,0.57709548974,0.713388603715,0.706506053583
2019-06-12,20,0.267644592098,0.63861482843,0.713388603715,0.706506053583
2019-06-13,1,0.0260116185747,0.512416211863,0.680617291628,0.697918248053
2019-06-13,20,0.269908491893,0.599650075763,0.680617291628,0.697918248053
2019-06-14,1,0.00867348434507,0.437730670453,0.641340951245,0.660004840757
2019-06-14,20,0.268623373231,0.554657247389,0.641340951245,0.660004840757
2019-06-17,1,0.935183689677,0.377655465895,0.603380903231,0.643301297662
2019-06-17,20,0.274002332433,0.5184661277,0.603380903231,0.643301297662
2019-06-18,1,0.0888467260022,0.498226615371,0.623289070418,0.667128743103
2019-06-18,20,0.248711860304,0.591101833793,0.623289070418,0.667128743103
2019-06-19,1,0.888797423688,0.438192881411,0.591222529753,0.635785710074
2019-06-19,20,0.250661973492,0.554935697245,0.591222529753,0.635785710074
2019-06-20,1,0.0158764102516,0.536067165677,0.609077023389,0.676225679576
2019-06-20,20,0.225416625438,0.613898125462,0.609077023389,0.676225679576
2019-06-21,1,0.0300463555535,0.453948727083,0.573484986601,0.605191090838
2019-06-21,20,0.228612274733,0.56442749508,0.573484986601,0.605191090838
2019-06-24,1,0.910454823712,0.393863022531,0.540878668738,0.605778586028
2019-06-24,20,0.250394435396,0.528230049877,0.540878668738,0.605778586028
2019-06-25,1,0.0152447341924,0.506146872251,0.563053238036,0.61592928726
2019-06-25,20,0.215809760518,0.595873236018,0.563053238036,0.61592928726
2019-06-26,1,0.14560984382,0.433930290648,0.530184727806,0.592638099046
2019-06-26,20,0.2289671761,0.557602961912,0.530184727806,0.592638099046
2019-06-27,1,0.32958413217,0.400058652478,0.507110234766,0.597721411673
2019-06-27,20,0.248775427325,0.537504545148,0.507110234766,0.597721411673
2019-06-28,1,0.584157334875,0.407499638261,0.496458668611,0.525978847419
2019-06-28,20,0.233604247565,0.541919803502,0.496458668611,0.525978847419
2019-07-01,1,0.085488828991,0.459072563346,0.501720588587,0.551352838018
2019-07-01,20,0.207729705052,0.572521634357,0.501720588587,0.551352838018
2019-07-02,1,0.584169112786,0.408322865779,0.476746683011,0.330781607784
2019-07-02,20,0.263354041215,0.542408282083,0.476746683011,0.330781607784
2019-07-03,1,0.0326717990061,0.459700347074,0.483192028797,0.326951962275
2019-07-03,20,0.275002114909,0.57289414244,0.483192028797,0.326951962275
2019-07-05,1,0.234950861901,0.399273306135,0.45616081501,0.309877682298
2019-07-05,20,0.30008210537,0.537038544123,0.45616081501,0.309877682298
2019-07-08,1,0.015271844833,0.389833636108,0.442888217823,0.267097317614
2019-07-08,20,0.745266519281,0.531437326333,0.442888217823,0.267097317614
2019-07-09,1,0.20254922724,0.343035607562,0.417231235444,0.257053286203
2019-07-09,20,0.828134480783,0.503668776235,0.417231235444,0.257053286203
2019-07-10,1,0.052103521422,0.341248219501,0.404350314952,0.267119518053
2019-07-10,20,0.818300843658,0.502608193633,0.404350314952,0.267119518053
2019-07-11,1,0.212478064817,0.312753692249,0.38321550734,0.267644592098
2019-07-11,20,0.988461136027,0.485700393623,0.38321550734,0.267644592098
2019-07-12,1,0.000309245337892,0.320024605866,0.372971260788,0.269908491893
2019-07-12,20,0.999872692184,0.490014736242,0.372971260788,0.269908491893
2019-07-15,1,0.116252668377,0.287281375796,0.350611539861,0.268623373231
2019-07-15,20,1.07666048212,0.470585883087,0.350611539861,0.268623373231
2019-07-16,1,0.429374247105,0.283309140006,0.336550007572,0.274002332433
2019-07-16,20,1.183623211,0.468228877205,0.336550007572,0.274002332433
2019-07-17,1,0.127848989754,0.336768378647,0.342119461944,0.248711860304
2019-07-17,20,1.60410142718,0.499949990092,0.342119461944,0.248711860304
2019-07-18,1,0.383890462606,0.323011292336,0.329263233613,0.250661973492
2019-07-18,20,1.60073782074,0.491786946641,0.329263233613,0.250661973492
2019-07-19,1,0.0797893961631,0.358738351286,0.332540867352,0.225416625438
2019-07-19,20,1.68411829531,0.512986314587,0.332540867352,0.225416625438
2019-07-22,1,0.465689568817,0.331040067962,0.317375779081,0.228612274733
2019-07-22,20,1.75252748258,0.496550981904,0.317375779081,0.228612274733
2019-07-23,1,0.218761326147,0.379594500376,0.326274606465,0.250394435396
2019-07-23,20,1.76081417304,0.525361729511,0.326274606465,0.250394435396
2019-07-24,1,0.27839304583,0.371957461552,0.319823809646,0.215809760518
2019-07-24,20,1.78360262333,0.520830139147,0.319823809646,0.215809760518
2019-07-25,1,0.541774868331,0.374698143158,0.317337963817,0.2289671761
2019-07-25,20,1.76981109176,0.519437303978,0.317337963817,0.2289671761
2019-07-26,1,0.0261605369665,0.42617598685,0.330804178088,0.248775427325
2019-07-26,20,2.08827498369,0.550010356117,0.330804178088,0.248775427325
2019-07-29,1,0.0666664846145,0.371853983175,0.312525559621,0.233604247565
2019-07-29,20,2.1466241527,0.517748137432,0.312525559621,0.233604247565
2019-07-30,1,1.19797555225,0.337943932529,0.29777401512,0.207729705052
2019-07-30,20,2.14843749286,0.497608720702,0.29777401512,0.207729705052
2019-07-31,1,0.817130586669,0.517147214834,0.351786107348,0.263354041215
2019-07-31,20,2.10982099185,0.604038805967,0.351786107348,0.263354041215
2019-08-01,1,0.534271608227,0.584226127499,0.379706776107,0.275002114909
2019-08-01,20,2.14843876926,0.643877442306,0.379706776107,0.275002114909
2019-08-02,1,9.13863914012,0.583917289357,0.388980666035,0.30008210537
2019-08-02,20,2.12193164387,0.643694021169,0.388980666035,0.30008210537
2019-08-05,1,1.67263107486,2.14248200454,0.91396017448,0.745266519281
2019-08-05,20,1.68896371597,1.56933652835,0.91396017448,0.745266519281
2019-08-06,1,0.00587648474638,1.97337520101,0.959480428502,0.828134480783
2019-08-06,20,1.66347652767,1.46890281259,0.959480428502,0.828134480783
2019-08-07,1,3.45530936881,1.54301208361,0.902264191877,0.818300843658
2019-08-07,20,1.74672231586,1.21330714106,0.902264191877,0.818300843658
2019-08-08,1,0.440709187939,1.84113708952,1.05544690249,0.988461136027
2019-08-08,20,1.57437107107,1.39036567142,1.05544690249,0.988461136027
2019-08-09,1,1.53606504402,1.52137579442,1.01856263962,0.999872692184
2019-08-09,20,1.55234003106,1.20045719728,1.01856263962,0.999872692184
2019-08-12,1,2.25550724605,1.477010593,1.04961278388,1.07666048212
2019-08-12,20,1.47558870217,1.17410839323,1.04961278388,1.07666048212
2019-08-13,1,8.83893857072,1.57365964555,1.12196645161,1.183623211
2019-08-13,20,1.38875978736,1.23150894289,1.12196645161,1.183623211
2019-08-14,1,0.0605768608447,2.83972695412,1.58498477876,1.60410142718
2019-08-14,20,0.950945718123,1.98343519038,1.58498477876,1.60410142718
2019-08-15,1,2.05149995406,2.21076759505,1.49352030369,1.60073782074
2019-08-15,20,0.948179453369,1.60989181912,1.49352030369,1.60073782074
2019-08-16,1,1.44797314164,2.09386370794,1.52699908271,1.68411829531
2019-08-16,20,0.850535866355,1.54046178127,1.52699908271,1.68411829531
2019-08-19,1,0.631423377869,1.89575806419,1.52225752624,1.75252748258
2019-08-19,20,0.781461347974,1.42280545107,1.52225752624,1.75252748258
2019-08-20,1,0.674530332095,1.59740156245,1.46880747734,1.76081417304
2019-08-20,20,0.749948877864,1.24560943372,1.46880747734,1.76081417304
2019-08-21,1,0.00256241435965,1.37866031111,1.42115084863,1.78360262333
2019-08-21,20,0.71622256075,1.11569747156,1.42115084863,1.78360262333
2019-08-22,1,6.91105270691,1.09611070942,1.33603554257,1.76981109176
2019-08-22,20,0.728136704519,0.990663774532,1.33603554257,1.76981109176
2019-08-23,1,1.1931439173,2.2227162359,1.67053657243,2.08827498369
2019-08-23,20,0.382588767916,1.6874464185,1.67053657243,2.08827498369
2019-08-26,1,0.102933287759,1.94415404844,1.64189301312,2.1466241527
2019-08-26,20,0.358649630771,1.51516136137,1.64189301312,2.1466241527
2019-08-27,1,0.425645531934,1.52141293266,1.5495554296,2.14843749286
2019-08-27,20,0.372350833818,1.25370456444,1.5495554296,2.14843749286
2019-08-28,1,1.58948613503,1.26805597487,1.48212083574,2.10982099185
2019-08-28,20,0.354025555525,1.0970084301,1.48212083574,2.10982099185
2019-08-29,1,0.00412910032964,1.30674153997,1.4885627537,2.14843876926
2019-08-29,20,0.288758548224,1.12093466666,1.4885627537,2.14843876926
2019-08-30,1,0.479280582207,1.02446782356,1.3994967345,2.12193164387
2019-08-30,20,0.301227253645,0.946354104235,1.3994967345,2.12193164387
2019-09-03,1,1.16288730881,0.906277169735,1.34428376536,1.68896371597
2019-09-03,20,0.353328568288,0.873255584542,1.34428376536,1.68896371597
2019-09-04,1,1.67079224861,0.951943322002,1.33339997797,1.66347652767
2019-09-04,20,0.458363617078,0.901499172532,1.33339997797,1.66347652767
2019-09-05,1,0.00828447300372,1.08587434145,1.3536435142,1.74672231586
2019-09-05,20,0.406348224599,0.984332788778,1.3536435142,1.74672231586
2019-09-06,1,8.83875985028e-05,0.859810920497,1.27292197173,1.57437107107
2019-09-06,20,0.505575813694,0.844517152821,1.27292197173,1.57437107107
2019-09-09,1,0.00103846626019,0.688836040353,1.19655195668,1.55234003106
2019-09-09,20,0.515644047381,0.73877266086,1.19655195668,1.55234003106
2019-09-10,1,0.51892894986,0.560928940793,1.12482114726,1.47558870217
2019-09-10,20,0.638572870836,0.659664716758,1.12482114726,1.47558870217
2019-09-11,1,0.082657186002,0.566780125543,1.08846761541,1.38875978736
2019-09-11,20,0.653698095201,0.663283555726,1.08846761541,1.38875978736
2019-09-12,1,0.00525156576034,0.485509574394,1.02811898965,0.950945718123
2019-09-12,20,0.670014542844,0.613019369925,1.02811898965,0.950945718123
2019-09-13,1,0.0986282137775,0.409424811308,0.966746944217,0.948179453369
2019-09-13,20,0.728934591495,0.565962488752,0.966746944217,0.948179453369
2019-09-16,1,0.066482774014,0.370755291198,0.91465982039,0.850535866355
2019-09-16,20,0.724966566172,0.542046175695,0.91465982039,0.850535866355
2019-09-17,1,0.00117397567493,0.335473068549,0.863769197608,0.781461347974
2019-09-17,20,0.77071125747,0.520224837343,0.863769197608,0.781461347974
2019-09-18,1,3.98981525686e-06,0.29621755628,0.812013484292,0.749948877864
2019-09-18,20,0.772655648985,0.495946100033,0.812013484292,0.749948877864
2019-09-19,1,0.240845289742,0.266577792578,0.763292914623,0.71622256075
2019-09-19,20,0.77646155061,0.477614507978,0.763292914623,0.71622256075
2019-09-20,1,9.39748338456e-05,0.293142588674,0.73194605713,0.728136704519
2019-09-20,20,0.772130130126,0.490645086344,0.73194605713,0.728136704519
2019-09-23,1,0.714361174404,0.264987431314,0.688034932192,0.382588767916
2019-09-23,20,0.795573764784,0.473520159609,0.688034932192,0.382588767916
2019-09-24,1,0.376957348706,0.381962155639,0.689614506725,0.358649630771
2019-09-24,20,0.766246194664,0.54466817552,0.689614506725,0.358649630771
2019-09-25,1,0.0591399660739,0.404475091169,0.670855077244,0.372350833818
2019-09-25,20,0.751439945546,0.558361310549,0.670855077244,0.372350833818
2019-09-26,1,0.284145988993,0.359916605844,0.634152170574,0.354025555525
2019-09-26,20,0.750323469161,0.531259320431,0.634152170574,0.354025555525
2019-09-27,1,0.253503208757,0.369994242064,0.613151799679,0.288758548224
2019-09-27,20,0.744375963335,0.537388882404,0.613151799679,0.288758548224
2019-09-30,1,1.52130687506,0.371629337533,0.591572884224,0.301227253645
2019-09-30,20,0.747189978567,0.538383403222,0.591572884224,0.301227253645
2019-10-01,1,3.26358828463,0.617969849826,0.647356923674,0.353328568288
2019-10-01,20,0.671471372724,0.688216102457,0.647356923674,0.353328568288
2019-10-02,1,0.630484399017,1.13960452065,0.804330805331,0.458363617078
2019-10-02,20,0.513567000871,1.00549209583,0.804330805331,0.458363617078
2019-10-03,1,1.99283625491,1.02181837944,0.793900020952,0.406348224599
2019-10-03,20,0.486625473263,0.933850548496,0.793900020952,0.406348224599
2019-10-04,1,0.201453061326,1.19685766406,0.86583619499,0.505575813694
2019-10-04,20,0.433216720781,1.04031540985,0.86583619499,0.505575813694
2019-10-07,1,2.45961493536,0.981817589093,0.82597320697,0.515644047381
2019-10-07,20,0.429978880987,0.909520703871,0.82597320697,0.515644047381
2019-10-08,1,0.82143343716,1.25709786438,0.923991710673,0.638572870836
2019-10-08,20,0.307701909916,1.07695555374,0.923991710673,0.638572870836
2019-10-09,1,0.408986138875,1.14687076395,0.917838214263,0.653698095201
2019-10-09,20,0.266876816006,1.00991167276,0.917838214263,0.653698095201
2019-10-10,1,1.18365253878,0.984445056427,0.887307089739,0.670014542844
2019-10-10,20,0.250144070048,0.911118819094,0.887307089739,0.670014542844
2019-10-11,1,0.0192677073143,1.01237742148,0.905087816682,0.728934591495
2019-10-11,20,0.194231598532,0.928108235953,0.905087816682,0.728934591495
2019-10-14,1,0.981376599968,0.80821095946,0.85193861012,0.724966566172
2019-10-14,20,0.195197637837,0.803927232131,0.85193861012,0.724966566172
2019-10-15,1,0.0400618059845,0.84107217419,0.859704889511,0.77071125747
2019-10-15,20,0.147350954048,0.823914543424,0.859704889511,0.77071125747
2019-10-16,1,0.0761220222984,0.683730771226,0.810526304499,0.772655648985
2019-10-16,20,0.145600824485,0.728214137152,0.810526304499,0.772655648985
2019-10-17,1,0.154216880069,0.572676734329,0.766462047567,0.77646155061
2019-10-17,20,0.142144750635,0.660667285218,0.766462047567,0.77646155061
2019-10-18,1,0.468966667994,0.499241472794,0.729727337517,0.772130130126
2019-10-18,20,0.163817905244,0.616740057236,0.729727337517,0.772130130126
2019-10-21,1,0.127809771997,0.510465892027,0.714081697346,0.795573764784
2019-10-21,20,0.140496089585,0.623444098662,0.714081697346,0.795573764784
2019-10-22,1,0.0808323663494,0.451995887759,0.678905381825,0.766246194664
2019-10-22,20,0.134281289181,0.588521549647,0.678905381825,0.766246194664
2019-10-23,1,0.0368104383825,0.399215449823,0.643021000896,0.751439945546
2019-10-23,20,0.137320720308,0.556997224416,0.643021000896,0.751439945546
2019-10-24,1,0.16519587247,0.351254397706,0.606648367145,0.750323469161
2019-10-24,20,0.13673473603,0.528351387728,0.606648367145,0.750323469161
2019-10-25,1,0.309783513387,0.340661222548,0.580161217465,0.744375963335
2019-10-25,20,0.130834981174,0.522024371281,0.580161217465,0.744375963335
2019-10-28,1,0.00693475821036,0.361092140739,0.56393855522,0.747189978567
2019-10-28,20,0.143315409902,0.534227205039,0.56393855522,0.747189978567
2019-10-29,1,0.105500847559,0.316988540722,0.5305183274,0.671471372724
2019-10-29,20,0.145373655378,0.507885319955,0.5305183274,0.671471372724
2019-10-30,1,0.091653846857,0.3034284335,0.505017278609,0.513567000871
2019-10-30,20,0.148775289651,0.499786235389,0.505017278609,0.513567000871
2019-10-31,1,0.924661205278,0.290609463827,0.480215472704,0.486625473263
2019-10-31,20,0.152269928207,0.492129812197,0.480215472704,0.486625473263
2019-11-01,1,0.136696265447,0.444248646968,0.506882216659,0.433216720781
2019-11-01,20,0.143608172719,0.583894332673,0.506882216659,0.433216720781
2019-11-04,1,0.0140755139458,0.404385701049,0.484671059586,0.429978880987
2019-11-04,20,0.158952659691,0.560085275359,0.484671059586,0.429978880987
2019-11-05,1,0.00493155894382,0.350653779835,0.456435326847,0.307701909916
2019-11-05,20,0.178116933618,0.527992654951,0.456435326847,0.307701909916
2019-11-06,1,0.0743312197254,0.308816479735,0.429345100773,0.266876816006
2019-11-06,20,0.178994046442,0.503004369389,0.429345100773,0.266876816006
2019-11-07,1,0.0654031084669,0.291231480553,0.40804426791,0.250144070048
2019-11-07,20,0.216630140887,0.492501325931,0.40804426791,0.250144070048
2019-11-08,1,0.0385884933997,0.276376445881,0.387485798344,0.194231598532
2019-11-08,20,0.218377570589,0.483628816292,0.387485798344,0.194231598532
2019-11-11,1,0.0244429241893,0.260051915126,0.366551960047,0.195197637837
2019-11-11,20,0.217050438741,0.473878616466,0.366551960047,0.195197637837
2019-11-12,1,0.00505921471999,0.245114153108,0.346025417896,0.147350954048
2019-11-12,20,0.220044719118,0.464956696025,0.346025417896,0.147350954048
2019-11-13,1,0.00700054531085,0.230183742406,0.325567445705,0.145600824485
2019-11-13,20,0.256246178658,0.456039166326,0.325567445705,0.145600824485
2019-11-14,1,0.587679972247,0.219436562714,0.306453431681,0.142144750635
2019-11-14,20,0.255898785259,0.449620167144,0.306453431681,0.142144750635
2019-11-15,1,0.00253035481448,0.32405503883,0.323327024115,0.163817905244
2019-11-15,20,0.251878799344,0.509325900318,0.323327024115,0.163817905244
2019-11-18,1,0.00351376391107,0.28876073535,0.304079223957,0.140496089585
2019-11-18,20,0.251808473201,0.488209076112,0.304079223957,0.140496089585
2019-11-19,1,0.141620988897,0.262565145729,0.286045296355,0.134281289181
2019-11-19,20,0.251726267136,0.472536074907,0.286045296355,0.134281289181
2019-11-20,1,0.0250907528108,0.269747874066,0.277379837907,0.137320720308
2019-11-20,20,0.254543703641,0.476833550608,0.277379837907,0.137320720308
2019-11-21,1,0.0472007753509,0.252532896087,0.262242492801,0.13673473603
2019-11-21,20,0.265454416685,0.466533711036,0.262242492801,0.13673473603
2019-11-22,1,0.559392087961,0.243948060021,0.249339989754,0.130834981174
2019-11-22,20,0.263469155651,0.461397344649,0.249339989754,0.130834981174
2019-11-25,1,0.0480996677345,0.336798207931,0.267943115647,0.143315409902
2019-11-25,20,0.235518654986,0.516950225922,0.267943115647,0.143315409902
2019-11-26,1,0.173533533,0.307119412924,0.254752508772,0.145373655378
2019-11-26,20,0.246195603329,0.499193199009,0.254752508772,0.145373655378
2019-11-27,1,0.161546617984,0.309241846702,0.249879370226,0.148775289651
2019-11-27,20,0.237519504139,0.500463065717,0.249879370226,0.148775289651
2019-11-29,1,0.751426095528,0.308505394373,0.244579405091,0.152269928207
2019-11-29,20,0.24624823339,0.50002244123,0.244579405091,0.152269928207
2019-12-02,1,0.443586004878,0.422279836224,0.274990206517,0.143608172719
2019-12-02,20,0.213003700536,0.568094471295,0.274990206517,0.143608172719
2019-12-03,1,0.397360992484,0.447675400379,0.285105954419,0.158952659691
2019-12-03,20,0.225634695201,0.583288811768,0.285105954419,0.158952659691
2019-12-04,1,0.0224738154215,0.45770233498,0.291841256703,0.178116933618
2019-12-04,20,0.230864615932,0.589287995614,0.291841256703,0.178116933618
2019-12-05,1,0.827053108622,0.392541331808,0.275679210226,0.178994046442
2019-12-05,20,0.235961301771,0.550301719831,0.275679210226,0.178994046442
2019-12-06,1,0.100351702525,0.499762825067,0.30876164413,0.216630140887
2019-12-06,20,0.198548762318,0.614453075742,0.30876164413,0.216630140887
2019-12-09,1,0.0120458564226,0.439079525292,0.296257047634,0.218377570589
2019-12-09,20,0.205489542649,0.57814584066,0.296257047634,0.218377570589
2019-12-10,1,0.0843285317446,0.376597781798,0.279204376161,0.217050438741
2019-12-10,20,0.226887014588,0.540762584346,0.279204376161,0.217050438741
2019-12-11,1,0.729088405505,0.343895304222,0.267511825496,0.220044719118
2019-12-11,20,0.226758278987,0.521196467382,0.267511825496,0.220044719118
2019-12-12,1,5.26773304364e-05,0.44440821121,0.295206420296,0.256246178658
2019-12-12,20,0.214468969319,0.581334030046,0.295206420296,0.256246178658
2019-12-13,1,0.507280253961,0.37825712439,0.277497195718,0.255898785259
2019-12-13,20,0.215614979652,0.541755380417,0.277497195718,0.255898785259
2019-12-16,1,0.00112383194763,0.421431170618,0.291284179213,0.251878799344
2019-12-16,20,0.191996520111,0.554401774348,0.291284179213,0.251878799344
2019-12-17,1,0.00186964260357,0.362342773066,0.273874558377,0.251808473201
2019-12-17,20,0.226649336068,0.518935095877,0.273874558377,0.251808473201
2019-12-18,1,0.197969719005,0.31785915969,0.257554263431,0.251726267136
2019-12-18,20,0.233985299595,0.492234659274,0.257554263431,0.251726267136
2019-12-19,1,0.243305013688,0.320863626737,0.253979190765,0.254543703641
2019-12-19,20,0.227612654751,0.494038033051,0.253979190765,0.254543703641
2019-12-20,1,0.00749555466658,0.331593433928,0.253338740141,0.265454416685
2019-12-20,20,0.215489174479,0.50047839423,0.253338740141,0.265454416685
2019-12-23,1,0.000382074663308,0.295687608784,0.238588149012,0.263469155651
2019-12-23,20,0.215764568659,0.478926610659,0.238588149012,0.263469155651
2019-12-24,1,0.261638634588,0.267244407938,0.224295784551,0.235518654986
2019-12-24,20,0.256998538326,0.461854124335,0.224295784551,0.235518654986
2019-12-26,1,1.15492174678e-05,0.294522466571,0.226536355553,0.246195603329
2019-12-26,20,0.369619047997,0.47822725637,0.226536355553,0.246195603329
2019-12-27,1,0.336121202991,0.266295356698,0.212944867173,0.237519504139
2019-12-27,20,0.419652311264,0.461284474512,0.212944867173,0.237519504139
2019-12-30,1,0.0865354384616,0.307706348229,0.220335447322,0.24624823339
2019-12-30,20,0.40322231252,0.486140628726,0.220335447322,0.24624823339
2019-12-31,1,0.696205898169,0.292399506137,0.212307446791,0.213003700536
2019-12-31,20,0.403792290936,0.476952990046,0.212307446791,0.213003700536
2020-01-02,1,0.501959407096,0.394622046275,0.241341353873,0.225634695201
2020-01-02,20,0.528551168085,0.538310111135,0.241341353873,0.225634695201
2020-01-03,1,0.124407532216,0.435567211677,0.256978437067,0.230864615932
2020-01-03,20,0.529578267223,0.562886662141,0.256978437067,0.230864615932
2020-01-06,1,0.0788023195566,0.396026420874,0.249024182776,0.235961301771
2020-01-06,20,0.63390616854,0.53915306008,0.249024182776,0.235961301771
2020-01-07,1,0.239167309138,0.357654474167,0.238810870983,0.198548762318
2020-01-07,20,0.692549248223,0.516121034293,0.238810870983,0.198548762318
2020-01-08,1,0.439995295209,0.358605197128,0.238832257272,0.205489542649
2020-01-08,20,0.686102597567,0.516691687534,0.238832257272,0.205489542649
2020-01-09,1,0.0817538197258,0.396803458821,0.250902039548,0.226887014588
2020-01-09,20,0.678766604244,0.539619462219,0.250902039548,0.226887014588
2020-01-10,1,0.483302212149,0.358792118261,0.240753146359,0.226758278987
2020-01-10,20,0.701321651186,0.516803883362,0.240753146359,0.226758278987
2020-01-13,1,0.0229728839929,0.405026937603,0.255306090306,0.214468969319
2020-01-13,20,0.678579607213,0.544555447793,0.255306090306,0.214468969319
2020-01-14,1,0.0349110631308,0.354032168376,0.241366097927,0.215614979652
2020-01-14,20,0.698179698728,0.513946814646,0.241366097927,0.215614979652
2020-01-15,1,0.694180151081,0.314051397757,0.22897879584,0.191996520111
2020-01-15,20,0.697765492616,0.48352210278,0.22897879584,0.191996520111
2020-01-16,1,0.148588913146,0.409832795952,0.256890877154,0.226649336068
2020-01-16,20,0.664752665168,0.540626715007,0.256890877154,0.226649336068
2020-01-17,1,0.0705168221286,0.380150593774,0.250392759314,0.233985299595
2020-01-17,20,0.661598733229,0.522930265829,0.250392759314,0.233985299595
2020-01-21,1,0.000835408246582,0.343181057239,0.239600203083,0.227612654751
2020-01-21,20,0.669093222849,0.500889127488,0.239600203083,0.227612654751
2020-01-22,1,0.0130034382726,0.302283019626,0.225274315392,0.215489174479
2020-01-22,20,0.676358418981,0.47650582736,0.225274315392,0.215489174479
2020-01-23,1,0.825061468002,0.273711899628,0.212538062765,0.215764568659
2020-01-23,20,0.731610967914,0.459471802392,0.212538062765,0.215764568659
2020-01-24,1,2.51404882801,0.403858850539,0.249289467079,0.256998538326
2020-01-24,20,1.2713564738,0.537065064805,0.249289467079,0.256998538326
2020-01-27,1,1.00067681455,0.817519063291,0.385175028735,0.369619047997
2020-01-27,20,1.61837084414,0.783688172094,0.385175028735,0.369619047997
2020-01-28,1,0.00752122811533,0.846788157918,0.422105135884,0.419652311264
2020-01-28,20,1.57550275552,0.801138327661,0.422105135884,0.419652311264
2020-01-29,1,0.09793500678,0.683338121497,0.397230101418,0.40322231252
2020-01-29,20,2.59520696489,0.703689855156,0.397230101418,0.40322231252
2020-01-30,1,3.19138344115,0.576958266466,0.37927239574,0.403792290936
2020-01-30,20,2.6245270375,0.640266471442,0.37927239574,0.403792290936
2020-01-31,1,0.522501389859,1.07459353299,0.547999058465,0.528551168085
2020-01-31,20,3.47794701913,0.936955280141,0.547999058465,0.528551168085
2020-02-03,1,2.21096555854,0.951342053014,0.546469198348,0.529578267223
2020-02-03,20,3.85824582491,0.863473078969,0.546469198348,0.529578267223
2020-02-04,1,1.25166391322,1.17379863173,0.64633897996,0.63390616854
2020-02-04,20,4.60204443621,0.99610109343,0.64633897996,0.63390616854
2020-02-05,1,0.110234296027,1.16236911085,0.682658475956,0.692549248223
2020-02-05,20,5.13495829286,0.989286843798,0.682658475956,0.692549248223
2020-02-06,1,0.293275428736,0.940527373258,0.64831302516,0.686102597567
2020-02-06,20,5.27738280933,0.857025395958,0.64831302516,0.686102597567
2020-02-07,1,0.532854758563,0.807413177638,0.627010769375,0.678766604244
2020-02-07,20,8.38404171439,0.777663070223,0.627010769375,0.678766604244
2020-02-10,1,0.0284613326897,0.751776251634,0.621361408726,0.701321651186
2020-02-10,20,9.51974461668,0.744492484443,0.621361408726,0.701321651186
2020-02-11,1,0.414974714291,0.615594504013,0.585787404164,0.678579607213
2020-02-11,20,10.7734714839,0.663301292447,0.585787404164,0.678579607213
2020-02-12,1,0.0266269408909,0.585091767083,0.575538642771,0.698179698728
2020-02-12,20,15.7472095091,0.645115642654,0.575538642771,0.698179698728
2020-02-13,1,0.0339236021376,0.491800832962,0.542603940658,0.697765492616
2020-02-13,20,19.6893447345,0.592701104706,0.542603940658,0.697765492616
2020-02-14,1,0.0855102743683,0.421052578643,0.512083120347,0.664752665168
2020-02-14,20,27.8351903142,0.550437711948,0.512083120347,0.664752665168
2020-02-18,1,0.220406614529,0.377300874375,0.486488749589,0.661598733229
2020-02-18,20,29.5260665421,0.524301442169,0.486488749589,0.661598733229
2020-02-19,1,0.146139330878,0.369471690962,0.470523821485,0.669093222849
2020-02-19,20,30.9313513474,0.519624466648,0.470523821485,0.669093222849
2020-02-20,1,1.11805441692,0.349699723424,0.451060752049,0.676358418981
2020-02-20,20,30.9350741627,0.507813144409,0.451060752049,0.676358418981
2020-02-21,1,11.6199715857,0.516222685974,0.491080371941,0.731610967914
2020-02-21,20,31.8616405689,0.607290162424,0.491080371941,0.731610967914
2020-02-24,1,9.45433623475,2.60241715898,1.15881384477,1.2713564738
2020-02-24,20,31.7226230658,1.85353513667,1.15881384477,1.2713564738
2020-02-25,1,0.143315042254,3.77223626827,1.65654518817,1.61837084414
2020-02-25,20,35.2714473515,2.55235837899,1.65654518817,1.61837084414
2020-02-26,1,20.4016054154,2.91668275376,1.56575137941,1.57550275552
2020-02-26,20,35.33005047,2.0412702319,1.56575137941,1.57550275552
2020-02-27,1,0.684336459006,6.05304834667,2.69590262157,2.59520696489
2020-02-27,20,36.1427479398,3.9148634698,2.69590262157,2.59520696489
2020-02-28,1,20.2597830738,4.73863925331,2.57520865182,2.6245270375
2020-02-28,20,36.6956737359,3.12966547034,2.57520865182,2.6245270375
2020-03-02,1,8.12847750541,7.40130508268,3.63628311714,3.47794701913
2020-03-02,20,36.2260826291,4.72028127863,3.63628311714,3.47794701913
2020-03-03,1,17.0869377846,7.14565517557,3.90581478043,3.85824582491
2020-03-03,20,35.9499458526,4.56756185769,3.90581478043,3.85824582491
2020-03-04,1,11.9099410462,8.62516506263,4.69668216068,4.60204443621
2020-03-04,20,36.1146959974,5.45138730395,4.69668216068,4.60204443621
2020-03-05,1,2.95872462532,8.77504350174,5.12947769382,5.13495829286
2020-03-05,20,35.7739613684,5.54092126346,5.12947769382,5.13495829286
2020-03-06,1,62.4264535301,7.21707749218,4.99923250971,5.27738280933
2020-03-06,20,35.7423500188,4.61022791987,4.99923250971,5.27738280933
2020-03-09,1,23.2469128043,17.143247779,8.44486577093,8.38404171439
2020-03-09,20,34.9308684484,10.5398955484,8.44486577093,8.38404171439
2020-03-10,1,25.1029986779,17.3186870294,9.33298859293,9.51974461668
2020-03-10,20,33.7698097601,10.6446989534,9.33298859293,9.51974461668
2020-03-11,1,99.8897352175,17.7975651137,10.279189198,10.7734714839
2020-03-11,20,33.0754288176,10.9307697936,10.279189198,10.7734714839
2020-03-12,1,78.8693314486,32.1204324313,15.6558219592,15.7472095091
2020-03-12,20,28.1843841657,19.4869239021,15.6558219592,15.7472095091
2020-03-13,1,162.950835196,44.3498121046,19.4486325286,19.6893447345
2020-03-13,20,24.292490365,30.418728034,19.4486325286,19.6893447345
2020-03-16,1,33.9030348315,68.4375899036,28.0587646886,27.8351903142
2020-03-16,20,16.5983919543,46.7598924954,28.0587646886,27.8351903142
2020-03-17,1,28.3261027219,57.9601343838,28.4094208972,29.5260665421
2020-03-17,20,15.151366622,39.6519797101,28.4094208972,29.5260665421
2020-03-18,1,0.220595636132,49.0089436916,28.4044218067,30.9313513474
2020-03-18,20,13.7518805454,33.5794859979,28.4044218067,30.9313513474
2020-03-19,1,19.6493825422,36.252154479,26.7133922364,30.9350741627
2020-03-19,20,14.0904122066,24.9252717211,26.7133922364,30.9350741627
2020-03-20,1,8.83962152281,31.093208892,26.2895516548,31.8616405689
2020-03-20,20,13.2707152185,21.4254396075,26.2895516548,31.8616405689
2020-03-23,1,80.4308219487,24.9205503599,25.2425558469,31.7226230658
2020-03-23,20,13.314054745,17.2379039586,25.2425558469,31.7226230658
2020-03-24,1,1.31537741273,36.0382110337,28.553851813,35.2714473515
2020-03-24,20,9.54950758264,24.7801323457,28.553851813,35.2714473515
2020-03-25,1,36.6555548115,26.9218957896,26.919543349,35.33005047
2020-03-25,20,9.48388427863,18.5956180277,26.919543349,35.33005047
2020-03-26,1,11.7428523807,27.9320560954,27.5037040367,36.1427479398
2020-03-26,20,7.74663163188,19.2809114502,27.5037040367,36.1427479398
2020-03-27,1,10.8679609381,23.2237663085,26.5580529374,36.6956737359
2020-03-27,20,7.26616931189,16.0868045309,26.5580529374,36.6956737359
2020-03-30,1,2.60574197591,19.5584296996,25.6166474174,36.2260826291
2020-03-30,20,6.73658492752,13.6002377404,25.6166474174,36.2260826291
2020-03-31,1,20.38194068,15.045446218,24.2359930909,35.9499458526
2020-03-31,20,6.9504801483,10.5386267482,24.2359930909,35.9499458526
2020-04-01,1,5.09524846612,15.6070845795,24.0047499463,36.1146959974
2020-04-01,20,5.97421195322,10.9196425858,24.0047499463,36.1146959974
2020-04-02,1,2.32649763376,12.6750839889,22.8701798574,35.7739613684
2020-04-02,20,6.12444133542,8.93057143728,22.8701798574,35.7739613684
2020-04-03,1,46.1968221213,9.90572712611,21.637558924,35.7423500188
2020-04-03,20,6.01710874181,7.05183790177,21.637558924,35.7423500188
2020-04-06,1,0.0257390378204,17.4660456176,23.1111147159,34.9308684484
2020-04-06,20,3.74776705252,12.180762989,23.1111147159,34.9308684484
2020-04-07,1,11.2153798279,12.9368839194,21.7259921752,33.7698097601
2020-04-07,20,3.77100727095,9.10817668405,21.7259921752,33.7698097601
2020-04-08,1,2.06884217977,12.0447344019,21.0953554343,33.0754288176
2020-04-08,20,3.27566313394,8.50294185867,21.0953554343,33.0754288176
2020-04-09,1,1.03145543444,9.38424702351,19.9537646391,28.1843841657
2020-04-09,20,3.31218077671,6.69806545372,19.9537646391,28.1843841657
2020-04-13,1,9.06886698235,7.24692918942,18.8184260868,24.292490365
2020-04-13,20,3.26061685872,5.27677712686,18.8184260868,24.292490365
2020-04-14,1,4.96252818557,7.38002247165,18.2334525405,16.5983919543
2020-04-14,20,3.0216952704,5.36760972069,18.2334525405,16.5983919543
2020-04-15,1,0.336381189648,6.58311222539,17.4371970792,15.151366622
2020-04-15,20,2.92874814615,4.82373986115,17.4371970792,15.151366622
2020-04-16,1,6.99122886157,4.98522744065,16.4111481258,13.7518805454
2020-04-16,20,2.97758248529,3.73322637169,16.4111481258,13.7518805454
2020-04-17,1,3.255442779,5.25473943816,15.84595297,14.0904122066
2020-04-17,20,2.63569904989,3.91716107816,15.84595297,14.0904122066
2020-04-20,1,9.70641205388,4.63948920605,15.0905223585,13.2707152185
2020-04-20,20,2.95389849846,3.49726930379,15.0905223585,13.2707152185
2020-04-21,1,5.13987870086,5.59110302522,14.7674757403,13.314054745
2020-04-21,20,2.52412103668,4.14672020067,14.7674757403,13.314054745
2020-04-22,1,0.00291133259958,5.29906422092,14.1898199179,9.54950758264
2020-04-22,20,2.40348304463,3.94741155303,14.1898199179,9.54950758264
2020-04-23,1,1.91050187638,3.96310250196,13.3386054028,9.48388427863
2020-04-23,20,2.43378843869,3.03565352777,13.3386054028,9.48388427863
2020-04-24,1,2.13360598079,3.39121868108,12.6529191912,7.74663163188
2020-04-24,20,2.34102681768,2.64535816541,12.6529191912,7.74663163188
2020-04-27,1,0.276273250716,3.01701533472,12.0217603986,7.26616931189
2020-04-27,20,2.30894089794,2.38997442254,12.0217603986,7.26616931189
2020-04-28,1,6.88364639149,2.33537122698,11.3170311697,6.73658492752
2020-04-28,20,2.40344358366,1.9247706096,11.3170311697,6.73658492752
2020-04-29,1,0.856576778562,3.27199506407,11.051028083,6.9504801483
2020-04-29,20,2.06148760807,2.56399124594,11.051028083,6.9504801483
2020-04-30,1,8.09983611005,2.65042720806,10.4393610047,5.97421195322
2020-04-30,20,2.03018257851,2.13978786277,10.4393610047,5.97421195322
2020-05-01,1,0.179845761454,3.77011543402,10.2989895111,6.12444133542
2020-05-01,20,1.63220035153,2.90394503234,10.2989895111,6.12444133542
2020-05-04,1,0.809988335638,2.8711845253,9.69184088608,6.01710874181
2020-05-04,20,1.65664224065,2.2904488082,9.69184088608,6.01710874181
2020-05-05,1,0.490543406438,2.34391246422,9.15892973305,3.74776705252
2020-05-05,20,1.70803448563,1.93059977483,9.15892973305,3.74776705252
2020-05-06,1,1.30849708762,1.88440102658,8.63882655346,3.77100727095
2020-05-06,20,1.68920056615,1.61699554873,8.63882655346,3.77100727095
2020-05-07,1,2.79919503515,1.7229821669,8.1990067855,3.27566313394
2020-05-07,20,1.95850798152,1.50683150837,8.1990067855,3.27566313394
2020-05-08,1,0.000177074563759,1.92865183013,7.87501808048,3.31218077671
2020-05-08,20,1.890184567,1.64719553477,7.87501808048,3.31218077671
2020-05-11,1,4.29043521606,1.47151600643,7.40252762013,3.26061685872
2020-05-11,20,1.92082815428,1.33070400514,7.40252762013,3.26061685872
2020-05-12,1,3.1035857006,2.0631063821,7.21580207588,3.0216952704
2020-05-12,20,1.72049622031,1.7334480502,7.21580207588,3.0216952704
2020-05-13,1,1.3130679724,2.24417621349,6.96906909337,2.92874814615
2020-05-13,20,3.41076178843,1.85671712173,6.96906909337,2.92874814615
2020-05-14,1,0.153560153523,1.9904929103,6.62970902611,2.97758248529
2020-05-14,20,3.42930039684,1.68401410982,6.62970902611,2.97758248529
2020-05-15,1,9.61943175051,1.55150781259,6.24114009375,2.63569904989
2020-05-15,20,3.45588387903,1.38516098231,6.24114009375,2.63569904989
2020-05-18,1,1.11086281825,3.27645803002,6.44383759316,2.95389849846
2020-05-18,20,3.15134764011,2.55947594191,6.44383759316,2.95389849846
2020-05-19,1,2.72711885981,2.71116812227,6.12385910666,2.52412103668
2020-05-19,20,3.10230898873,2.17463678048,6.12385910666,2.52412103668
2020-05-20,1,0.60901921383,2.6425729266,5.92005469185,2.40348304463
2020-05-20,20,2.96612948953,2.12793840994,5.92005469185,2.40348304463
2020-05-21,1,0.0552694562242,2.13305238225,5.60139256317,2.43378843869
2020-05-21,20,2.95172755081,1.78106602405,5.60139256317,2.43378843869
2020-05-22,1,1.49188758585,1.63579470132,5.26862517676,2.34102681768
2020-05-22,20,2.96992102001,1.44254197414,5.26862517676,2.34102681768
2020-05-26,1,2.16632696526,1.57867690225,5.0420209213,2.30894089794
2020-05-26,20,2.90456376992,1.40365720794,5.0420209213,2.30894089794
2020-05-27,1,0.044526879705,1.68244257705,4.86947928394,2.40344358366
2020-05-27,20,3.13934339147,1.47429900559,4.86947928394,2.40344358366
2020-05-28,1,0.230476187319,1.29976428967,4.57998213968,2.06148760807
2020-05-28,20,3.19652016974,1.21377853779,4.57998213968,2.06148760807
2020-05-29,1,0.140191570369,1.05663929113,4.31901178254,2.03018257851
2020-05-29,20,3.48573918273,1.04826342903,4.31901178254,2.03018257851
2020-06-01,1,0.668683543906,0.857037352151,4.06828256981,1.63220035153
2020-06-01,20,3.58500159353,0.912378033303,4.06828256981,1.63220035153
2020-06-02,1,1.8378332352,0.823676726126,3.86430662826,1.65664224065
2020-06-02,20,3.66849539196,0.889666721517,3.86430662826,1.65664224065
2020-06-03,1,0.113865016877,1.05217656171,3.74271822467,1.70803448563
2020-06-03,20,3.58915159582,1.04522528343,3.74271822467,1.70803448563
2020-06-04,1,6.69464539495,0.848030829171,3.52498703221,1.68920056615
2020-06-04,20,3.5937231917,0.906246555094,3.52498703221,1.68920056615
2020-06-05,1,1.43272674473,2.12206307771,3.71516653397,1.95850798152
2020-06-05,20,3.38313135658,1.77358470396,3.71516653397,1.95850798152
2020-06-08,1,0.613048820187,1.92597550502,3.57822014662,1.890184567
2020-06-08,20,3.37065478175,1.64009182534,3.57822014662,1.890184567
2020-06-09,1,0.28379653668,1.62475358754,3.40030986703,1.92082815428
2020-06-09,20,3.37039883813,1.47625135857,3.40030986703,1.92082815428
2020-06-10,1,36.908897063,1.31512556272,3.21331906721,1.72049622031
2020-06-10,20,3.37222449914,1.25682934445,3.21331906721,1.72049622031
2020-06-11,1,1.68384014061,9.01014166249,5.23505374696,3.41076178843
2020-06-11,20,1.58098253738,6.71000475473,5.23505374696,3.41076178843
2020-06-12,1,0.685229797247,7.12360804515,5.02198093058,3.42930039684
2020-06-12,20,1.54103301746,5.37308763858,5.02198093058,3.42930039684
2020-06-15,1,3.52870697225,5.50117020356,4.76177586258,3.45588387903
2020-06-15,20,1.595446775,4.22332550323,4.76177586258,3.45588387903
2020-06-16,1,0.130089790637,4.90704950764,4.68779172916,3.15134764011
2020-06-16,20,1.45988178165,3.80229397741,4.68779172916,3.15134764011
2020-06-17,1,0.0035288756558,3.72868109533,4.41432961285,3.10230898873
2020-06-17,20,1.45919787484,2.96722754389,4.41432961285,3.10230898873
2020-06-18,1,0.320980439627,2.82286695464,4.14968156862,2.96612948953
2020-06-18,20,1.46306719921,2.32531031666,4.14968156862,2.96612948953
2020-06-19,1,0.419138840138,2.21631719097,3.91995950088,2.95172755081
2020-06-19,20,1.48206167187,1.89547076682,3.91995950088,2.95172755081
2020-06-22,1,0.184742583986,1.78540087435,3.70991026123,2.96992102001
2020-06-22,20,1.46251194995,1.59009619304,3.70991026123,2.96992102001
2020-06-23,1,6.86191939627,1.41344588584,3.4984002006,2.90456376992
2020-06-23,20,1.46969488426,1.3265053479,3.4984002006,2.90456376992
2020-06-24,1,1.18806244505,2.58113867874,3.70021135234,3.13934339147
2020-06-24,20,1.20343401332,2.15400636187,3.70021135234,3.13934339147
2020-06-25,1,6.01485644722,2.22375889714,3.5494824179,3.19652016974
2020-06-25,20,1.16331070568,1.90074443078,3.5494824179,3.19652016974
2020-06-26,1,2.12543978627,3.00188601828,3.69740485966,3.48573918273
2020-06-26,20,0.889711070877,2.45217455491,3.69740485966,3.48573918273
2020-06-29,1,2.33855951265,2.74026149373,3.60308695526,3.58500159353
2020-06-29,20,0.804527927267,2.26677085913,3.60308695526,3.58500159353
2020-06-30,1,0.250957312284,2.5913510698,3.5272153087,3.66849539196
2020-06-30,20,0.763883227619,2.16124350849,3.5272153087,3.66849539196
2020-07-01,1,0.205296934617,2.02857818912,3.33063982891,3.58915159582
2020-07-01,20,0.758394020276,1.76242702848,3.33063982891,3.58915159582
2020-07-02,1,2.4828086925,1.59917275156,3.14311925526,3.5937231917
2020-07-02,20,0.777323419199,1.45812315923,3.14311925526,3.5937231917
2020-07-06,1,1.18319524804,1.77193189321,3.10350062149,3.38313135658
2020-07-06,20,0.678782592004,1.58055122058,3.10350062149,3.38313135658
2020-07-07,1,0.607929947917,1.61947481107,2.98828229908,3.37065478175
2020-07-07,20,0.6261223672,1.47251048347,2.98828229908,3.37065478175
2020-07-08,1,0.320309756773,1.42887867267,2.84546115801,3.37039883813
2020-07-08,20,0.616264538549,1.42505582461,2.84546115801,3.37039883813
2020-07-09,1,1.08405782779,1.17890681148,2.69395207394,3.37222449914
2020-07-09,20,0.620774682632,1.23254716605,2.69395207394,3.37222449914
2020-07-10,1,0.88484974221,1.16422031666,2.59735841917,1.58098253738
2020-07-10,20,0.566772027685,1.22123678334,2.59735841917,1.58098253738
2020-07-13,1,1.77350494815,1.10842415625,2.49460789855,1.54103301746
2020-07-13,20,0.526279136601,1.17826697089,2.49460789855,1.54103301746
2020-07-14,1,0.81740710527,1.26678111859,2.45134172153,1.595446775
2020-07-14,20,0.469612332962,1.30022104303,2.45134172153,1.595446775
2020-07-15,1,0.116411654284,1.16979611059,2.35330564455,1.45988178165
2020-07-15,20,0.525340059703,1.2255308211,2.35330564455,1.45988178165
2020-07-16,1,0.0809153631473,0.939639372465,2.21909200514,1.45919787484
2020-07-16,20,0.52161923624,1.04828221118,2.21909200514,1.45919787484
2020-07-17,1,0.700869892808,0.759862908074,2.09080140662,1.46306719921
2020-07-17,20,0.51758824244,0.909832523949,2.09080140662,1.46306719921
2020-07-20,1,0.0281444018418,0.765207308857,2.00740551579,1.48206167187
2020-07-20,20,0.48620644615,0.91394836091,2.00740551579,1.48206167187
2020-07-21,1,0.328401270102,0.617791121672,1.88864984895,1.46251194995
2020-07-21,20,0.487445929298,0.800420012924,1.88864984895,1.46251194995
2020-07-22,1,1.53670197739,0.575337111963,1.79503493422,1.46969488426
2020-07-22,20,0.480768108246,0.767725275123,1.79503493422,1.46969488426
2020-07-23,1,0.385596292312,0.815592758629,1.77953495681,1.20343401332
2020-07-23,20,0.408905778576,0.952751269766,1.77953495681,1.20343401332
2020-07-24,1,0.542863751185,0.735847494976,1.69589863694,1.16331070568
2020-07-24,20,0.395526263422,0.891337742424,1.69589863694,1.16331070568
2020-07-27,1,0.421776914073,0.711721109317,1.6267165438,0.889711070877
2020-07-27,20,0.418319249893,0.872757498565,1.6267165438,0.889711070877
2020-07-28,1,1.52566551968,0.666461227911,1.55442016601,0.804527927267
2020-07-28,20,0.403674094281,0.837901899161,1.55442016601,0.804527927267
2020-07-29,1,0.141173165416,0.881123350611,1.55269488723,0.763883227619
2020-07-29,20,0.378841199939,1.00321777546,1.55269488723,0.763883227619
2020-07-30,1,0.583884913088,0.72974867246,1.46800358392,0.758394020276
2020-07-30,20,0.373179741896,0.886640909205,1.46800358392,0.758394020276
2020-07-31,1,0.511992148586,0.716401306691,1.41495646367,0.777323419199
2020-07-31,20,0.366497565362,0.876361818322,1.41495646367,0.777323419199
2020-08-03,1,0.129990751973,0.690258556081,1.36077860477,0.678782592004
2020-08-03,20,0.343312186764,0.856228728834,1.36077860477,0.678782592004
2020-08-04,1,0.410773374881,0.584771614552,1.2869313336,0.6261223672
2020-08-04,20,0.36491388984,0.774990986666,1.2869313336,0.6261223672
2020-08-05,1,0.41051263845,0.568108111618,1.23436185608,0.616264538549
2020-08-05,20,0.460641986241,0.750625598122,1.23436185608,0.616264538549
2020-08-06,1,0.00400472884914,0.556168548384,1.18493090302,0.620774682632
2020-08-06,20,1.07941912374,0.741493975051,1.18493090302,0.620774682632
2020-08-07,1,0.074991920535,0.457696634509,1.11407533257,0.566772027685
2020-08-07,20,1.11256295797,0.666180633772,1.11407533257,0.566772027685
2020-08-10,1,0.64016887536,0.399427196483,1.05173032785,0.526279136601
2020-08-10,20,1.50499165142,0.621614971347,1.05173032785,0.526279136601
2020-08-11,1,1.9319616401,0.480147470389,1.0270366407,0.469612332962
2020-08-11,20,1.67187994658,0.68335149395,1.0270366407,0.469612332962
2020-08-12,1,0.0419951850121,0.82517404518,1.08133214066,0.525340059703
2020-08-12,20,1.73265776807,0.94723490146,1.08133214066,0.525340059703
2020-08-13,1,0.000295487148502,0.667943498958,1.01897192332,0.52161923624
2020-08-13,20,1.7307000161,0.826981751897,1.01897192332,0.52161923624
2020-08-14,1,0.0732339670181,0.540764013271,0.957851337153,0.51758824244
2020-08-14,20,1.81083994405,0.729712270354,0.957851337153,0.51758824244
2020-08-17,1,0.0529340647938,0.46137996948,0.904774294945,0.48620644615
2020-08-17,20,1.82072834927,0.668997723974,0.904774294945,0.48620644615
2020-08-18,1,0.194844849067,0.397334380897,0.853663881136,0.487445929298
2020-08-18,20,1.82879846121,0.620014343023,0.853663881136,0.487445929298
2020-08-19,1,0.0994553839795,0.380518109801,0.814134739212,0.480768108246
2020-08-19,20,1.85474014437,0.607152913665,0.814134739212,0.480768108246
2020-08-20,1,0.118005989231,0.346893524595,0.771253977898,0.408905778576
2020-08-20,20,1.91299887562,0.581436140614,0.771253977898,0.408905778576
2020-08-21,1,0.998723480616,0.325743940733,0.732059098578,0.395526263422
2020-08-21,20,1.97482666247,0.565260504694,0.732059098578,0.395526263422
2020-08-24,1,0.12887380183,0.503802579861,0.7480589615,0.418319249893
2020-08-24,20,1.97962784451,0.701443407294,0.7480589615,0.418319249893
2020-08-25,1,1.02900763284,0.445893085105,0.71090785192,0.403674094281
2020-08-25,20,2.2613603153,0.657153036871,0.71090785192,0.403674094281
2020-08-26,1,0.0279440045559,0.600639793081,0.729993838775,0.378841199939
2020-08-26,20,2.21435909472,0.775506495953,0.729993838775,0.378841199939
2020-08-27,1,0.450241382412,0.496342468914,0.687870848722,0.373179741896
2020-08-27,20,2.33858010629,0.695737761292,0.687870848722,0.373179741896
2020-08-28,1,0.0482845766185,0.511058461276,0.673613080744,0.366497565362
2020-08-28,20,2.4437832654,0.706992854358,0.673613080744,0.366497565362
2020-08-31,1,0.562024813505,0.433592972798,0.636093370496,0.343312186764
2020-08-31,20,2.45300588838,0.647745658468,0.636093370496,0.343312186764
2020-09-01,1,2.3253353029,0.488580937835,0.631649257077,0.36491388984
2020-09-01,20,2.45868755362,0.689801582985,0.631649257077,0.36491388984
2020-09-02,1,12.7860553884,0.888022100431,0.733270419826,0.460641986241
2020-09-02,20,2.35635444273,0.963855376287,0.733270419826,0.460641986241
2020-09-03,1,0.666881413579,3.36860526842,1.45643751794,1.07941912374
2020-09-03,20,1.76336056036,2.81721976994,1.45643751794,1.07941912374
2020-09-04,1,7.9235657894,2.73771850576,1.40906415168,1.11256295797
2020-09-04,20,1.88866991585,2.34585356968,1.40906415168,1.11256295797
2020-09-08,1,3.97793477872,3.76511469156,1.79993424994,1.50499165142
2020-09-08,20,1.59150312445,3.1134712547,1.79993424994,1.50499165142
2020-09-09,1,3.14751806986,3.72683031492,1.93061428167,1.67187994658
2020-09-09,20,1.54133871457,3.08486713394,1.93061428167,1.67187994658
2020-09-10,1,0.00284014553406,3.52526113102,2.00362850896,1.73265776807
2020-09-10,20,1.41578875157,2.934264988,2.00362850896,1.73265776807
2020-09-11,1,1.60309404616,2.71891814268,1.88358120715,1.7307000161
2020-09-11,20,1.45397259011,2.33180690356,1.88358120715,1.7307000161
2020-09-14,1,0.271002071543,2.43818445218,1.86675197749,1.81083994405
2020-09-14,20,1.50637828198,2.12205710247,1.86675197749,1.81083994405
2020-09-15,1,0.21433630346,1.94808950025,1.77100698314,1.82072834927
2020-09-15,20,1.51284295725,1.75588331514,1.77100698314,1.82072834927
2020-09-16,1,0.713678512372,1.56369468428,1.67760674236,1.82879846121
2020-09-16,20,1.52420529809,1.46868324291,1.67760674236,1.82879846121
2020-09-17,1,1.2646300089,1.37513702852,1.61977104856,1.85474014437
2020-09-17,20,1.48969017602,1.3278026428,1.61977104856,1.85474014437
2020-09-18,1,1.35456172617,1.34619549263,1.59846258618,1.91299887562
2020-09-18,20,1.42646777599,1.30617901299,1.59846258618,1.91299887562
2020-09-21,1,1.09474712153,1.34286783916,1.58382853458,1.97482666247
2020-09-21,20,1.49428226202,1.30369276116,1.58382853458,1.97482666247
2020-09-22,1,5.7635232175,1.28637945833,1.55448364979,1.97962784451
2020-09-22,20,1.45066615509,1.26148754303,1.55448364979,1.97962784451
2020-09-23,1,0.0889832213891,2.21304227286,1.80702602386,2.2613603153
2020-09-23,20,1.16490584682,1.95384242455,1.80702602386,2.2613603153
2020-09-24,1,2.512364236,1.73910887177,1.70394345571,2.21435909472
2020-09-24,20,1.1740045409,1.59974371829,1.70394345571,2.21435909472
2020-09-25,1,2.55430456453,1.88205822403,1.75244870253,2.33858010629
2020-09-25,20,1.05430257293,1.7065481355,1.75244870253,2.33858010629
2020-09-28,1,0.232737036123,1.99945490852,1.80056005425,2.4437832654
2020-09-28,20,1.10264006792,1.79426091117,1.80056005425,2.4437832654
2020-09-29,1,0.675658118491,1.60657003199,1.70649067316,2.45300588838
2020-09-29,20,1.09559428834,1.50071750156,1.70649067316,2.45300588838
2020-09-30,1,0.278673085023,1.39983971341,1.64464071988,2.45868755362
2020-09-30,20,1.70713367031,1.34625922075,1.64464071988,2.45868755362
2020-10-01,1,0.926177740868,1.13726371669,1.56268266179,2.35635444273
2020-10-01,20,1.76372593839,1.19349934853,1.56268266179,2.35635444273
2020-10-02,1,3.17306852349,1.09592983563,1.52449236653,1.76336056036
2020-10-02,20,1.79188236227,1.16209682489,1.52449236653,1.76336056036
2020-10-05,1,1.98022996126,1.58025852588,1.62340693595,1.88866991585
2020-10-05,20,1.70817385935,1.53005508953,1.62340693595,1.88866991585
2020-10-06,1,2.97464658117,1.66563694813,1.64481631747,1.59150312445
2020-10-06,20,1.76479545778,1.59491950233,1.64481631747,1.59150312445
2020-10-07,1,0.636518809961,1.95678086385,1.72460613329,1.54133871457
2020-10-07,20,1.85384721632,1.81610980582,1.72460613329,1.54133871457
2020-10-08,1,0.766516916239,1.63658317783,1.65932089389,1.41578875157
2020-10-08,20,2.00775066268,1.57284652768,1.65932089389,1.41578875157
2020-10-09,1,2.65120788357,1.42919752805,1.60575265523,1.45397259011
2020-10-09,20,1.96946621879,1.41528975819,1.60575265523,1.45397259011
2020-10-12,1,0.400295576872,1.70751783214,1.66847996893,1.50637828198
2020-10-12,20,1.90455724286,1.62673759964,1.66847996893,1.50637828198
2020-10-13,1,0.441583120267,1.39780953138,1.59238890541,1.51284295725
2020-10-13,20,1.88552354963,1.39144340545,1.59238890541,1.51284295725
2020-10-14,1,0.0233760711234,1.17786282488,1.5233405583,1.52420529809
2020-10-14,20,1.89249738746,1.22434364435,1.5233405583,1.52420529809
2020-10-15,1,0.000182008313139,0.919097225902,1.43334268907,1.48969017602
2020-10-15,20,1.94161550983,1.02775206786,1.43334268907,1.48969017602
2020-10-16,1,2.71085144661,0.7221071218,1.34735304822,1.42646777599
2020-10-16,20,2.03298196194,0.878093089742,1.34735304822,1.42646777599
2020-10-19,1,0.222424982964,1.1974266557,1.42916295213,1.49428226202
2020-10-19,20,1.96449610029,1.23920684239,1.42916295213,1.49428226202
2020-10-20,1,0.048317052078,0.97920699388,1.35675867398,1.45066615509
2020-10-20,20,1.96491138724,1.07341916618,1.35675867398,1.45066615509
2020-10-21,1,0.270957103016,0.777663661816,1.27825217666,1.16490584682
2020-10-21,20,2.0301380652,0.920300971425,1.27825217666,1.16490584682
2020-10-22,1,0.118324876703,0.679400217585,1.21781447224,1.1740045409
2020-10-22,20,2.02434679314,0.845647441405,1.21781447224,1.1740045409
2020-10-23,1,3.52105446417,0.571633430592,1.15184509651,1.05430257293
2020-10-23,20,2.04165768728,0.763773951918,1.15184509651,1.05430257293
2020-10-26,1,0.0918214446587,1.27165038792,1.29399765857,1.10264006792
2020-10-26,20,1.88139777206,1.29559672028,1.29399765857,1.10264006792
2020-10-27,1,12.9064457579,1.00425454213,1.22186708574,1.09559428834
2020-10-27,20,2.00532656764,1.09244850012,1.22186708574,1.09559428834
2020-10-28,1,1.4105184465,3.74306213621,1.92294180607,1.70713367031
2020-10-28,20,1.36126146195,3.17319843259,1.92294180607,1.70713367031
2020-10-29,1,1.48930621854,3.19924558679,1.89219640449,1.76372593839
2020-10-29,20,1.29360142343,2.88183942289,1.89219640449,1.76372593839
2020-10-30,1,1.4988984651,2.76089452528,1.86802299334,1.79188236227
2020-10-30,20,1.22974437829,2.53270446091,1.86802299334,1.79188236227
2020-11-02,1,3.11266192989,2.43811328997,1.84587552164,1.70817385935
2020-11-02,20,1.21761066358,2.27561779177,1.84587552164,1.70817385935
2020-11-03,1,4.75568175196,2.57606632065,1.92188270614,1.76479545778
2020-11-03,20,1.06357883768,2.38549371168,1.92188270614,1.76479545778
2020-11-04,1,3.714587737,3.06247954668,2.09191064889,1.85384721632
2020-11-04,20,0.825989657845,2.77290890941,2.09191064889,1.85384721632
2020-11-05,1,0.000828038524384,3.17974028159,2.18927127417,2.00775066268
2020-11-05,20,0.678957954905,2.86630396606,2.18927127417,2.00775066268
2020-11-06,1,1.353028365,2.39843728205,2.05796468004,1.96946621879
2020-11-06,20,0.680793532142,2.24401690671,2.05796468004,1.96946621879
2020-11-09,1,0.0196217121938,2.13525909491,2.01566850113,1.90455724286
2020-11-09,20,0.617015413095,2.03440248022,2.01566850113,1.90455724286
2020-11-10,1,0.58105987696,1.62838042614,1.8959056938,1.88552354963
2020-11-10,20,0.64788222824,1.63068710164,1.8959056938,1.88552354963
2020-11-11,1,1.00573851853,1.38380537561,1.81701494479,1.89249738746
2020-11-11,20,0.619656048197,1.43588957868,1.81701494479,1.89249738746
2020-11-12,1,1.82751105051,1.30174707308,1.76833835921,1.94161550983
2020-11-12,20,0.570170244665,1.37053232316,1.76833835921,1.94161550983
2020-11-13,1,1.34113421353,1.43302741329,1.77188872069,2.03298196194
2020-11-13,20,0.488337847505,1.47509362257,1.77188872069,2.03298196194
2020-11-16,1,0.230730721923,1.41665661334,1.74604345026,1.96449610029
2020-11-16,20,0.503694447146,1.46205471581,1.74604345026,1.96449610029
2020-11-17,1,1.35285061126,1.14491444055,1.65512468656,1.96491138724
2020-11-17,20,0.493726531149,1.24561930252,1.65512468656,1.96491138724
2020-11-18,1,0.155131661968,1.20576890952,1.63698824204,2.0301380652
2020-11-18,20,0.442564360963,1.29408826856,1.63698824204,2.0301380652
2020-11-19,1,0.464542759366,0.970873221031,1.54807684724,2.02434679314
2020-11-19,20,0.440993466789,1.10700010003,1.54807684724,2.02434679314
2020-11-20,1,0.315856159756,0.86904320947,1.48306480196,2.04165768728
2020-11-20,20,0.425425746921,1.02589520413,1.48306480196,2.04165768728
2020-11-23,1,2.57039735624,0.758777613911,1.41303228343,1.88139777206
2020-11-23,20,0.411786259199,0.938071589921,1.41303228343,1.88139777206
2020-11-24,1,0.0251436443024,1.20411332058,1.4824741878,2.00532656764
2020-11-24,20,0.283544301317,1.292769636,1.4824741878,2.00532656764
2020-11-25,1,0.0573176760421,0.939255461929,1.39503435519,1.36126146195
2020-11-25,20,0.28851880459,1.08181739582,1.39503435519,1.36126146195
2020-11-27,1,0.212165315674,0.747317984825,1.31477135444,1.29360142343
2020-11-27,20,0.323364993302,0.910057064668,1.31477135444,1.29360142343
2020-11-30,1,1.2562241709,0.644743532976,1.24861499212,1.22974437829
2020-11-30,20,0.315242876092,0.82985830439,1.24861499212,1.22974437829
2020-12-01,1,0.0320254120199,0.807582994767,1.24907154284,1.21761066358
2020-12-01,20,0.253330336205,0.95717580621,1.24907154284,1.21761066358
2020-12-02,1,0.00389815520167,0.648321629899,1.17604877499,1.06357883768
2020-12-02,20,0.272325741464,0.832655871739,1.17604877499,1.06357883768
2020-12-03,1,0.773953678202,0.523372104559,1.10571973781,0.825989657845
2020-12-03,20,0.382611418947,0.734962958456,1.10571973781,0.825989657845
2020-12-04,1,0.0375395832617,0.606795672625,1.08581377423,0.678957954905
2020-12-04,20,0.368818815408,0.80018842753,1.08581377423,0.678957954905
2020-12-07,1,0.0774659840671,0.500178972237,1.02291732277,0.680793532142
2020-12-07,20,0.383150395983,0.716829198776,1.02291732277,0.680793532142
2020-12-08,1,0.636958015086,0.429991546209,0.966190242449,0.617015413095
2020-12-08,20,0.487885252282,0.661952526728,0.966190242449,0.617015413095
2020-12-09,1,0.0165362760977,0.505929291597,0.946436308808,0.64788222824
2020-12-09,20,0.471035225445,0.721325137828,0.946436308808,0.64788222824
2020-12-10,1,0.0160224479001,0.42031304191,0.890642306845,0.619656048197
2020-12-10,20,0.491832454101,0.654385300853,0.890642306845,0.619656048197
2020-12-11,1,0.190863107309,0.356488305493,0.838165115308,0.570170244665
2020-12-11,20,0.491117735795,0.604483355062,0.838165115308,0.570170244665
2020-12-14,1,1.64826620635,0.349047506179,0.799326994828,0.488337847505
2020-12-14,20,0.484157973098,0.598665699011,0.799326994828,0.488337847505
2020-12-15,1,0.0313724019809,0.677361664202,0.850263347519,0.503694447146
2020-12-15,20,0.408815392051,0.855361084466,0.850263347519,0.503694447146
2020-12-16,1,0.329607207533,0.551274379897,0.801129890787,0.493726531149
2020-12-16,20,0.433282105712,0.756778604074,0.801129890787,0.493726531149
2020-12-17,1,0.123713778496,0.525770228103,0.772838529792,0.442564360963
2020-12-17,20,0.449634758163,0.736837952977,0.772838529792,0.442564360963
2020-12-18,1,0.153188362007,0.459628088266,0.733891044714,0.440993466789
2020-12-18,20,0.539213805898,0.685124124422,0.733891044714,0.440993466789
2020-12-21,1,0.0430664053075,0.417163550752,0.699048883752,0.425425746921
2020-12-21,20,0.531604528744,0.651922842787,0.699048883752,0.425425746921
2020-12-22,1,0.00555819859388,0.360339794591,0.659689935045,0.411786259199
2020-12-22,20,0.533996781269,0.60749467655,0.659689935045,0.411786259199
2020-12-23,1,0.124633709778,0.309465154448,0.620442030858,0.283544301317
2020-12-23,20,0.540232457794,0.567717880325,0.620442030858,0.283544301317
2020-12-24,1,0.754241450276,0.298886261453,0.590693531593,0.28851880459
2020-12-24,20,0.535110737617,0.559446677428,0.590693531593,0.28851880459
2020-12-28,1,0.0497229714796,0.432638424325,0.600506406714,0.323364993302
2020-12-28,20,0.835744947028,0.652515657418,0.600506406714,0.323364993302
2020-12-29,1,0.0179733731484,0.37349418289,0.5674594006,0.315242876092
2020-12-29,20,0.880432885037,0.607347974986,0.5674594006,0.315242876092
2020-12-30,1,0.411933517214,0.322289615378,0.534490238953,0.253330336205
2020-12-30,20,1.06966658072,0.568243717526,0.534490238953,0.253330336205
2020-12-31,1,2.20961170485,0.373264166586,0.527136835649,0.272325741464
2020-12-31,20,1.17586157384,0.607172314548,0.527136835649,0.272325741464
2021-01-04,1,0.498101607433,0.817730955863,0.628085327801,0.382611418947
2021-01-04,20,1.16063588943,0.946605779279,0.628085327801,0.382611418947
2021-01-05,1,0.324171194768,0.76153819303,0.620286304578,0.368818815408
2021-01-05,20,1.1362391038,0.903692102394,0.620286304578,0.368818815408
2021-01-06,1,2.17216311004,0.680378121621,0.60251939799,0.383150395983
2021-01-06,20,1.17829491189,0.841711219006,0.60251939799,0.383150395983
2021-01-07,1,0.299957478349,1.03786664228,0.696698020713,0.487885252282
2021-01-07,20,1.07725249366,1.11472051935,0.696698020713,0.487885252282
2021-01-08,1,0.43248084921,0.88059112768,0.672893588171,0.471035225445
2021-01-08,20,1.08942860406,0.994611269067,0.672893588171,0.471035225445
2021-01-11,1,0.00172808178203,0.793489630361,0.658468823833,0.491832454101
2021-01-11,20,1.06842522161,0.92809299654,0.658468823833,0.491832454101
2021-01-12,1,0.0516678533727,0.631244967986,0.61906437931,0.491117735795
2021-01-12,20,1.06839841442,0.804188873189,0.61906437931,0.491117735795
2021-01-13,1,0.141414585401,0.52176933721,0.585020587754,0.484157973098
2021-01-13,20,1.06719460652,0.720583768028,0.585020587754,0.484157973098
2021-01-14,1,0.520706675208,0.460574879454,0.558404227613,0.408815392051
2021-01-14,20,1.0711687406,0.673850362249,0.558404227613,0.408815392051
2021-01-15,1,0.656660256547,0.50079632356,0.556142374469,0.433282105712
2021-01-15,20,1.04529553467,0.704566952237,0.556142374469,0.433282105712
2021-01-19,1,1.91529473321,0.561479935816,0.562173447393,0.449634758163
2021-01-19,20,1.01251386702,0.750910231999,0.562173447393,0.449634758163
2021-01-20,1,0.00100281891108,0.89127556084,0.643360724542,0.539213805898
2021-01-20,20,0.926542161004,1.00277083071,0.643360724542,0.539213805898
2021-01-21,1,0.090911455809,0.70386917731,0.604819250204,0.531604528744
2021-01-21,20,0.928215537292,0.859651030517,0.604819250204,0.531604528744
2021-01-22,1,0.130271729099,0.584702571285,0.573984782541,0.533996781269
2021-01-22,20,0.953801217541,0.768645054504,0.573984782541,0.533996781269
2021-01-25,1,0.0221993062349,0.504900221601,0.547361999334,0.540232457794
2021-01-25,20,0.948075808388,0.707701045412,0.547361999334,0.540232457794
2021-01-26,1,6.76692563851,0.421059039163,0.515852237748,0.535110737617
2021-01-26,20,1.0106715638,0.643672632652,0.515852237748,0.535110737617
2021-01-27,1,0.943481731657,1.85198708941,0.890916641793,0.835744947028
2021-01-27,20,0.979433601469,1.73000886315,0.890916641793,0.835744947028
2021-01-28,1,3.80264728679,1.63657395948,0.894070547185,0.880432885037
2021-01-28,20,0.943595609778,1.56639459138,0.894070547185,0.880432885037
2021-01-29,1,2.53583337964,2.10494530137,1.06858515156,1.06966658072
2021-01-29,20,1.02987439034,1.922140019,1.06858515156,1.06966658072
2021-02-01,1,1.9050980167,2.17696649047,1.15662004525,1.17586157384
2021-02-01,20,0.935998612698,1.9768427867,1.15662004525,1.17586157384
2021-02-02,1,0.0101658946843,2.09200875507,1.20152872353,1.16063588943
2021-02-02,20,0.927235681608,1.91231423167,1.20152872353,1.16063588943
2021-02-03,1,1.16528735656,1.61089251592,1.1300469538,1.1362391038
2021-02-03,20,1.01796093305,1.5468885813,1.1300469538,1.1362391038
2021-02-04,1,0.151314745548,1.50471325925,1.13216137797,1.17829491189
2021-02-04,20,1.14610287747,1.46624149278,1.13216137797,1.17829491189
2021-02-05,1,0.543479686419,1.2017553095,1.07331058002,1.07725249366
2021-02-05,20,1.15297516094,1.23613367929,1.07331058002,1.07725249366
2021-02-08,1,0.012413200207,1.06105073991,1.04152072641,1.08942860406
2021-02-08,20,1.22457832166,1.12926333347,1.04152072641,1.08942860406
2021-02-09,1,0.00119193780251,0.838591893086,0.979774274835,1.06842522161
2021-02-09,20,1.24203095874,0.96029757808,0.979774274835,1.06842522161
2021-02-10,1,0.0275916953966,0.669367074941,0.921059334613,1.06839841442
2021-02-10,20,1.29544803919,0.831765044363,0.921059334613,1.06839841442
2021-02-11,1,0.220897267068,0.548333443627,0.86745127626,1.06719460652
2021-02-11,20,1.29458344851,0.739835506672,0.86745127626,1.06719460652
2021-02-12,1,0.00324255667353,0.500190959432,0.828658035708,1.0711687406
2021-02-12,20,1.30447511442,0.703269502106,0.828658035708,1.0711687406
2021-02-16,1,0.00102690348828,0.416156893565,0.779133106966,1.04529553467
2021-02-16,20,1.30554687666,0.63944250839,0.779133106966,1.04529553467
2021-02-17,1,0.195860612884,0.352677725342,0.732446734757,1.01251386702
2021-02-17,20,1.30962904738,0.591227722761,0.732446734757,1.01251386702
2021-02-18,1,0.0344703446636,0.348014115373,0.700251567445,0.926542161004
2021-02-18,20,1.41040279508,0.587685537801,0.700251567445,0.926542161004
2021-02-19,1,0.602625060792,0.308965813039,0.660304694078,0.928215537292
2021-02-19,20,1.40886101341,0.55802690208,0.660304694078,0.928215537292
2021-02-22,1,0.0157635460542,0.404853859451,0.656843916081,0.953801217541
2021-02-22,20,1.40323365882,0.63085743423,0.656843916081,0.953801217541
2021-02-23,1,1.2741144145,0.347451406397,0.618379093879,0.948075808388
2021-02-23,20,1.43178418631,0.587258139437,0.618379093879,0.948075808388
2021-02-24,1,6.14216639184,0.581624016599,0.657723213117,1.0106715638
2021-02-24,20,1.38310647289,0.765120933124,0.657723213117,1.0106715638
2021-02-25,1,0.226721897847,1.92954168632,0.98678980384,0.979433601469
2021-02-25,20,1.08965674049,1.80480186403,0.98678980384,0.979433601469
2021-02-26,1,5.52822289795,1.51241935999,0.941185729481,0.943595609778
2021-02-26,20,1.21435356904,1.49026415134,0.941185729481,0.943595609778
2021-03-01,1,0.658317826881,2.45632277335,1.21640795959,1.02987439034
2021-03-01,20,0.938319474412,2.20202950624,1.21640795959,1.02987439034
2021-03-02,1,1.7298393949,2.00045851848,1.18292255163,0.935998612698
2021-03-02,20,0.910405328006,1.85827782724,1.18292255163,0.935998612698
2021-03-03,1,1.82467092349,1.91877053385,1.21573756222,0.927235681608
2021-03-03,20,0.830450918452,1.7966797055,1.21573756222,0.927235681608
2021-03-04,1,3.72812624502,1.88122360004,1.2522735639,1.01796093305
2021-03-04,20,0.8083171468,1.76836684394,1.2522735639,1.01796093305
2021-03-05,1,0.288760414991,2.30241337924,1.40082472477,1.14610287747
2021-03-05,20,0.724656771621,2.08597168404,1.40082472477,1.14610287747
2021-03-08,1,1.97554290072,1.80047513894,1.33410086618,1.15297516094
2021-03-08,20,0.710693093683,1.70747718483,1.33410086618,1.15297516094
2021-03-09,1,0.361465941842,1.8300431251,1.37258738825,1.22457832166
2021-03-09,20,0.613002501417,1.72977339424,1.37258738825,1.22457832166
2021-03-10,1,1.06953354686,1.47122077804,1.31192010147,1.24203095874
2021-03-10,20,0.603798627317,1.45919770653,1.31192010147,1.24203095874
2021-03-11,1,0.010299881685,1.37501347497,1.29737690819,1.29544803919
2021-03-11,20,0.57989221578,1.38665106219,1.29737690819,1.29544803919
2021-03-12,1,0.418730585227,1.05475835661,1.2201522866,1.29458344851
2021-03-12,20,0.579396448923,1.14515760561,1.2201522866,1.29458344851
2021-03-15,1,0.0246778015361,0.916195966188,1.17206698452,1.30447511442
2021-03-15,20,0.563868916568,1.0406724352,1.17206698452,1.30447511442
2021-03-16,1,0.0826703179827,0.721692130867,1.10322363354,1.30554687666
2021-03-16,20,0.571024061794,0.894003730098,1.10322363354,1.30554687666
2021-03-17,1,2.21133556675,0.592731666396,1.04199043461,1.30962904738
2021-03-17,20,0.627755209159,0.796759044399,1.04199043461,1.30962904738
2021-03-18,1,0.00363471135635,0.999978261028,1.11215114253,1.41040279508
2021-03-18,20,0.523676797726,1.10384980481,1.11215114253,1.41040279508
2021-03-19,1,0.49007796887,0.778169838695,1.04564015666,1.40886101341
2021-03-19,20,0.537649932631,0.936591642364,1.04564015666,1.40886101341
2021-03-22,1,0.586774096022,0.730190237852,1.0123064254,1.40323365882
2021-03-22,20,0.536440175705,0.900411862591,1.0123064254,1.40323365882
2021-03-23,1,0.300560145995,0.717801579054,0.986774485634,1.43178418631
2021-03-23,20,0.550003249184,0.891069997734,0.986774485634,1.43178418631
2021-03-24,1,0.273171743792,0.641244350472,0.945601625255,1.38310647289
2021-03-24,20,0.577787372665,0.833340804047,0.945601625255,1.38310647289
2021-03-25,1,2.72065846889,0.577016006027,0.905255832368,1.08965674049
2021-03-25,20,0.623200821214,0.784212592301,0.905255832368,1.08965674049
2021-03-26,1,0.00754100543225,1.1105636952,1.01417999056,1.21435356904
2021-03-26,20,0.488753316529,1.18432784818,1.01417999056,1.21435356904
2021-03-29,1,0.100034898745,0.858802088047,0.953781651452,0.938319474412
2021-03-29,20,0.488399361341,0.99552811779,0.953781651452,0.938319474412
2021-03-30,1,0.130751203825,0.696473817573,0.902556846289,0.910405328006
2021-03-30,20,0.483755387768,0.873795761348,0.902556846289,0.910405328006
2021-03-31,1,1.38199549044,0.584964100273,0.856248507741,0.830450918452
2021-03-31,20,0.499931907536,0.790172985022,0.856248507741,0.830450918452
2021-04-01,1,2.05491874144,0.799528817892,0.887793326704,0.8083171468
2021-04-01,20,0.456901484139,0.951078221115,0.887793326704,0.8083171468
2021-04-05,1,0.00948685624736,1.11580716644,0.957820851588,0.724656771621
2021-04-05,20,0.357921197726,1.18826000435,0.957820851588,0.724656771621
2021-04-06,1,0.021731055393,0.863099445993,0.900920811867,0.710693093683
2021-04-06,20,0.379896796367,0.998750769689,0.900920811867,0.710693093683
2021-04-07,1,0.177388459855,0.681084424225,0.848169426479,0.613002501417
2021-04-07,20,0.379057500283,0.862255029034,0.848169426479,0.613002501417
2021-04-08,1,0.591405316099,0.584741923638,0.807922568481,0.603798627317
2021-04-08,20,0.403255224858,0.790006371497,0.807922568481,0.603798627317
2021-04-09,1,0.000384544549168,0.61223993663,0.794931533338,0.57989221578
2021-04-09,20,0.400668957861,0.810627535692,0.794931533338,0.57989221578
2021-04-12,1,0.108179938125,0.492471139127,0.747258714011,0.579396448923
2021-04-12,20,0.455674821227,0.720811153705,0.747258714011,0.579396448923
2021-04-13,1,0.167780706063,0.430347345525,0.708913987458,0.563868916568
2021-04-13,20,0.488213119587,0.674223607591,0.708913987458,0.563868916568
2021-04-14,1,1.21729326527,0.398996693371,0.676445990574,0.571024061794
2021-04-14,20,0.714895609682,0.65071329265,0.676445990574,0.571024061794
2021-04-15,1,0.1297673381,0.624467712662,0.708896827056,0.627755209159
2021-04-15,20,0.727231645877,0.819797324702,0.708896827056,0.627755209159
2021-04-16,1,0.283097409457,0.532042398222,0.674149057719,0.523676797726
2021-04-16,20,0.830378431966,0.750486222644,0.674149057719,0.523676797726
2021-04-19,1,0.465882830342,0.500704266673,0.650685958823,0.537649932631
2021-04-19,20,0.819432260007,0.726985297088,0.650685958823,0.537649932631
2021-04-20,1,0.858035565619,0.52103713466,0.639597771114,0.536440175705
2021-04-20,20,0.832721629489,0.742233213708,0.639597771114,0.536440175705
2021-04-21,1,0.856242615613,0.628734633165,0.652704038784,0.550003249184
2021-04-21,20,0.794164471578,0.822997151115,0.652704038784,0.550003249184
2021-04-22,1,1.18144071477,0.707115450569,0.664916353394,0.577787372665
2021-04-22,20,0.806471348973,0.881776078376,0.664916353394,0.577787372665
2021-04-23,1,0.0317083751854,0.84078952939,0.695907815077,0.623200821214
2021-04-23,20,0.747706788703,0.986425245421,0.695907815077,0.623200821214
2021-04-26,1,0.000461901685801,0.669371207788,0.656055848683,0.488753316529
2021-04-26,20,0.794755798228,0.856676246118,0.656055848683,0.488753316529
2021-04-27,1,0.00715542728402,0.536049355691,0.616720211863,0.488399361341
2021-04-27,20,0.79699592786,0.755763013896,0.616720211863,0.488399361341
2021-04-28,1,0.454281599168,0.439624715287,0.580146324789,0.483755387768
2021-04-28,20,0.798396076904,0.682777813227,0.580146324789,0.483755387768
2021-04-29,1,0.521387022523,0.473586218429,0.572594441251,0.499931907536
2021-04-29,20,0.776360185557,0.708483764646,0.572594441251,0.499931907536
2021-04-30,1,0.0753130131598,0.514282422082,0.569521996128,0.456901484139
2021-04-30,20,0.750586196999,0.73928730799,0.569521996128,0.456901484139
2021-05-03,1,0.448998829078,0.43960617813,0.53986945715,0.357921197726
2021-05-03,20,0.746941802185,0.682763782185,0.53986945715,0.357921197726
2021-05-04,1,0.00494513371492,0.472333968978,0.534417219465,0.379896796367
2021-05-04,20,0.725537158285,0.70753591898,0.534417219465,0.379896796367
2021-05-05,1,0.661342951354,0.392274486394,0.50264889432,0.379057500283
2021-05-05,20,0.731897615754,0.646937742234,0.50264889432,0.379057500283
2021-05-06,1,0.539679976154,0.487331545344,0.512170537742,0.403255224858
2021-05-06,20,0.737509148986,0.718887800782,0.512170537742,0.403255224858
2021-05-07,1,1.10050181187,0.528674548661,0.513821104047,0.400668957861
2021-05-07,20,0.710842799527,0.750180916118,0.513821104047,0.400668957861
2021-05-10,1,0.758945905328,0.690555473971,0.549021946516,0.455674821227
2021-05-10,20,0.655833023104,0.872710922648,0.549021946516,0.455674821227
2021-05-11,1,4.70143050797,0.729458080329,0.561617384045,0.488213119587
2021-05-11,20,0.619552012458,0.902156866338,0.561617384045,0.488213119587
2021-05-12,1,1.46401398916,1.68242657792,0.810006171481,0.714895609682
2021-05-12,20,0.39525203828,1.62347246303,0.810006171481,0.714895609682
2021-05-13,1,2.19270305989,1.62381549895,0.849246640541,0.727231645877
2021-05-13,20,0.32394584573,1.57910889224,0.849246640541,0.727231645877
2021-05-14,1,0.0641739702655,1.75158729618,0.929854025702,0.830378431966
2021-05-14,20,0.215955186117,1.67582120791,0.929854025702,0.830378431966
2021-05-17,1,0.731670219978,1.34643652533,0.877913222376,0.819432260007
2021-05-17,20,0.214774021631,1.36915674758,0.877913222376,0.819432260007
2021-05-18,1,0.0868924074156,1.20514764276,0.869138642232,0.832721629489
2021-05-18,20,0.192795921929,1.26221315512,0.869138642232,0.832721629489
2021-05-19,1,1.10238016351,0.950119908105,0.822203868143,0.794164471578
2021-05-19,20,0.188546266973,1.06917898551,0.822203868143,0.794164471578
2021-05-20,1,0.00614950937388,1.00076604795,0.839014445865,0.806471348973
2021-05-20,20,0.220697218345,1.10751377902,0.839014445865,0.806471348973
2021-05-21,1,0.972688565672,0.777262443495,0.789042549676,0.747706788703
2021-05-21,20,0.317066529029,0.948270930142,0.789042549676,0.747706788703
2021-05-24,1,0.0452644943259,0.845529848753,0.800061310635,0.794755798228
2021-05-24,20,0.281495338331,1.0002389157,0.800061310635,0.794755798228
2021-05-25,1,0.0351584081811,0.672922226421,0.754773501657,0.79699592786
2021-05-25,20,0.279819501265,0.868842821321,0.754773501657,0.79699592786
2021-05-26,1,0.0135637722181,0.54444874345,0.711596596048,0.798396076904
2021-05-26,20,0.294849287737,0.771043467703,0.711596596048,0.798396076904
2021-05-27,1,0.00590725135542,0.445449131423,0.669714626618,0.776360185557
2021-05-27,20,0.299699121651,0.695680849358,0.669714626618,0.776360185557
2021-05-28,1,0.00242511689285,0.371316593002,0.629886184103,0.750586196999
2021-05-28,20,0.30207709897,0.639248080729,0.629886184103,0.750586196999
2021-06-01,1,0.0209059510703,0.316344921766,0.59223852007,0.746941802185
2021-06-01,20,0.301994290145,0.59740136038,0.59223852007,0.746941802185
2021-06-02,1,0.132154283094,0.280634015626,0.55795856593,0.725537158285
2021-06-02,20,0.301829826597,0.570216734753,0.55795856593,0.725537158285
2021-06-03,1,0.773573615997,0.281240687623,0.53241030896,0.731897615754
2021-06-03,20,0.308783960222,0.570678558685,0.53241030896,0.731897615754
2021-06-04,1,0.00635298696664,0.435540781083,0.546880107382,0.737509148986
2021-06-04,20,0.298021387952,0.688138201364,0.546880107382,0.737509148986
2021-06-07,1,0.000306283423998,0.364187788067,0.514448480157,0.710842799527
2021-06-07,20,0.299751829815,0.633821338193,0.514448480157,0.710842799527
2021-06-08,1,0.033325692394,0.310630759689,0.483599948353,0.655833023104
2021-06-08,20,0.305358982198,0.593051502769,0.483599948353,0.655833023104
2021-06-09,1,0.215431024418,0.279440281544,0.456583492996,0.619552012458
2021-06-09,20,0.340654476506,0.569308014767,0.456583492996,0.619552012458
2021-06-10,1,0.0378901381694,0.300344512006,0.442114344881,0.39525203828
2021-06-10,20,0.392769085296,0.585221183615,0.442114344881,0.39525203828
2021-06-11,1,0.0328898676215,0.273023465097,0.417860892478,0.32394584573
2021-06-11,20,0.396809392551,0.564423267453,0.417860892478,0.32394584573
2021-06-14,1,0.040550680543,0.251872442035,0.394762630987,0.215955186117
2021-06-14,20,0.401370703061,0.548322229823,0.394762630987,0.215955186117
2021-06-15,1,0.292108225931,0.238264182922,0.37350991396,0.214774021631
2021-06-15,20,0.400020915709,0.537963057531,0.37350991396,0.214774021631
2021-06-16,1,0.00189930829987,0.288667577491,0.368625812679,0.192795921929
2021-06-16,20,0.390754022906,0.576332215858,0.368625812679,0.192795921929
2021-06-17,1,1.74539919096,0.255863096715,0.346622222416,0.188546266973
2021-06-17,20,0.419291942434,0.551360081987,0.346622222416,0.188546266973
2021-06-18,1,1.93353572304,0.65011991738,0.430548840528,0.220697218345
2021-06-18,20,0.459970490465,0.851484756188,0.430548840528,0.220697218345
2021-06-21,1,0.261264751711,0.947475464314,0.520728053479,0.317066529029
2021-06-21,20,0.476526985398,1.0453096113,0.520728053479,0.317066529029
2021-06-22,1,0.0117477530117,0.803609035337,0.505160255373,0.281495338331
2021-06-22,20,0.497149721776,0.937469721538,0.505160255373,0.281495338331
2021-06-23,1,0.335754137626,0.640240654209,0.475555505231,0.279819501265
2021-06-23,20,0.498591719698,0.815011491803,0.475555505231,0.279819501265
2021-06-24,1,0.110560450492,0.592996798192,0.467167423175,0.294849287737
2021-06-24,20,0.532751785978,0.779598280667,0.467167423175,0.294849287737
2021-06-25,1,0.0534667977421,0.506734843166,0.445771004814,0.299699121651
2021-06-25,20,0.53005445693,0.714937749461,0.445771004814,0.299699121651
2021-06-28,1,0.000768940381057,0.429842012977,0.42223275239,0.30207709897
2021-06-28,20,0.538537237027,0.657300158887,0.42223275239,0.30207709897
2021-06-29,1,0.0176166801192,0.360889707499,0.396944923669,0.301994290145
2021-06-29,20,0.538516139984,0.605614653975,0.396944923669,0.301994290145
2021-06-30,1,0.2712369556,0.313651917478,0.374185229056,0.301829826597
2021-06-30,20,0.546444103288,0.570205989811,0.374185229056,0.301829826597
2021-07-01,1,0.558322170596,0.336402415299,0.368008332649,0.308783960222
2021-07-01,20,0.54757432352,0.587259385758,0.368008332649,0.308783960222
2021-07-02,1,0.040961824225,0.418612369327,0.379427162926,0.298021387952
2021-07-02,20,0.521359315573,0.648882604201,0.379427162926,0.298021387952
2021-07-06,1,0.11244933109,0.361722253251,0.359119242604,0.299751829815
2021-07-06,20,0.552685358502,0.606238716467,0.359119242604,0.299751829815
2021-07-07,1,0.739235578543,0.335858422769,0.344319047913,0.305358982198
2021-07-07,20,0.557842315979,0.586851617978,0.344319047913,0.305358982198
2021-07-08,1,1.25772320021,0.459396620439,0.368014039751,0.340654476506
2021-07-08,20,0.538805531295,0.679453802605,0.368014039751,0.340654476506
2021-07-09,1,0.118696283268,0.668942269223,0.421396589378,0.392769085296
2021-07-09,20,0.477320282547,0.836525746525,0.421396589378,0.392769085296
2021-07-12,1,0.124116077826,0.56484033433,0.403234571012,0.396809392551
2021-07-12,20,0.471827597694,0.758492662209,0.403234571012,0.396809392551
2021-07-13,1,0.0135549335024,0.488965288225,0.386487461421,0.401370703061
2021-07-13,20,0.466114011279,0.701617985709,0.386487461421,0.401370703061
2021-07-14,1,0.10677036988,0.407593563881,0.364111509745,0.400020915709
2021-07-14,20,0.466248988772,0.640623090338,0.364111509745,0.400020915709
2021-07-15,1,0.572657698851,0.368542692451,0.348671041354,0.390754022906
2021-07-15,20,0.469471196705,0.611351204604,0.348671041354,0.390754022906
2021-07-16,1,2.55897015159,0.445682527562,0.362110240803,0.419291942434
2021-07-16,20,0.442127955974,0.669173945973,0.362110240803,0.419291942434
2021-07-19,1,2.2646656217,0.955029226819,0.493921835451,0.459970490465
2021-07-19,20,0.317604898044,1.05097178642,0.493921835451,0.459970490465
2021-07-20,1,0.673719479271,1.23072029333,0.600166462626,0.476526985398
2021-07-20,20,0.229475497483,1.25077307138,0.600166462626,0.476526985398
2021-07-21,1,0.0405877114351,1.11237356572,0.604579643624,0.497149721776
2021-07-21,20,0.254181396378,1.16115220802,0.604579643624,0.497149721776
2021-07-22,1,1.01895546324,0.885928967474,0.570740127693,0.498591719698
2021-07-22,20,0.252940657301,0.989671671042,0.570740127693,0.498591719698
2021-07-23,1,0.0566138695297,0.927814069576,0.597633047826,0.532751785978
2021-07-23,20,0.234867612668,1.02139015696,0.597633047826,0.532751785978
2021-07-26,1,0.223122399684,0.750516556353,0.565171897128,0.53005445693
2021-07-26,20,0.268057173098,0.887127414515,0.565171897128,0.53005445693
2021-07-27,1,0.000346999521039,0.653222240183,0.544648927281,0.538537237027
2021-07-27,20,0.258017995795,0.813448988487,0.544648927281,0.538537237027
2021-07-28,1,0.176175946193,0.531663641412,0.511990811616,0.538516139984
2021-07-28,20,0.260459647998,0.721395859587,0.511990811616,0.538516139984
2021-07-29,1,0.293841360229,0.478337979017,0.491841919691,0.546444103288
2021-07-29,20,0.268715039583,0.68101373834,0.491841919691,0.546444103288
2021-07-30,1,0.0340220116689,0.463740012377,0.479961886123,0.54757432352
2021-07-30,20,0.292471279412,0.669959082246,0.479961886123,0.54757432352
2021-08-02,1,0.667482682796,0.396376254305,0.453205493656,0.521359315573
2021-08-02,20,0.300003676068,0.618946280456,0.453205493656,0.521359315573
2021-08-03,1,0.215588480636,0.483136126014,0.466062125004,0.552685358502
2021-08-03,20,0.267540828265,0.684647248832,0.466062125004,0.552685358502
2021-08-04,1,0.358499884853,0.450370791993,0.451033706342,0.557842315979
2021-08-04,20,0.256809963997,0.659834923365,0.451033706342,0.557842315979
2021-08-05,1,0.0280182252682,0.456723579962,0.445481677053,0.538805531295
2021-08-05,20,0.242913811069,0.664645722565,0.445481677053,0.538805531295
2021-08-06,1,0.008842586208,0.389793291665,0.420433869946,0.477320282547
2021-08-06,20,0.241569041542,0.613961176033,0.420433869946,0.477320282547
2021-08-09,1,0.00984434951439,0.335264109109,0.395738392921,0.471827597694
2021-08-09,20,0.246911511484,0.572667660631,0.395738392921,0.471827597694
2021-08-10,1,0.0162544833574,0.294445642103,0.372584750317,0.466114011279
2021-08-10,20,0.247289750761,0.541756909414,0.372584750317,0.466114011279
2021-08-11,1,0.171214528558,0.265118709559,0.351204934299,0.466248988772
2021-08-11,20,0.257131895468,0.519548394928,0.351204934299,0.466248988772
2021-08-12,1,0.0257928842307,0.276673489655,0.340405509955,0.469471196705
2021-08-12,20,0.278622202516,0.528298525913,0.340405509955,0.469471196705
2021-08-13,1,0.0685089929758,0.25381404124,0.321528752411,0.442127955974
2021-08-13,20,0.279917869697,0.510987667012,0.321528752411,0.442127955974
2021-08-16,1,0.502077610489,0.245880153404,0.306347566845,0.317604898044
2021-08-16,20,0.293099737659,0.504979542477,0.306347566845,0.317604898044
2021-08-17,1,1.16783745718,0.337595733893,0.318091369464,0.229475497483
2021-08-17,20,0.303598261824,0.578639703702,0.318091369464,0.229475497483
2021-08-18,1,0.0157729298886,0.551107542181,0.369076134727,0.254181396378
2021-08-18,20,0.246411276018,0.73554017573,0.369076134727,0.254181396378
2021-08-19,1,0.65749457057,0.456909756646,0.347877942437,0.252940657301
2021-08-19,20,0.287507950006,0.666318350797,0.347877942437,0.252940657301
2021-08-20,1,0.720405078134,0.527831325401,0.366454940125,0.234867612668
2021-08-20,20,0.40123311689,0.71843550396,0.366454940125,0.234867612668
2021-08-23,1,0.0223388536324,0.594584820552,0.387691948405,0.268057173098
2021-08-23,20,0.365543094411,0.767489722472,0.387691948405,0.268057173098
2021-08-24,1,0.0491800435809,0.490790832621,0.365770762719,0.258017995795
2021-08-24,20,0.409310034315,0.691216068895,0.365770762719,0.258017995795
2021-08-25,1,0.341283777881,0.419260840819,0.346775319571,0.260459647998
2021-08-25,20,0.479593098809,0.638651812296,0.346775319571,0.260459647998
2021-08-26,1,0.768966156816,0.43016729107,0.346445827069,0.268715039583
2021-08-26,20,0.463594626421,0.646666484675,0.346445827069,0.268715039583
2021-08-27,1,0.184669944795,0.532407133778,0.371797046854,0.292471279412
2021-08-27,20,0.429011196708,0.721798065029,0.371797046854,0.292471279412
2021-08-30,1,0.0182257267367,0.480120699337,0.36056942073,0.300003676068
2021-08-30,20,0.6314289747,0.6833750555,0.36056942073,0.300003676068
2021-08-31,1,0.000971195275978,0.404489465746,0.340028799091,0.267540828265
2021-08-31,20,0.631746928763,0.627796976022,0.340028799091,0.267540828265
2021-09-01,1,0.0805768262894,0.344268003248,0.319685342862,0.256809963997
2021-09-01,20,0.703472981004,0.583542862079,0.319685342862,0.256809963997
2021-09-02,1,0.00112283472614,0.316855216724,0.305338831868,0.242913811069
2021-09-02,20,0.764720330538,0.563398406464,0.305338831868,0.242913811069
2021-09-03,1,0.115691985049,0.278921533058,0.287085872039,0.241569041542
2021-09-03,20,0.85008908253,0.535522604556,0.287085872039,0.241569041542
2021-09-07,1,0.017409135056,0.275829652064,0.27680223882,0.246911511484
2021-09-07,20,0.899109881605,0.533250516697,0.27680223882,0.246911511484
2021-09-08,1,0.213097377501,0.251897746477,0.261238652594,0.247289750761
2021-09-08,20,0.906621477869,0.515664007954,0.261238652594,0.247289750761
2021-09-09,1,0.601020669513,0.277100592222,0.258350176088,0.257131895468
2021-09-09,20,0.930113781151,0.534184474927,0.258350176088,0.257131895468
2021-09-10,1,0.0517062278527,0.381258109758,0.278910405694,0.278622202516
2021-09-10,20,0.901897426224,0.610725270482,0.278910405694,0.278622202516
2021-09-13,1,0.33214635221,0.338099409881,0.265278155023,0.279917869697
2021-09-13,20,0.923044317916,0.579009833116,0.265278155023,0.279917869697
2021-09-14,1,0.712048093784,0.367606014227,0.269290246854,0.293099737659
2021-09-14,20,0.909364488111,0.600692943698,0.269290246854,0.293099737659
2021-09-15,1,0.0240977410725,0.462933681739,0.29585571767,0.303598261824
2021-09-15,20,0.878316112239,0.666158897334,0.29585571767,0.303598261824
2021-09-16,1,0.837706409655,0.390114071762,0.279550239074,0.246411276018
2021-09-16,20,1.02024025141,0.608973725494,0.279550239074,0.246411276018
2021-09-17,1,2.93199790823,0.516649410642,0.313039609309,0.287507950006
2021-09-17,20,1.00597611244,0.708341809174,0.313039609309,0.287507950006
2021-09-20,1,0.00660462855768,1.07813863849,0.470177107245,0.40123311689
2021-09-20,20,0.865051593335,1.14927877644,0.470177107245,0.40123311689
2021-09-21,1,0.897677651714,0.848196611144,0.442362758523,0.365543094411
2021-09-21,20,0.891851391666,0.968705516696,0.442362758523,0.365543094411
2021-09-22,1,1.45484133346,0.873997177389,0.469681652115,0.409310034315
2021-09-22,20,0.853655553606,0.988966677321,0.469681652115,0.409310034315
2021-09-23,1,0.0213143301245,1.01747088667,0.528791232996,0.479593098809
2021-09-23,20,0.785387703477,1.10163644749,0.528791232996,0.479593098809
2021-09-24,1,0.0772975625586,0.80591542883,0.498342618824,0.463594626421
2021-09-24,20,0.784897790137,0.935502143635,0.498342618824,0.463594626421
2021-09-27,1,4.23302550462,0.659520417512,0.473079915448,0.429011196708
2021-09-27,20,0.792252304381,0.820538277701,0.473079915448,0.429011196708
2021-09-28,1,0.0245848080067,1.47520823297,0.698676650798,0.6314289747
2021-09-28,20,0.582253848284,1.46109715889,0.698676650798,0.6314289747
2021-09-29,1,1.4354922401,1.15037480336,0.65823114023,0.631746928763
2021-09-29,20,0.593848531511,1.20600576938,0.65823114023,0.631746928763
2021-09-30,1,1.30552381696,1.22070278327,0.704866806222,0.703472981004
2021-09-30,20,0.569910721125,1.26123426646,0.704866806222,0.703472981004
2021-10-01,1,1.70849787458,1.24456615855,0.740906226867,0.764720330538
2021-10-01,20,0.506530786163,1.27997415282,0.740906226867,0.764720330538
2021-10-04,1,1.09610796654,1.35224192805,0.798961725729,0.85008908253
2021-10-04,20,0.422723119724,1.36453183425,0.798961725729,0.85008908253
2021-10-05,1,0.167641060341,1.29669950652,0.816790500178,0.899109881605
2021-10-05,20,0.374665416035,1.32091442239,0.816790500178,0.899109881605
2021-10-06,1,0.682943443134,1.04818983613,0.777841533788,0.906621477869
2021-10-06,20,0.387023348447,1.12576000987,0.777841533788,0.906621477869
2021-10-07,1,0.0366935709708,0.976350502364,0.772147648349,0.930113781151
2021-10-07,20,0.361584068652,1.06934464802,0.772147648349,0.930113781151
2021-10-08,1,0.474644061709,0.778462175144,0.728020403706,0.901897426224
2021-10-08,20,0.366690369383,0.913943129105,0.728020403706,0.901897426224
2021-10-11,1,0.0585497560943,0.727407294291,0.712817823186,0.923044317916
2021-10-11,20,0.343351900407,0.873849778758,0.712817823186,0.923044317916
2021-10-12,1,0.091080576346,0.596390153205,0.673561739161,0.909364488111
2021-10-12,20,0.346566612903,0.770962139983,0.673561739161,0.909364488111
2021-10-13,1,2.8625805245,0.504293994374,0.638612869392,0.878316112239
2021-10-13,20,0.376125080372,0.713361416409,0.638612869392,0.878316112239
2021-10-14,1,0.552423630223,1.0675319222,0.772050928698,1.02024025141
2021-10-14,20,0.233147738041,1.16432331309,0.772050928698,1.02024025141
2021-10-15,1,0.113507526163,0.961764925249,0.75887329079,1.00597611244
2021-10-15,20,0.231422784444,1.0796399436,0.75887329079,1.00597611244
2021-10-18,1,0.542600595177,0.782562941074,0.720151344912,0.865051593335
2021-10-18,20,0.225747465809,0.936160141053,0.720151344912,0.865051593335
2021-10-19,1,0.133760890511,0.746436804301,0.709498299928,0.891851391666
2021-10-19,20,0.206058665677,0.907235400098,0.709498299928,0.891851391666
2021-10-20,1,0.0894843308771,0.626169495939,0.674954055363,0.853655553606
2021-10-20,20,0.202763673984,0.810942215978,0.674954055363,0.853655553606
2021-10-21,1,0.0115160633278,0.526139573086,0.639825871894,0.785387703477
2021-10-21,20,0.203998496699,0.730852290378,0.639825871894,0.785387703477
2021-10-22,1,0.224387847443,0.433557432482,0.60212728338,0.784897790137
2021-10-22,20,0.204402196043,0.656725503699,0.60212728338,0.784897790137
2021-10-25,1,0.033056382676,0.412883189524,0.579462917224,0.792252304381
2021-10-25,20,0.198310032835,0.640172471035,0.579462917224,0.792252304381
2021-10-26,1,0.256478472558,0.353782389266,0.546678525151,0.582253848284
2021-10-26,20,0.198027986581,0.592852843463,0.546678525151,0.582253848284
2021-10-27,1,0.956736032373,0.360550510426,0.529266521995,0.593848531511
2021-10-27,20,0.18782891615,0.598271805156,0.529266521995,0.593848531511
2021-10-28,1,0.0379251177148,0.525335716908,0.554914692618,0.569910721125
2021-10-28,20,0.404193455551,0.730208675151,0.554914692618,0.569910721125
2021-10-29,1,0.032344545801,0.438980080776,0.523895318124,0.506530786163
2021-10-29,20,0.488283548068,0.661067199524,0.523895318124,0.506530786163
2021-11-01,1,0.13495389275,0.373134156795,0.494402271784,0.422723119724
2021-11-01,20,0.66990084243,0.608347023377,0.494402271784,0.422723119724
2021-11-02,1,0.414799708587,0.347301946075,0.472835369042,0.374665416035
2021-11-02,20,0.733786195667,0.587664213918,0.472835369042,0.374665416035
2021-11-03,1,0.174157847226,0.391816780888,0.469353229415,0.387023348447
2021-11-03,20,0.812375625995,0.623305447127,0.469353229415,0.387023348447
2021-11-04,1,0.138819585598,0.370214181657,0.451641506484,0.361584068652
2021-11-04,20,0.83966072316,0.60600911703,0.451641506484,0.361584068652
2021-11-05,1,0.00787468218986,0.346000254197,0.432872191231,0.366690369383
2021-11-05,20,0.900727855209,0.586622001721,0.432872191231,0.366690369383
2021-11-08,1,0.12284400602,0.298026420747,0.407372340688,0.343351900407
2021-11-08,20,1.11036899608,0.548211287785,0.407372340688,0.343351900407
2021-11-09,1,0.682249925719,0.288377422876,0.390300640608,0.346566612903
2021-11-09,20,1.10897164553,0.540485724278,0.390300640608,0.346566612903
2021-11-10,1,0.00303367787745,0.40263895862,0.407817597715,0.376125080372
2021-11-10,20,1.10082948894,0.616629678604,0.407817597715,0.376125080372
2021-11-11,1,0.517924558295,0.340241389222,0.383530562524,0.233147738041
2021-11-11,20,1.14583861877,0.566432975535,0.383530562524,0.233147738041
2021-11-12,1,1.15344979575e-06,0.40679893975,0.391594202271,0.231422784444
2021-11-12,20,1.16206168614,0.619976240651,0.391594202271,0.231422784444
2021-11-15,1,0.148824592537,0.342714816336,0.368098619341,0.225747465809
2021-11-15,20,1.19017705069,0.568422762759,0.368098619341,0.225747465809
2021-11-16,1,0.0678610566618,0.327160137475,0.354942177733,0.206058665677
2021-11-16,20,1.31421948448,0.555909557458,0.354942177733,0.206058665677
2021-11-17,1,0.114180785183,0.297528709438,0.337717310469,0.202763673984
2021-11-17,20,1.34938699325,0.532072090566,0.337717310469,0.202763673984
2021-11-18,1,0.0195900502027,0.285369237156,0.324305118952,0.203998496699
2021-11-18,20,1.39714572826,0.522290212434,0.324305118952,0.203998496699
2021-11-19,1,0.102544583286,0.255293806246,0.306022214827,0.204402196043
2021-11-19,20,1.46175639232,0.498095560468,0.306022214827,0.204402196043
2021-11-22,1,0.0274154575811,0.250888856568,0.293813556934,0.198310032835
2021-11-22,20,1.61189229459,0.494551929632,0.293813556934,0.198310032835
2021-11-23,1,0.0524970639477,0.230970060455,0.277829670973,0.198027986581
2021-11-23,20,1.66181708745,0.47852794178,0.277829670973,0.198027986581
2021-11-24,1,5.28402682039,0.221459040944,0.264309714552,0.18782891615
2021-11-24,20,1.67843960264,0.470876653006,0.264309714552,0.18782891615
2021-11-26,1,1.71972696807,1.36954126353,0.565492740902,0.404193455551
2021-11-26,20,1.50868773845,1.39446939841,0.565492740902,0.404193455551
2021-11-29,1,3.66469043303,1.44988297501,0.634746794532,0.488283548068
2021-11-29,20,1.42321211232,1.45910154793,0.634746794532,0.488283548068
2021-11-30,1,1.41266095749,1.94008795219,0.816543412842,0.66990084243
2021-11-30,20,1.24095886985,1.85345462803,0.816543412842,0.66990084243
2021-12-01,1,1.98658831515,1.81315345252,0.85231046552,0.733786195667
2021-12-01,20,1.17480854012,1.75134017949,0.85231046552,0.733786195667
2021-12-02,1,0.719859790522,1.84398672748,0.920367136498,0.812375625995
2021-12-02,20,1.07893661284,1.77614449099,0.920367136498,0.812375625995
2021-12-03,1,1.36016222659,1.58755381203,0.90833669574,0.83966072316
2021-12-03,20,1.0631291641,1.56985301139,0.90833669574,0.83966072316
2021-12-06,1,4.20069749968,1.53520142192,0.935446227591,0.900727855209
2021-12-06,20,0.995319389549,1.52773731031,0.935446227591,0.900727855209
2021-12-07,1,0.0948969950022,2.12291608428,1.13136130392,1.11036899608
2021-12-07,20,0.977036634975,2.00053358556,1.13136130392,1.11036899608
2021-12-08,1,0.519406793837,1.66029091732,1.06917344538,1.10897164553
2021-12-08,20,0.972756658578,1.62836751624,1.06917344538,1.10897164553
2021-12-09,1,0.90321627452,1.39869983546,1.03618744629,1.10082948894
2021-12-09,20,0.955021790895,1.40465406372,1.03618744629,1.10082948894
2021-12-10,1,0.84238590565,1.29205044309,1.02820917598,1.14583861877
2021-12-10,20,0.910900760887,1.32140925284,1.02820917598,1.14583861877
2021-12-13,1,0.562308444506,1.19821251483,1.01705977976,1.16206168614
2021-12-13,20,0.910353039519,1.24816438553,1.01705977976,1.16206168614
2021-12-14,1,2.62967326828,1.06654759586,0.989774699647,1.19017705069
2021-12-14,20,0.886196330044,1.14539379269,0.989774699647,1.19017705069
2021-12-15,1,0.771211232149,1.41501926248,1.08816861376,1.31421948448
2021-12-15,20,0.857616944027,1.41739213551,1.08816861376,1.31421948448
2021-12-16,1,1.06935548528,1.2757836996,1.06915117087,1.34938699325
2021-12-16,20,0.819392290784,1.308712303,1.06915117087,1.34938699325
2021-12-17,1,1.31180333152,1.23510005456,1.06916342973,1.39714572826
2021-12-17,20,0.938144713107,1.27695682589,1.06916342973,1.39714572826
2021-12-20,1,3.10526262856,1.25687656916,1.08372182384,1.46175639232
2021-12-20,20,0.91995709545,1.29395440834,1.08372182384,1.46175639232
2021-12-21,1,1.02591131488,1.66202828354,1.20501427212,1.61189229459
2021-12-21,20,0.826285004391,1.61019416457,1.20501427212,1.61189229459
2021-12-22,1,0.384947367688,1.51778586509,1.19426809469,1.66181708745
2021-12-22,20,0.957317957366,1.49760624842,1.19426809469,1.66181708745
2021-12-23,1,1.88898953658,1.26978984233,1.14570885107,1.67843960264
2021-12-23,20,0.941901237357,1.30403381863,1.14570885107,1.67843960264
2021-12-27,1,0.0102144454851,1.40820029992,1.1903056922,1.50868773845
2021-12-27,20,0.922441250662,1.41206961809,1.1903056922,1.50868773845
2021-12-28,1,0.0196255835956,1.10570165311,1.1195002174,1.42321211232
2021-12-28,20,0.923052166293,1.17595535539,1.1195002174,1.42321211232
2021-12-29,1,0.0896543630001,0.878973779624,1.05350773937,1.24095886985
2021-12-29,20,0.936643518124,0.998983705265,1.05350773937,1.24095886985
2021-12-30,1,0.0691497693827,0.722685482163,0.995676536786,1.17480854012
2021-12-30,20,1.22150559613,0.876993420301,0.995676536786,1.17480854012
2021-12-31,1,0.403710815885,0.600047163374,0.940084930742,1.07893661284
2021-12-31,20,1.39307690631,0.781268508714,0.940084930742,1.07893661284
2022-01-03,1,0.003966735501,0.57980768127,0.907902483851,1.0631291641
2022-01-03,20,1.39628115839,0.765470651617,0.907902483851,1.0631291641
2022-01-04,1,3.8350424082,0.477867836022,0.85366633895,0.995319389549
2022-01-04,20,1.4400600191,0.685901861291,0.85366633895,0.995319389549
2022-01-05,1,0.00929746705703,1.23105523182,1.0325489031,0.977036634975
2022-01-05,20,1.55319167149,1.27379965362,1.0325489031,0.977036634975
2022-01-06,1,0.164709440189,0.971535280461,0.971153816942,0.972756658578
2022-01-06,20,1.56595551208,1.0712322616,0.971153816942,0.972756658578
2022-01-07,1,0.0207956743521,0.812857529658,0.922767154337,0.955021790895
2022-01-07,20,1.56459682632,0.944424054282,0.922767154337,0.955021790895
2022-01-10,1,0.831431478282,0.663106756858,0.868648865538,0.910900760887
2022-01-10,20,1.59855296987,0.827195933423,0.868648865538,0.910900760887
2022-01-11,1,0.0791742550168,0.718531487429,0.866415822302,0.910353039519
2022-01-11,20,1.66084640436,0.870583602765,0.866415822302,0.910353039519
2022-01-12,1,2.05808554794,0.603286246896,0.819181328265,0.886196330044
2022-01-12,20,1.82400024486,0.780367153574,0.819181328265,0.886196330044
2022-01-13,1,0.00671816728672,0.929794290299,0.893515581446,0.857616944027
2022-01-13,20,1.9044894414,1.03596466174,0.893515581446,0.857616944027
2022-01-14,1,3.44440393174,0.74947816607,0.840307736596,0.819392290784
2022-01-14,20,1.91155704946,0.894809327388,0.840307736596,0.819392290784
2022-01-18,1,0.948050978375,1.33186247266,0.996553508305,0.938144713107
2022-01-18,20,1.86169980377,1.35071226934,0.996553508305,0.938144713107
2022-01-19,1,1.23182080738,1.25377921956,0.993643356509,0.91995709545
2022-01-19,20,1.81468517654,1.28958702197,0.993643356509,0.91995709545
2022-01-20,1,3.64657037439,1.25357978484,1.00793400356,0.826285004391
2022-01-20,20,1.98208492483,1.28943090019,1.00793400356,0.826285004391
2022-01-21,1,0.0766129675092,1.75926185185,1.16625218581,0.957317957366
2022-01-21,20,1.8256185624,1.68528968181,1.16625218581,0.957317957366
2022-01-24,1,1.49978980268,1.39769538935,1.10087383271,0.941901237357
2022-01-24,20,1.87375422932,1.4022476903,1.10087383271,0.941901237357
2022-01-25,1,0.0224327580907,1.41964123968,1.12480879091,0.922441250662
2022-01-25,20,1.97144235637,1.41942737323,1.12480879091,0.922441250662
2022-01-26,1,0.291452620222,1.12693197076,1.05866622894,0.923052166293
2022-01-26,20,2.08052413906,1.19028827155,1.05866622894,0.923052166293
2022-01-27,1,5.78689592314,0.959704019712,1.01263341242,0.936643518124
2022-01-27,20,2.31073322833,1.05937864024,1.01263341242,0.936643518124
2022-01-28,1,3.50057597295,1.98313832014,1.29908916306,1.22150559613
2022-01-28,20,2.02437889097,1.86054498896,1.29908916306,1.22150559613
2022-01-31,1,0.467795857583,2.28594130813,1.43117837166,1.39307690631
2022-01-31,20,1.9709438051,2.09758567068,1.43117837166,1.39307690631
2022-02-01,1,0.879543949691,1.88193508902,1.37337542081,1.39628115839
2022-02-01,20,2.1181437968,1.78132092629,1.37337542081,1.39628115839
2022-02-02,1,6.09767545593,1.65959297264,1.34374553254,1.4400600191
2022-02-02,20,2.08804525474,1.60726674277,1.34374553254,1.4400600191
2022-02-03,1,0.264574278927,2.58283874405,1.62898132795,1.55319167149
2022-02-03,20,1.81488754706,2.33000335942,1.62898132795,1.55319167149
2022-02-04,1,0.137535724982,2.06614533066,1.54711690501,1.56595551208
2022-02-04,20,2.25053713742,1.92552465938,1.54711690501,1.56595551208
2022-02-07,1,0.699918545366,1.65611600694,1.4625420342,1.56459682632
2022-02-07,20,2.27001447043,1.62578730004,1.4625420342,1.56459682632
2022-02-08,1,2.07730016802,1.45140849129,1.41678462487,1.59855296987
2022-02-08,20,2.556928284,1.46441391797,1.41678462487,1.59855296987
2022-02-09,1,3.34225106502,1.58456484881,1.45641555746,1.66084640436
2022-02-09,20,2.46231279081,1.56938266662,1.45641555746,1.66084640436
2022-02-10,1,3.6678694787,1.95218083269,1.56956568792,1.82400024486
2022-02-10,20,2.38030293456,1.85917874194,1.56956568792,1.82400024486
2022-02-11,1,0.148070328555,2.30144786932,1.69546391536,1.9044894414
2022-02-11,20,2.22465084096,2.13451012277,1.69546391536,1.9044894414
2022-02-14,1,2.4472590179,1.82837436162,1.60262030015,1.91155704946
2022-02-14,20,2.44159922555,1.76158062056,1.60262030015,1.91155704946
2022-02-15,1,0.00775843379621,1.9502947885,1.65329862322,1.86169980377
2022-02-15,20,2.56425792469,1.85769195075,1.65329862322,1.86169980377
2022-02-16,1,4.57981577315,1.53063553371,1.55456621185,1.81468517654
2022-02-16,20,2.63917351162,1.52686954274,1.55456621185,1.81468517654
2022-02-17,1,0.517243125745,2.17112600877,1.73608118553,1.98208492483
2022-02-17,20,2.47740258359,2.03177584196,1.73608118553,1.98208492483
2022-02-18,1,1.0393263059,1.80642369653,1.66295090194,1.8256185624
2022-02-18,20,2.45163493319,1.74427664883,1.66295090194,1.8256185624
2022-02-22,1,3.45355234381,1.63757304264,1.62553342618,1.87375422932
2022-02-22,20,2.46284528113,1.61116965958,1.62553342618,1.87375422932
2022-02-23,1,2.20406841175,2.01606963473,1.73521456124,1.97144235637
2022-02-23,20,2.36641199849,1.90954304844,1.73521456124,1.97144235637
2022-02-24,1,4.89563440562,2.04255482432,1.76334579227,2.08052413906
2022-02-24,20,2.35762603482,1.93042164005,1.76334579227,2.08052413906
2022-02-25,1,0.0598091760462,2.62856589332,1.95128310907,2.31073322833
2022-02-25,20,2.12561264281,2.39238117211,1.95128310907,2.31073322833
2022-02-28,1,2.43187425547,2.05970582191,1.83779467309,2.02437889097
2022-02-28,20,2.14796618737,1.94394197652,1.83779467309,2.02437889097
2022-03-01,1,3.41179569173,2.12377415919,1.87343944803,1.9709438051
2022-03-01,20,2.10057357384,1.99444781279,1.87343944803,1.9709438051
2022-03-02,1,0.277573108325,2.37869958107,1.96574082265,2.1181437968
2022-03-02,20,1.94991449228,2.19540857076,1.96574082265,2.1181437968
2022-03-03,1,0.634521302386,1.91460874091,1.86445075979,2.08804525474
2022-03-03,20,2.06048221346,1.82956021277,1.86445075979,2.08804525474
2022-03-04,1,8.97756608611,1.63512342114,1.79065499235,1.81488754706
2022-03-04,20,2.03455118938,1.60923859366,1.79065499235,1.81488754706
2022-03-07,1,0.527082385291,3.17537059296,2.22186965798,2.25053713742
2022-03-07,20,1.61814164959,2.82343385445,2.22186965798,2.25053713742
2022-03-08,1,6.43819481664,2.61603235785,2.12018242161,2.27001447043
2022-03-08,20,1.67156062011,2.4565592637,2.12018242161,2.27001447043
2022-03-09,1,0.184990304166,3.41235304771,2.37926316532,2.556928284
2022-03-09,20,1.39732296409,3.10624698157,2.37926316532,2.556928284
2022-03-10,1,1.70205394003,2.68719006946,2.24760679365,2.46231279081
2022-03-10,20,1.39708076835,2.5146141301,2.24760679365,2.46231279081
2022-03-11,1,0.554827606792,2.45636388257,2.21487362243,2.38030293456
2022-03-11,20,1.31550138038,2.32629183671,2.21487362243,2.38030293456
2022-03-14,1,4.48703802031,2.03512317899,2.11527086149,2.22465084096
2022-03-14,20,1.43262291556,1.98261759232,2.11527086149,2.22465084096
2022-03-15,1,4.90043300067,2.55192363386,2.25757689102,2.44159922555
2022-03-15,20,1.2141305078,2.40425539778,2.25757689102,2.44159922555
2022-03-16,1,1.50607017249,3.03527166218,2.4161482576,2.56425792469
2022-03-16,20,1.03085383348,2.79860064268,2.4161482576,2.56425792469
2022-03-17,1,1.34439721246,2.68070282488,2.36154357249,2.63917351162
2022-03-17,20,1.03019595629,2.50932143435,2.36154357249,2.63917351162
2022-03-18,1,0.00189011783348,2.37510192973,2.30051479089,2.47740258359
2022-03-18,20,0.962997085478,2.25999330477,2.30051479089,2.47740258359
2022-03-21,1,1.26353326465,1.85502632919,2.16259731051,2.45163493319
2022-03-21,20,1.08978574244,1.83568343271,2.16259731051,2.45163493319
2022-03-22,1,1.52488669113,1.72652294302,2.10865346776,2.46284528113
2022-03-22,20,1.02680045327,1.7308424148,2.10865346776,2.46284528113
2022-03-23,1,2.0283491383,1.68402341065,2.07362746116,2.36641199849
2022-03-23,20,1.06100835629,1.69616866521,2.07362746116,2.36641199849
2022-03-24,1,0.255366565421,1.7589350253,2.07091076179,2.35762603482
2022-03-24,20,1.35529776002,1.75728619812,2.07091076179,2.35762603482
2022-03-25,1,0.506880067267,1.43796971537,1.96197811,2.12561264281
2022-03-25,20,1.35867065933,1.49542282777,1.96197811,2.12561264281
2022-03-28,1,1.48402198488,1.24621097785,1.87467222744,2.14796618737
2022-03-28,20,1.74087816088,1.33897417819,1.87467222744,2.14796618737
2022-03-29,1,0.398614060493,1.30804993602,1.85123321289,2.10057357384
2022-03-29,20,1.6688733532,1.38942622862,1.85123321289,2.10057357384
2022-03-30,1,2.48892753191,1.12377466341,1.76407606374,1.94991449228
2022-03-30,20,1.9477376827,1.23908305301,1.76407606374,1.94991449228
2022-03-31,1,0.115900820828,1.4288171427,1.80756715183,2.06048221346
2022-03-31,20,2.5062810521,1.48795559236,1.80756715183,2.06048221346
2022-04-01,1,0.649375290345,1.15580211393,1.70606717197,2.03455118938
2022-04-01,20,2.51649927938,1.26521302992,1.70606717197,2.03455118938
2022-04-04,1,1.59546179553,1.06085997686,1.64266565908,1.61814164959
2022-04-04,20,2.49567307146,1.18775335676,1.64266565908,1.61814164959
2022-04-05,1,0.953441696309,1.18915713353,1.63983342726,1.67156062011
2022-04-05,20,2.84882181353,1.29149387109,1.63983342726,1.67156062011
2022-04-06,1,0.180146389392,1.15114426636,1.59864992341,1.39732296409
2022-04-06,20,3.46001932452,1.26075948692,1.59864992341,1.39732296409
2022-04-07,1,0.0704661805274,0.956997355945,1.51353971136,1.39708076835
2022-04-07,20,3.46720224244,1.10378669917,1.51353971136,1.39708076835
2022-04-08,1,2.89725831044,0.785362970268,1.42695529951,1.31550138038
2022-04-08,20,3.99380521078,0.965015868691,1.42695529951,1.31550138038
2022-04-11,1,0.117189865217,1.25796177449,1.51517348017,1.43262291556
2022-04-11,20,3.85195551749,1.34712419906,1.51517348017,1.43262291556
2022-04-12,1,1.23489951412,1.02509925314,1.43129446327,1.2141305078
2022-04-12,20,3.98387987704,1.15884884068,1.43129446327,1.2141305078
2022-04-13,1,1.49291262882,1.08600275566,1.41951076632,1.03085383348
2022-04-13,20,3.92297575293,1.2080908943,1.41951076632,1.03085383348
2022-04-14,1,0.000419796139518,1.18759252538,1.42391487807,1.03019595629
2022-04-14,20,4.12655690286,1.29022884502,1.42391487807,1.03019595629
2022-04-18,1,2.53766325718,0.94644392964,1.33850517316,0.962997085478
2022-04-18,20,4.13435379555,1.09525398163,1.33850517316,0.962997085478
2022-04-19,1,0.00382748122139,1.30414544731,1.4104546582,1.08978574244
2022-04-19,20,4.20684950732,1.38446489048,1.4104546582,1.08978574244
2022-04-20,1,2.20904475139,1.03614917829,1.32605702758,1.02680045327
2022-04-20,20,5.05677164759,1.16778299034,1.32605702758,1.02680045327
2022-04-21,1,7.91413721303,1.30245489552,1.37903629101,1.06100835629
2022-04-21,20,4.96343571934,1.38309803573,1.37903629101,1.06100835629
2022-04-22,1,0.32282455153,2.72400624649,1.77114234633,1.35529776002
2022-04-22,20,4.56773953584,2.53245899137,1.77114234633,1.35529776002
2022-04-25,1,8.15103009823,2.18820189582,1.68424327864,1.35867065933
2022-04-25,20,4.72060233642,2.09924734545,1.68424327864,1.35867065933
2022-04-26,1,0.0439258313545,3.45077922161,2.07225048782,1.74087816088
2022-04-26,20,4.34629428917,3.12007369883,2.07225048782,1.74087816088
2022-04-27,1,5.97590065043,2.68347178512,1.95055100843,1.6688733532
2022-04-27,20,4.38833804309,2.49968583322,1.95055100843,1.6688733532
2022-04-28,1,13.6597949199,3.3644011691,2.19207198695,1.9477376827
2022-04-28,20,4.28335495095,3.05023481407,2.19207198695,1.9477376827
2022-04-29,1,0.320265366473,5.52502843032,2.88013536293,2.5062810521
2022-04-29,20,3.89904962757,4.79715771774,2.88013536293,2.5062810521
2022-05-02,1,0.232851131936,4.3259816928,2.72654316314,2.51649927938
2022-05-02,20,3.90284442817,3.82769748461,2.72654316314,2.51649927938
2022-05-03,1,8.65843663697,3.39195209164,2.57692164127,2.49567307146
2022-05-03,20,3.91940871884,3.07251044599,2.57692164127,2.49567307146
2022-05-04,1,13.1773919161,4.54795094229,2.94181254101,2.84882181353
2022-05-04,20,3.65325958828,4.13216276938,2.94181254101,2.84882181353
2022-05-05,1,0.323804747786,6.36929490985,3.55594730352,3.46001932452
2022-05-05,20,3.13022483982,5.65068587086,3.55594730352,3.46001932452
2022-05-06,1,10.6025255473,4.9740738542,3.36201875017,3.46720224244
2022-05-06,20,3.11894084737,4.4874374991,3.36201875017,3.46720224244
2022-05-09,1,0.0602644445753,6.13658423178,3.796449158,3.99380521078
2022-05-09,20,2.63373395432,5.45666620906,3.796449158,3.99380521078
2022-05-10,1,2.75567705631,4.73924951242,3.57227807519,3.85195551749
2022-05-10,20,2.68961044552,4.29165559622,3.57227807519,3.85195551749
2022-05-11,1,0.0168170319274,4.25645545568,3.52328201406,3.98387987704
2022-05-11,20,2.84190531413,3.88913199745,3.52328201406,3.98387987704
2022-05-12,1,5.56453562741,3.29413506692,3.31289411513,3.92297575293
2022-05-12,20,3.27744159898,3.08680922516,3.31289411513,3.92297575293
2022-05-13,1,0.156357650016,3.76176555309,3.44799260587,4.12655690286
2022-05-13,20,3.7809179285,3.47669038372,3.44799260587,4.12655690286
2022-05-16,1,3.98757749251,2.94662732623,3.25049450852,4.13435379555
2022-05-16,20,3.78024733852,2.79707892623,3.25049450852,4.13435379555
2022-05-17,1,17.0022702867,3.1545955291,3.29471948756,4.20684950732
2022-05-17,20,3.68580590076,2.97046985405,3.29471948756,4.20684950732
2022-05-18,1,0.342326186427,6.1343524644,4.1171725355,5.05677164759
2022-05-18,20,3.38191658398,5.45480550049,4.1171725355,5.05677164759
2022-05-19,1,0.000213542960482,4.79868249161,3.89068175456,4.96343571934
2022-05-19,20,3.36721686001,4.34120711064,3.89068175456,4.96343571934
2022-05-20,1,3.38008056301,3.70458970052,3.65725366186,4.56773953584
2022-05-20,20,3.65960223047,3.42902072081,3.65725366186,4.56773953584
2022-05-23,1,0.664869153374,3.60171240116,3.64062327593,4.72060233642
2022-05-23,20,3.49144635138,3.34324803949,3.64062327593,4.72060233642
2022-05-24,1,0.884800909764,2.93462854296,3.46207802858,4.34629428917
2022-05-24,20,3.50320516588,2.78707508845,3.46207802858,4.34629428917
2022-05-25,1,3.87623880747,2.47290281801,3.30744140145,4.38833804309
2022-05-25,20,3.91213688161,2.40211695183,3.30744140145,4.38833804309
2022-05-26,1,5.97368845249,2.76871894201,3.34156924581,4.28335495095
2022-05-26,20,3.72275769403,2.64875000198,3.34156924581,4.28335495095
2022-05-27,1,0.39616137836,3.44923350803,3.49949639821,3.89904962757
2022-05-27,20,3.63110752088,3.21612064026,3.49949639821,3.89904962757
2022-05-31,1,0.564136945372,2.7599504529,3.31329629702,3.90284442817
2022-05-31,20,3.61155292312,2.64143938218,3.31329629702,3.90284442817
2022-06-01,1,3.33545402579,2.27001149577,3.14834673592,3.91940871884
2022-06-01,20,3.6220473011,2.2329588107,3.14834673592,3.91940871884
2022-06-02,1,2.71669694687,2.55360284505,3.15957317331,3.65325958828
2022-06-02,20,3.51038396953,2.55190793156,3.15957317331,3.65325958828
2022-06-03,1,0.0981248988512,2.58842779008,3.13300059973,3.13022483982
2022-06-03,20,3.37580186899,2.58234934846,3.13300059973,3.13022483982
2022-06-06,1,0.898387686252,2.05301918649,2.95090805767,3.11894084737
2022-06-06,20,3.37725663985,2.11433435228,2.95090805767,3.11894084737
2022-06-07,1,1.17779426852,1.8121261926,2.82775683539,2.63373395432
2022-06-07,20,3.4426538017,1.90376333632,2.82775683539,2.63373395432
2022-06-08,1,5.80157442854,1.68642563492,2.72875908138,2.68961044552
2022-06-08,20,3.38410905007,1.79388511317,2.72875908138,2.68961044552
2022-06-09,1,8.72754272889,2.58233571587,2.91312800221,2.84190531413
2022-06-09,20,3.16124558909,2.57702410327,2.91312800221,2.84190531413
2022-06-10,1,15.6340622178,3.90121146635,3.26199288581,3.27744159898
2022-06-10,20,2.76799141589,3.72988871019,3.26199288581,3.27744159898
2022-06-13,1,0.142945850476,6.40082795894,4.00431704573,3.7809179285
2022-06-13,20,1.9962647425,5.91487041458,4.00431704573,3.7809179285
2022-06-14,1,2.09874873733,5.00145893871,3.77263477401,3.78024733852
2022-06-14,20,1.99362687134,4.69164448533,3.77263477401,3.78024733852
2022-06-15,1,10.924483951,4.34269075186,3.67220161181,3.68580590076
2022-06-15,20,2.06955502091,4.11579757443,3.67220161181,3.68580590076
2022-06-16,1,0.0483317071124,5.7299157973,4.10733855216,3.38191658398
2022-06-16,20,1.55860026104,5.32840813016,4.10733855216,3.38191658398
2022-06-17,1,5.84792095224,4.46396617913,3.86379814146,3.36721686001
2022-06-17,20,1.92756078766,4.2218076726,3.86379814146,3.36721686001
2022-06-21,1,0.0169629810481,4.73337410161,3.9828455101,3.65960223047
2022-06-21,20,1.65244308556,4.45730435115,3.9828455101,3.65960223047
2022-06-22,1,0.900045443466,3.6890394752,3.74489255836,3.49144635138
2022-06-22,20,1.69974307543,3.54442349173,3.74489255836,3.49144635138
2022-06-23,1,9.06343522428,3.0736200681,3.57420173147,3.50320516588
2022-06-23,20,1.69869818497,3.00646890989,3.57420173147,3.50320516588
2022-06-24,1,0.0886550559698,4.35204356898,3.90355574104,3.91213688161
2022-06-24,20,1.2463901199,4.1239731223,3.90355574104,3.91213688161
2022-06-27,1,4.14068498946,3.41048166478,3.67466169993,3.72275769403
2022-06-27,20,1.30935739474,3.30092865115,3.67466169993,3.72275769403
2022-06-28,1,0.00506942319919,3.55471432858,3.7026230973,3.63110752088
2022-06-28,20,1.43566060473,3.42700628446,3.7026230973,3.63110752088
2022-06-29,1,0.77402450489,2.77790741301,3.48076987686,3.61155292312
2022-06-29,20,1.50813279032,2.74797856025,3.48076987686,3.61155292312
2022-06-30,1,1.10218739446,2.34420848871,3.31836515454,3.6220473011
2022-06-30,20,1.56894623383,2.36887071807,3.31836515454,3.6220473011
2022-07-01,1,0.0250549360178,2.07148931223,3.18539448893,3.51038396953
2022-07-01,20,1.517833045,2.13711512395,3.18539448893,3.51038396953
2022-07-05,1,0.127220316017,1.63605058389,2.99577411576,3.37580186899
2022-07-05,20,1.53892282756,1.75818640877,2.99577411576,3.37580186899
2022-07-06,1,2.20633092336,1.32347862952,2.82366088777,3.37725663985
2022-07-06,20,1.65295753631,1.48617916329,2.82366088777,3.37725663985
2022-07-07,1,0.00689923597516,1.53328347851,2.78662108991,3.4426538017
2022-07-07,20,1.54294335403,1.66875612921,2.78662108991,3.4426538017
2022-07-08,1,1.34430520887,1.21844445297,2.61983777867,3.38410905007
2022-07-08,20,1.54392206902,1.39477602668,2.61983777867,3.38410905007
2022-07-11,1,0.862459264897,1.26595390551,2.54330582449,3.16124558909
2022-07-11,20,1.47747352323,1.43611983613,2.54330582449,3.16124558909
2022-07-12,1,0.199528749933,1.19816800418,2.44245503091,2.76799141589
2022-07-12,20,1.44341475297,1.37713099837,2.44245503091,2.76799141589
2022-07-13,1,0.0901884272877,1.0025653056,2.30787945405,1.9962647425
2022-07-13,20,1.65535089827,1.20691306773,2.30787945405,1.9962647425
2022-07-14,1,3.61731172885,0.828552731042,2.17481799245,1.99362687134
2022-07-14,20,1.65109049933,1.05548335556,2.17481799245,1.99362687134
2022-07-15,1,0.705388753437,1.45830081501,2.26136761663,2.06955502091
2022-07-15,20,1.61769885724,1.60350450484,2.26136761663,2.06955502091
2022-07-18,1,7.42754223957,1.31200956827,2.16800888484,1.55860026104
2022-07-18,20,1.59027688984,1.47619852455,2.16800888484,1.55860026104
2022-07-19,1,0.345566910153,2.65467611827,2.48358088612,1.92756078766
2022-07-19,20,1.22065557124,2.64461758696,2.48358088612,1.92756078766
2022-07-20,1,0.962962778525,2.1536794777,2.35530004756,1.65244308556
2022-07-20,20,1.22976090814,2.20863888097,2.35530004756,1.65244308556
2022-07-21,1,0.879147634162,1.90224758345,2.27175981142,1.69974307543
2022-07-21,20,1.18418239015,1.98983711061,2.27175981142,1.69974307543
2022-07-22,1,0.0172739230562,1.69084884228,2.18820308079,1.69869818497
2022-07-22,20,1.22451621086,1.80587310335,2.18820308079,1.69869818497
2022-07-25,1,1.34800055272,1.34179818277,2.05794733132,1.2463901199
2022-07-25,20,1.45763215418,1.50212125646,2.05794733132,1.2463901199
2022-07-26,1,6.66674918931,1.36156602838,2.01535052461,1.30935739474
2022-07-26,20,1.39274175638,1.51932368668,2.01535052461,1.30935739474
2022-07-27,1,1.45451313483,2.52808138441,2.29443444449,1.43566060473
2022-07-27,20,1.06364392635,2.53445196151,2.29443444449,1.43566060473
2022-07-28,1,1.99029337508,2.29642388752,2.24403916591,1.50813279032
2022-07-28,20,1.08882367815,2.33285832285,2.24403916591,1.50813279032
2022-07-29,1,0.0799236179081,2.23434469001,2.22881441846,1.56894623383
2022-07-29,20,1.57647667079,2.27883558896,2.22881441846,1.56894623383
2022-08-01,1,0.446850587228,1.77064609121,2.09988097043,1.517833045
2022-08-01,20,1.59484967784,1.86459406076,2.09988097043,1.517833045
2022-08-02,1,2.40791449095,1.49956589327,2.00069914743,1.53892282756
2022-08-02,20,1.63399472755,1.63247933077,2.00069914743,1.53892282756
2022-08-03,1,0.00604727779412,1.7084899609,2.02513206805,1.65295753631
2022-08-03,20,1.54439250049,1.8113723444,2.02513206805,1.65295753631
2022-08-04,1,0.0264735359233,1.35778960002,1.90398698063,1.54294335403
2022-08-04,20,1.54856542742,1.51108217126,1.90398698063,1.54294335403
2022-08-05,1,0.0153342929488,1.09199775453,1.79133617395,1.54392206902
2022-08-05,20,1.60550293322,1.28349563814,1.79133617395,1.54392206902
2022-08-08,1,0.181283859786,0.884886640676,1.68477606109,1.47747352323
2022-08-08,20,1.61315542981,1.10615498162,1.68477606109,1.47747352323
2022-08-09,1,4.43825165595,0.760699601944,1.59456652901,1.44341475297
2022-08-09,20,1.76925379884,0.999818771218,1.59456652901,1.44341475297
2022-08-10,1,0.00498044842939,1.57183670122,1.76518763663,1.65535089827
2022-08-10,20,1.56904845832,1.69436182606,1.76518763663,1.65535089827
2022-08-11,1,2.94947888693,1.25229894508,1.65957520533,1.65109049933
2022-08-11,20,1.68365183095,1.42075489884,1.65957520533,1.65109049933
2022-08-12,1,0.156949405614,1.63338263789,1.73696942623,1.61769885724
2022-08-12,20,1.59160413764,1.74706105891,1.73696942623,1.61769885724
2022-08-15,1,0.0351158675757,1.33207917061,1.64216822499,1.59027688984
2022-08-15,20,2.56053967372,1.48906739694,1.64216822499,1.59027688984
2022-08-16,1,0.527673648104,1.07403406989,1.54574508355,1.22065557124
2022-08-16,20,2.56450043826,1.26811408005,1.54574508355,1.22065557124
2022-08-17,1,0.0513924187546,0.980185241162,1.48466079742,1.22976090814
2022-08-17,20,2.60289481571,1.18775522055,1.48466079742,1.22976090814
2022-08-18,1,1.68582404825,0.806438874127,1.3986646947,1.18418239015
2022-08-18,20,2.62630318556,1.03898341288,1.3986646947,1.18418239015
2022-08-19,1,4.67959278941,1.02076120209,1.41589425591,1.22451621086
2022-08-19,20,2.56536169544,1.22249873293,1.41589425591,1.22451621086
2022-08-22,1,0.0501925968345,1.82357027901,1.61171616792,1.45763215418
2022-08-22,20,2.39563580463,1.90991084766,1.61171616792,1.45763215418
2022-08-23,1,0.0847925886016,1.45583907584,1.51802475366,1.39274175638
2022-08-23,20,2.54216066066,1.59503787064,1.51802475366,1.39274175638
2022-08-24,1,1.95810817084,1.17994766483,1.43203082376,1.06364392635
2022-08-24,20,2.57373470246,1.35880349845,1.43203082376,1.06364392635
2022-08-25,1,11.743353228,1.36647397095,1.46359546458,1.08882367815
2022-08-25,20,2.62691066189,1.51851823789,1.46359546458,1.08882367815
2022-08-26,1,0.447383758953,3.59455795624,2.08038093038,1.57647667079
2022-08-26,20,2.09376436965,3.426334141,2.08038093038,1.57647667079
2022-08-29,1,1.22975158136,2.93051494557,1.9824011001,1.59484967784
2022-08-29,20,2.07364792034,2.9711722732,1.9824011001,1.59484967784
2022-08-30,1,0.615869949838,2.57456976582,1.93724212897,1.63399472755
2022-08-30,20,2.20191783057,2.65073901616,1.93724212897,1.63399472755
2022-08-31,1,0.089505816282,2.16794330788,1.85795979823,1.54439250049
2022-08-31,20,2.39909525646,2.2846808484,1.85795979823,1.54439250049
2022-09-01,1,1.16522365202,1.74049899297,1.75185255931,1.54856542742
2022-09-01,20,2.50985668303,1.89988177871,1.75185255931,1.54856542742
2022-09-02,1,0.168384224695,1.63648404947,1.71665482487,1.60550293322
2022-09-02,20,2.77811371682,1.80624419342,1.71665482487,1.60550293322
2022-09-06,1,3.30325124039,1.34438030484,1.62375858886,1.61315542981
2022-09-06,20,3.22346260332,1.54328304207,1.62375858886,1.61315542981
2022-09-07,1,0.434144845515,1.78198565177,1.72452814795,1.76925379884
2022-09-07,20,3.06034021617,1.9372293984,1.72452814795,1.76925379884
2022-09-08,1,2.29704790111,1.51374083104,1.64710514981,1.56904845832
2022-09-08,20,3.09165658204,1.6957468149,1.64710514981,1.56904845832
2022-09-09,1,1.10852502071,1.70025575865,1.68610171488,1.68365183095
2022-09-09,20,3.38017497359,1.86365352959,1.68610171488,1.68365183095
2022-09-12,1,19.5356601273,1.59320433073,1.65144711323,1.59160413764
2022-09-12,20,3.35302898475,1.76728240372,1.65144711323,1.59160413764
2022-09-13,1,0.114331158348,5.41613169116,2.72449989408,2.56053967372
2022-09-13,20,2.39763516893,5.20880411894,2.72449989408,2.56053967372
2022-09-14,1,1.2955611971,4.26896237044,2.56788976993,2.56450043826
2022-09-14,20,2.39735107708,4.17608553549,2.56788976993,2.56450043826
2022-09-15,1,0.519559815683,3.62822911405,2.49155005556,2.60289481571
2022-09-15,20,2.66113064235,3.59927692585,2.49155005556,2.60289481571
2022-09-16,1,0.466994245926,2.96601327626,2.37323064117,2.62630318556
2022-09-16,20,2.92188494755,3.00312900802,2.37323064117,2.62630318556
2022-09-19,1,1.28507497321,2.4404597543,2.25885645746,2.56536169544
2022-09-19,20,3.2400680572,2.53000888624,2.25885645746,2.56536169544
2022-09-20,1,2.98068971728,2.20562079686,2.2004295684,2.39563580463
2022-09-20,20,3.2403705592,2.31859933136,2.2004295684,2.39563580463
2022-09-21,1,0.716273424604,2.38262460615,2.24724517733,2.54216066066
2022-09-21,20,3.11374393882,2.47794383255,2.24724517733,2.54216066066
2022-09-22,1,3.02162735954,2.04012280706,2.15538687217,2.57373470246
2022-09-22,20,3.10979191137,2.16961273758,2.15538687217,2.57373470246
2022-09-23,1,1.08042738318,2.2627430865,2.20736130141,2.62691066189
2022-09-23,20,3.23360926463,2.37002264698,2.20736130141,2.62691066189
2022-09-26,1,0.0450547726554,2.02418993769,2.13974526632,2.09376436965
2022-09-26,20,3.24934886118,2.155269458,2.13974526632,2.09376436965
2022-09-27,1,3.79514978607,1.62953133298,2.0140638367,2.07364792034
2022-09-27,20,3.37727765955,1.79096808227,2.0140638367,2.07364792034
2022-09-28,1,4.55941846758,2.09600874378,2.12092899366,2.20191783057
2022-09-28,20,3.21501232381,2.2051156996,2.12092899366,2.20191783057
2022-09-29,1,2.30473434769,2.61817326877,2.2672383621,2.39909525646
2022-09-29,20,3.00565362996,2.66870340796,2.2672383621,2.39909525646
2022-09-30,1,6.53036432784,2.55904377227,2.26948812123,2.50985668303
2022-09-30,20,3.18634359914,2.6162071037,2.26948812123,2.50985668303
2022-10-03,1,9.07536195479,3.38736383038,2.52514069363,2.77811371682
2022-10-03,20,2.88781799164,3.35160558282,2.52514069363,2.77811371682
2022-10-04,1,0.0408034973821,4.56039183152,2.9181539693,3.22346260332
2022-10-04,20,2.44249456185,4.39304240373,2.9181539693,3.22346260332
2022-10-05,1,1.06047216289,3.6061081452,2.74551294098,3.06034021617
2022-10-05,20,2.76100163042,3.54581099276,2.74551294098,3.06034021617
2022-10-06,1,8.06741573205,3.07246651632,2.6444104943,3.09165658204
2022-10-06,20,2.76460860095,3.07203369081,2.6444104943,3.09165658204
2022-10-07,1,0.565605243835,4.1060823201,2.96979080856,3.38017497359
2022-10-07,20,2.45272528845,3.9896976815,2.96979080856,3.38017497359
2022-10-10,1,0.427783811019,3.3602014171,2.82553967468,3.35302898475
2022-10-10,20,2.47021892841,3.32749026988,2.82553967468,3.35302898475
2022-10-11,1,0.108649321337,2.74964889043,2.68167432286,2.39763516893
2022-10-11,20,2.46441067865,2.78542999361,2.68167432286,2.39763516893
2022-10-12,1,6.57115250251,2.20717554368,2.52729282277,2.39735107708
2022-10-12,20,2.67941069671,2.30381172268,2.52729282277,2.39735107708
2022-10-13,1,5.73464591953,3.12123211589,2.76992440355,2.66113064235
2022-10-13,20,3.80629004486,3.11532872804,2.76992440355,2.66113064235
2022-10-14,1,6.83065643899,3.66138734885,2.94780769451,2.92188494755
2022-10-14,20,3.56186222351,3.59488893297,2.94780769451,2.92188494755
2022-10-17,1,1.29112501328,4.30969604321,3.18077861918,3.2400680572
2022-10-17,20,3.2606131559,4.1704698611,3.18077861918,3.2400680572
2022-10-18,1,0.448157309562,3.66922736432,3.06739940283,3.2403705592
2022-10-18,20,3.2336879832,3.60184944949,3.06739940283,3.2403705592
2022-10-19,1,0.637232875693,2.99500650959,2.91024487723,3.11374393882
2022-10-19,20,3.24561136163,3.003263207,2.91024487723,3.11374393882
2022-10-20,1,5.49797442473,2.50802102675,2.77386415714,3.10979191137
2022-10-20,20,3.21853645962,2.57090812888,2.77386415714,3.10979191137
2022-10-21,1,1.39521931409,3.13390451176,2.93731077319,3.23360926463
2022-10-21,20,2.95490614637,3.12657952483,2.93731077319,3.23360926463
2022-10-24,1,2.60363074006,2.77326622692,2.84478528565,3.24934886118
2022-10-24,20,2.89271609317,2.8063979192,2.84478528565,3.24934886118
2022-10-25,1,0.54984307137,2.70975427071,2.83031601291,3.37727765955
2022-10-25,20,2.85350580572,2.70103345656,2.83031601291,3.37727765955
2022-10-26,1,0.372244590531,2.26108297806,2.69348763642,3.21501232381
2022-10-26,20,2.84340252553,2.31735419807,2.69348763642,3.21501232381
2022-10-27,1,5.91853373125,1.87614583506,2.55421305367,3.00565362996
2022-10-27,20,2.82483036435,1.98817691393,2.55421305367,3.00565362996
2022-10-28,1,0.559852177889,2.72697959178,2.75607229432,3.18634359914
2022-10-28,20,2.65003357094,2.71576361319,2.75607229432,3.18634359914
2022-10-31,1,0.168893358946,2.27652273885,2.62429908733,2.88781799164
2022-10-31,20,2.62330999954,2.33055744078,2.62429908733,2.88781799164
2022-11-01,1,6.41094486891,1.8459796204,2.47697474363,2.44249456185
2022-11-01,20,3.07933918704,1.96238040975,2.47697474363,2.44249456185
2022-11-02,1,1.13261157349,2.80562925315,2.71301295115,2.76100163042
2022-11-02,20,2.75916866413,2.78302052096,2.71301295115,2.76100163042
2022-11-03,1,1.82974948199,2.45625650354,2.61818886849,2.76460860095
2022-11-03,20,2.70325254575,2.4842559695,2.61818886849,2.76460860095
2022-11-04,1,0.915478043,2.32966181044,2.5708825053,2.45272528845
2022-11-04,20,2.77477914701,2.37599908127,2.5708825053,2.45272528845
2022-11-07,1,0.311618815804,2.0419460687,2.47155823756,2.47021892841
2022-11-07,20,2.83418635898,2.1299602456,2.47155823756,2.47021892841
2022-11-08,1,4.40864968255,1.6935501788,2.34196187226,2.46441067865
2022-11-08,20,2.82034286612,1.83203105137,2.34196187226,2.46441067865
2022-11-09,1,29.1087394656,2.27236693424,2.46596314087,2.67941069671
2022-11-09,20,2.62798766036,2.32700362297,2.46596314087,2.67941069671
2022-11-10,1,0.84608949256,7.84075676485,4.06452972036,3.80629004486
2022-11-10,20,1.1997586821,7.08878739686,4.06452972036,3.80629004486
2022-11-11,1,0.805675086658,6.30367813245,3.87142330669,3.56186222351
2022-11-11,20,1.25796640642,5.77436144724,3.87142330669,3.56186222351
2022-11-14,1,0.752621559364,5.10266734951,3.68747841349,3.2606131559
2022-11-14,20,1.24405985811,4.74732242295,3.68747841349,3.2606131559
2022-11-15,1,0.686624878103,4.1597953987,3.51138700224,3.2336879832
2022-11-15,20,1.22485800868,3.94102967176,3.51138700224,3.2336879832
2022-11-16,1,0.0957348354937,3.41453336766,3.34190127479,3.24561136163
2022-11-16,20,1.50899191019,3.30372216373,3.34190127479,3.24561136163
2022-11-17,1,0.225368159708,2.71381072455,3.14713128843,3.21853645962
2022-11-17,20,1.56692785584,2.704502315,3.14713128843,3.21853645962
2022-11-18,1,0.151418250082,2.19698054488,2.97182550071,2.95490614637
2022-11-18,20,1.59659557617,2.26253728771,2.97182550071,2.95490614637
2022-11-21,1,1.81942499103,1.78064019301,2.80260106567,2.89271609317
2022-11-21,20,1.58956214151,1.90650568931,2.80260106567,2.89271609317
2022-11-22,1,0.34777746767,1.79136121535,2.74361050119,2.85350580572
2022-11-22,20,1.60749827137,1.92651426127,2.74361050119,2.85350580572
2022-11-23,1,0.000801366995035,1.50540485734,2.59986051918,2.84340252553
2022-11-23,20,1.69606459684,1.68494103788,2.59986051918,2.84340252553
2022-11-25,1,2.42259786292,1.2118895869,2.44391697005,2.82483036435
2022-11-25,20,1.71314134973,1.43698211686,2.44391697005,2.82483036435
2022-11-28,1,0.0253807499121,1.49134841519,2.44263782362,2.65003357094
2022-11-28,20,1.60024450569,1.67306628866,2.44263782362,2.65003357094
2022-11-29,1,9.28947710899,1.20616549305,2.2976023992,2.62330999954
2022-11-29,20,1.67210148188,1.43214645658,2.2976023992,2.62330999954
2022-11-30,1,0.00753441064293,2.92245480935,2.71711488179,3.07933918704
2022-11-30,20,1.35745665662,2.8820514186,2.71711488179,3.07933918704
2022-12-01,1,0.0142892058676,2.3083556931,2.55454005352,2.75916866413
2022-12-01,20,1.36031584213,2.3632663004,2.55454005352,2.75916866413
2022-12-02,1,3.26028150736,1.8352083099,2.40212500266,2.70325254575
2022-12-02,20,1.36763570851,1.96355587153,2.40212500266,2.70325254575
2022-12-05,1,2.10362228239,2.14815139311,2.45361439294,2.77477914701
2022-12-05,20,1.23282689954,2.22792722483,2.45361439294,2.77477914701
2022-12-06,1,0.0347489585209,2.14818441458,2.43261486631,2.83418635898
2022-12-06,20,1.1962531505,2.22795512105,2.43261486631,2.83418635898
2022-12-07,1,0.561545567296,1.71570933853,2.28874291184,2.82034286612
2022-12-07,20,1.44953051753,1.86260427212,2.28874291184,2.82034286612
2022-12-08,1,0.544159900536,1.49163158938,2.18511107117,2.62798766036
2022-12-08,20,1.42174809535,1.67330551154,2.18511107117,2.62798766036
2022-12-09,1,2.01024397884,1.31483576241,2.08665400093,1.1997586821
2022-12-09,20,1.41871914421,1.52395007108,2.08665400093,1.1997586821
2022-12-12,1,0.527544120586,1.48469938174,2.08206939961,1.25796640642
2022-12-12,20,1.39971238234,1.66744924817,2.08206939961,1.25796640642
2022-12-13,1,0.368584570603,1.30600518664,1.98879788286,1.24405985811
2022-12-13,20,1.37914951587,1.51649008429,1.98879788286,1.24405985811
2022-12-14,1,6.36930290845,1.13468436451,1.89158508413,1.22485800868
2022-12-14,20,1.36867591761,1.37175987608,1.89158508413,1.22485800868
2022-12-15,1,1.25445374848,2.25674996942,2.16024815359,1.50899191019
2022-12-15,20,1.05227641298,2.31967027372,2.16024815359,1.50899191019
2022-12-16,1,0.818722566264,2.05458674934,2.10590048928,1.56692785584
2022-12-16,20,1.1125628201,2.14888469977,2.10590048928,1.56692785584
2022-12-19,1,0.0107495568713,1.80727022724,2.0286698139,1.59659557617
2022-12-19,20,1.10102328798,1.93995404387,2.0286698139,1.59659557617
2022-12-20,1,2.17814758816,1.44724280655,1.90759459848,1.58956214151
2022-12-20,20,1.27611097391,1.63580628814,1.90759459848,1.58956214151
2022-12-21,1,2.11910397711,1.62574116468,1.92382777786,1.60749827137
2022-12-21,20,1.23695718675,1.78700384168,1.92382777786,1.60749827137
2022-12-22,1,0.342336424884,1.74568852149,1.93554434981,1.69606459684
2022-12-22,20,1.13125528646,1.88748624551,1.93554434981,1.69606459684
2022-12-23,1,0.164660982097,1.47519756256,1.83995187432,1.71314134973
2022-12-23,20,1.11415498021,1.66089032469,1.83995187432,1.71314134973
2022-12-27,1,1.46252027355,1.22886810406,1.73943442079,1.60024450569
2022-12-27,20,1.16584808666,1.45453499697,1.73943442079,1.60024450569
2022-12-28,1,2.99658060388,1.30324990375,1.72281957195,1.67210148188
2022-12-28,20,1.0958264422,1.51684618275,1.72281957195,1.67210148188
2022-12-29,1,0.0647181208804,1.67492163872,1.79924523387,1.35745665662
2022-12-29,20,1.03119524794,1.82820335107,1.79924523387,1.35745665662
2022-12-30,1,0.160686533377,1.36345223582,1.69517360709,1.36031584213
2022-12-30,20,1.13361141494,1.56727893261,1.69517360709,1.36031584213
2023-01-03,1,0.564105328057,1.14131201722,1.60310438267,1.36763570851
2023-01-03,20,1.17963687564,1.38118743593,1.60310438267,1.36763570851
2023-01-04,1,1.37214730146,1.05143106929,1.54076443939,1.23282689954
2023-01-04,20,1.25790045379,1.30589229025,1.54076443939,1.23282689954
2023-01-05,1,5.10029629913,1.14701963762,1.53064741111,1.1962531505
2023-01-05,20,1.24346248906,1.38596882865,1.53064741111,1.1962531505
2023-01-06,1,0.00589712378013,1.98415503986,1.74482634439,1.44953051753
2023-01-06,20,1.00741673636,2.08725462419,1.74482634439,1.44953051753
2023-01-09,1,0.483580877751,1.59145865604,1.64049059116,1.42174809535
2023-01-09,20,1.08891858628,1.7582846688,1.64049059116,1.42174809535
2023-01-10,1,1.6301087415,1.38438051481,1.57107600835,1.41871914421
2023-01-10,20,1.12681800906,1.58481098865,1.57107600835,1.41871914421
2023-01-11,1,0.116286791073,1.45826259739,1.57461797234,1.39971238234
2023-01-11,20,1.08464223968,1.64670355097,1.57461797234,1.39971238234
2023-01-12,1,0.159112605416,1.20582289859,1.48711810147,1.37914951587
2023-01-12,20,1.0812322082,1.43522954745,1.48711810147,1.37914951587
2023-01-13,1,0.0413128158007,1.01862953324,1.4074377717,1.36867591761
2023-01-13,20,1.13806941035,1.278413759,1.4074377717,1.36867591761
2023-01-17,1,2.46018189093,0.849213209128,1.32547027435,1.05227641298
2023-01-17,20,1.13604309674,1.13649016897,1.32547027435,1.05227641298
2023-01-18,1,0.587931923941,1.21270437487,1.39355297134,1.1125628201
2023-01-18,20,1.01686861738,1.44099430373,1.39355297134,1.1125628201
2023-01-19,1,3.51250327544,1.1117255805,1.3452157085,1.10102328798
2023-01-19,20,1.08386431834,1.3564022605,1.3452157085,1.10102328798
2023-01-20,1,1.39507184502,1.63182937406,1.47525296252,1.27611097391
2023-01-20,20,0.912079046159,1.79210406173,1.47525296252,1.27611097391
2023-01-23,1,0.00506597122119,1.57670406027,1.47044209547,1.23695718675
2023-01-23,20,1.04725109297,1.7163671892,1.47044209547,1.23695718675
2023-01-24,1,0.000330299995302,1.28960641061,1.38251952801,1.13125528646
2023-01-24,20,1.04823778482,1.47780351927,1.38251952801,1.13125528646
2023-01-25,1,1.19852311091,1.06280130464,1.29958817433,1.11415498021
2023-01-25,20,1.06234736133,1.28933991288,1.29958817433,1.11415498021
2023-01-26,1,0.0620873843501,1.11582812159,1.29352427052,1.16584808666
2023-01-26,20,1.05853195211,1.33340252388,1.29352427052,1.16584808666
2023-01-27,1,1.7039567187,0.938002293525,1.21963805735,1.0958264422
2023-01-27,20,1.06013479245,1.18563822765,1.21963805735,1.0958264422
2023-01-30,1,2.11304146087,1.11528003939,1.24869717703,1.03119524794
2023-01-30,20,0.979559640992,1.33294709521,1.24869717703,1.03119524794
2023-01-31,1,1.08119574753,1.33379422859,1.30055783406,1.13361141494
2023-01-31,20,0.885124614524,1.51452136784,1.30055783406,1.13361141494
2023-02-01,1,2.12937689098,1.30638060977,1.28739610887,1.17963687564
2023-02-01,20,0.859593216275,1.49174203292,1.28739610887,1.17963687564
2023-02-02,1,1.08338800689,1.48730918701,1.3379149558,1.25790045379
2023-02-02,20,0.881424534316,1.64208455727,1.3379149558,1.25790045379
2023-02-03,1,0.379381245177,1.42759065935,1.32264333886,1.24346248906
2023-02-03,20,0.827491070919,1.5924614721,1.32264333886,1.24346248906
2023-02-06,1,1.63593412209,1.24459690526,1.26604761324,1.00741673636
2023-02-06,20,0.927805141287,1.44040288993,1.26604761324,1.00741673636
2023-02-07,1,1.24156933337,1.34336933008,1.28824080377,1.08891858628
2023-02-07,20,0.847007842111,1.52247779434,1.28824080377,1.08891858628
2023-02-08,1,0.786593353828,1.34489688173,1.28544051555,1.12681800906
2023-02-08,20,0.958502440692,1.52374711274,1.28544051555,1.12681800906
2023-02-09,1,0.0480861616145,1.25820210328,1.25550968585,1.08464223968
2023-02-09,20,1.02551885526,1.45170812344,1.25550968585,1.08464223968
2023-02-10,1,1.29585664833,1.04731813938,1.18306427439,1.0812322082
2023-02-10,20,1.02425595936,1.27647418329,1.18306427439,1.0812322082
2023-02-13,1,0.000786543650613,1.12244970582,1.18983181683,1.13806941035
2023-02-13,20,1.09299995356,1.33890472648,1.18983181683,1.13806941035
2023-02-14,1,0.0766923037203,0.931369507302,1.11848910044,1.13604309674
2023-02-14,20,1.11749818827,1.18012671676,1.11848910044,1.13604309674
2023-02-15,1,1.92784594316,0.795690623958,1.05598129264,1.01686861738
2023-02-15,20,1.26521024567,1.06738440632,1.05598129264,1.01686861738
2023-02-16,1,0.076797831775,1.04656141779,1.10829317167,1.08386431834
2023-02-16,20,1.23020803242,1.2758453858,1.10829317167,1.08386431834
2023-02-17,1,4.09851278133,0.886344725216,1.04640345127,0.912079046159
2023-02-17,20,1.26578530384,1.14271339322,1.04640345127,0.912079046159
2023-02-21,1,0.024799808216,1.5030078504,1.22953001108,1.04725109297
2023-02-21,20,1.14404721868,1.62296931223,1.22953001108,1.04725109297
2023-02-22,1,0.282521830158,1.24591520665,1.1572461989,1.04823778482
2023-02-22,20,1.28059135572,1.4111156766,1.1572461989,1.04823778482
2023-02-23,1,1.12221492651,1.08871165677,1.10476273678,1.06234736133
2023-02-23,20,1.27090571415,1.28157426658,1.10476273678,1.06234736133
2023-02-24,1,0.0941441910832,1.11780483721,1.10580986816,1.05853195211
2023-02-24,20,1.23060944821,1.30554809935,1.10580986816,1.05853195211
2023-02-27,1,0.0924536895631,0.95221935104,1.04510992754,1.06013479245
2023-02-27,20,1.22725623762,1.16909967072,1.04510992754,1.06013479245
2023-02-28,1,0.224340931512,0.820187134403,0.98795055326,0.979559640992
2023-02-28,20,1.22387399682,1.06030034956,0.98795055326,0.979559640992
2023-03-01,1,0.570567782559,0.739367901742,0.942133975955,0.885124614524
2023-03-01,20,1.3125825079,0.993702379195,0.942133975955,0.885124614524
2023-03-02,1,2.56600325179,0.738635730627,0.919840004351,0.859593216275
2023-03-02,20,1.30029341471,0.993099043719,0.919840004351,0.859593216275
2023-03-03,1,0.00471873894938,1.10436688403,1.0186097992,0.881424534316
2023-03-03,20,1.27471539477,1.29447473998,1.0186097992,0.881424534316
2023-03-06,1,2.38566265253,0.925113225051,0.957776335583,0.827491070919
2023-03-06,20,1.28129497314,1.14676324267,0.957776335583,0.827491070919
2023-03-07,1,0.0199881385785,1.21960202176,1.0434495146,0.927805141287
2023-03-07,20,1.1789122068,1.38943266069,1.0434495146,0.927805141287
2023-03-08,1,3.471461305,1.0195849135,0.982041832039,0.847007842111
2023-03-08,20,1.18102651423,1.22461133031,0.982041832039,0.847007842111
2023-03-09,1,2.12692164513,1.4940797832,1.13140700042,0.958502440692
2023-03-09,20,1.0138358029,1.61561226199,1.13140700042,0.958502440692
2023-03-10,1,0.0228282437235,1.62471162405,1.1911378791,1.02551885526
2023-03-10,20,0.907985536456,1.72325762286,1.1911378791,1.02551885526
2023-03-13,1,2.67073653236,1.3423676182,1.12103930098,1.02425595936
2023-03-13,20,0.906844979319,1.4905959517,1.12103930098,1.02425595936
2023-03-14,1,0.490751237828,1.60385708753,1.21402113486,1.09299995356
2023-03-14,20,0.781892267854,1.70607273061,1.21402113486,1.09299995356
2023-03-15,1,3.03093345171,1.41167732811,1.17062494104,1.11749818827
2023-03-15,20,0.844151744401,1.5477096591,1.17062494104,1.11749818827
2023-03-16,1,1.22780167817,1.7251158116,1.28224345168,1.26521024567
2023-03-16,20,0.694750664367,1.8059943043,1.28224345168,1.26521024567
2023-03-17,1,0.788343260123,1.64344223507,1.27897694527,1.23020803242
2023-03-17,20,0.638807902529,1.73869232369,1.27897694527,1.23020803242
2023-03-20,1,1.66375107808,1.49779766747,1.24953892416,1.26578530384
2023-03-20,20,0.59975612789,1.61867593308,1.24953892416,1.26578530384
2023-03-21,1,2.75568254905,1.5370334997,1.27439165339,1.14404721868
2023-03-21,20,0.516572124328,1.6409144584,1.27439165339,1.14404721868
2023-03-22,1,0.0888089986736,1.77262867874,1.36326910713,1.28059135572
2023-03-22,20,0.396610448006,1.83437479228,1.36326910713,1.28059135572
2023-03-23,1,0.316289607738,1.4715785157,1.28680150063,1.27090571415
2023-03-23,20,0.392577505071,1.58716572249,1.28680150063,1.27090571415
2023-03-24,1,0.0270799792427,1.27375419646,1.22857078705,1.23060944821
2023-03-24,20,0.377125309686,1.42472114699,1.22857078705,1.23060944821
2023-03-27,1,0.0248088736542,1.06340964927,1.15648133858,1.22725623762
2023-03-27,20,0.502768224758,1.25199551442,1.15648133858,1.22725623762
2023-03-28,1,1.99851115311,0.895661290108,1.08858099069,1.22387399682
2023-03-28,20,0.508933578566,1.11424798621,1.08858099069,1.22387399682
2023-03-29,1,0.324785918756,1.12372204416,1.14317680043,1.3125825079
2023-03-29,20,0.596745832993,1.30152138375,1.14317680043,1.3125825079
2023-03-30,1,2.05444285308,0.99858513079,1.09407334753,1.30029341471
2023-03-30,20,0.614285240674,1.19876448889,1.09407334753,1.30029341471
2023-03-31,1,0.136310306263,1.21584413047,1.15169551787,1.27471539477
2023-03-31,20,0.511637665921,1.37716796382,1.15169551787,1.27471539477
2023-04-03,1,0.338007325826,1.03734812748,1.09077240517,1.28129497314
2023-04-03,20,0.572728921068,1.23059494618,1.09077240517,1.28129497314
2023-04-04,1,0.0622742870097,0.932294987374,1.04560650041,1.1789122068
2023-04-04,20,0.58048917355,1.14432995704,1.04560650041,1.1789122068
2023-04-05,1,0.127647078584,0.798219763682,0.986606567605,1.18102651423
2023-04-05,20,0.603619844685,1.03423331734,0.986606567605,1.18102651423
2023-04-06,1,0.00991631615128,0.70353463441,0.935068998263,1.0138358029
2023-04-06,20,0.764795354557,0.956482079831,0.935068998263,1.0138358029
2023-04-10,1,1.71009814886e-05,0.60664733389,0.879559837337,0.907985536456
2023-04-10,20,0.764401702721,0.876922516755,0.879559837337,0.907985536456
2023-04-11,1,0.171682303043,0.527758810372,0.826787273155,0.906844979319
2023-04-11,20,0.77493461745,0.812142752748,0.826787273155,0.906844979319
2023-04-12,1,1.73594076879,0.496444292073,0.787480974949,0.781892267854
2023-04-12,20,0.776358581889,0.786428656262,0.787480974949,0.781892267854
2023-04-13,1,0.0429118510322,0.758045765831,0.844388562579,0.844151744401
2023-04-13,20,0.691003255635,1.00124420836,0.844388562579,0.844151744401
2023-04-14,1,0.108946441403,0.656055319175,0.796299959886,0.694750664367
2023-04-14,20,0.690113080799,0.917494167535,0.796299959886,0.694750664367
2023-04-17,1,0.00730776734987,0.587015348503,0.755058748777,0.638807902529
2023-04-17,20,0.689028219097,0.860801599242,0.755058748777,0.638807902529
2023-04-18,1,7.10068257147e-05,0.513476631593,0.710193689891,0.59975612789
2023-04-18,20,0.709130721684,0.800414859646,0.710193689891,0.59975612789
2023-04-19,1,0.356449022607,0.454400615531,0.667586328907,0.516572124328
2023-04-19,20,0.778991511092,0.744356644402,0.667586328907,0.516572124328
2023-04-20,1,0.00815013998511,0.471307310925,0.648918090529,0.396610448006
2023-04-20,20,0.805355857022,0.758223786686,0.648918090529,0.396610448006
2023-04-21,1,0.00724570003634,0.421903479695,0.610472013497,0.392577505071
2023-04-21,20,0.805995129912,0.717701973222,0.610472013497,0.392577505071
2023-04-24,1,2.53993828067,0.382317253181,0.574278434689,0.377125309686
2023-04-24,20,0.805644860926,0.685232716353,0.574278434689,0.377125309686
2023-04-25,1,0.148115949822,0.808075603715,0.692218025448,0.502768224758
2023-04-25,20,0.742328849552,1.03444653301,0.692218025448,0.502768224758
2023-04-26,1,3.75475624165,0.715910023581,0.65957190091,0.508933578566
2023-04-26,20,0.761901330315,0.958850848359,0.65957190091,0.508933578566
2023-04-27,1,0.675574072373,1.29364218916,0.845282961355,0.596745832993
2023-04-27,20,0.612177975389,1.43271602162,0.845282961355,0.596745832993
2023-04-28,1,0.00149135802238,1.19862589188,0.835100428016,0.614285240674
2023-04-28,20,0.6624407476,1.35478213312,0.835100428016,0.614285240674
2023-05-01,1,1.3581354092,1.0010813742,0.785083883816,0.511637665921
2023-05-01,20,0.662366317531,1.1927529565,0.785083883816,0.511637665921
2023-05-02,1,0.493212375475,1.08842553009,0.819466975339,0.572728921068
2023-05-02,20,0.613231806243,1.26439403178,0.819466975339,0.572728921068
2023-05-03,1,0.524887709714,1.00193821136,0.799891699347,0.58048917355
2023-05-03,20,0.636652114624,1.19345574806,0.799891699347,0.58048917355
2023-05-04,1,3.35115727601,0.938643548197,0.783391459969,0.603619844685
2023-05-04,20,0.714517471945,1.14154045182,0.783391459969,0.603619844685
2023-05-05,1,0.00204327943036,1.39849658799,0.937457408932,0.764795354557
2023-05-05,20,0.548970806758,1.51871927854,0.937457408932,0.764795354557
2023-05-08,1,0.210675395561,1.16067238356,0.881332561162,0.764401702721
2023-05-08,20,0.551632549475,1.32365205787,0.881332561162,0.764401702721
2023-05-09,1,0.200161591841,1.00856942587,0.841093131226,0.77493461745
2023-05-09,20,0.548392282745,1.19889477639,0.841093131226,0.77493461745
2023-05-10,1,0.0288342436969,0.885296873361,0.802637238863,0.776358581889
2023-05-10,20,0.557416010063,1.09778465489,0.802637238863,0.776358581889
2023-05-11,1,0.0251083543073,0.755990901143,0.756209059153,0.691003255635
2023-05-11,20,0.556632562432,0.991725825939,0.756209059153,0.691003255635
2023-05-12,1,0.0872492073617,0.652135463083,0.712343016862,0.690113080799
2023-05-12,20,0.598417554598,0.906541932636,0.712343016862,0.690113080799
2023-05-15,1,0.409357819091,0.58048290067,0.674837388292,0.689028219097
2023-05-15,20,0.617919268967,0.847771353593,0.674837388292,0.689028219097
2023-05-16,1,1.39728679499,0.58147165709,0.65890861414,0.709130721684
2023-05-16,20,0.59778683221,0.848582347441,0.65890861414,0.709130721684
2023-05-17,1,0.883735941211,0.766202083873,0.703211304991,0.778991511092
2023-05-17,20,0.601182926924,1.00698408339,0.703211304991,0.778991511092
2023-05-18,1,0.0209355977806,0.816141636964,0.714042783164,0.805355857022
2023-05-18,20,0.563761356582,1.04768617594,0.714042783164,0.805355857022
2023-05-19,1,0.000240320312493,0.701145683648,0.672456352041,0.805995129912
2023-05-19,20,0.573978514058,0.953961349725,0.672456352041,0.805995129912
2023-05-22,1,1.2736180532,0.605623954647,0.632123390138,0.805644860926
2023-05-22,20,0.58779549275,0.876108545408,0.632123390138,0.805644860926
2023-05-23,1,0.539565565072,0.757924450126,0.670613069921,0.742328849552
2023-05-23,20,0.530974140247,1.000237587,0.670613069921,0.742328849552
2023-05-24,1,0.760289143136,0.747757562794,0.66275021963,0.761901330315
2023-05-24,20,0.533550748613,0.991951297604,0.66275021963,0.761901330315
2023-05-25,1,1.6808295166,0.779258802497,0.668602555041,0.612177975389
2023-05-25,20,0.50564750079,1.0176256638,0.668602555041,0.612177975389
2023-05-26,1,2.75663947554e-06,0.969636911564,0.729336172734,0.6624407476
2023-05-26,20,0.486480430069,1.17278899498,0.729336172734,0.6624407476
2023-05-30,1,0.37544518342,0.819931485581,0.685576167768,0.662366317531
2023-05-30,20,0.48654299959,1.05077500553,0.685576167768,0.662366317531
2023-05-31,1,0.961618543098,0.767802730302,0.666968308707,0.613231806243
2023-05-31,20,0.477732460576,1.00828865372,0.666968308707,0.613231806243
2023-06-01,1,2.08219485614,0.831398770678,0.684647322771,0.636652114624
2023-06-01,20,0.504002622576,1.06012115443,0.684647322771,0.636652114624
2023-06-02,1,0.040223972274,1.08330451653,0.768500174773,0.714517471945
2023-06-02,20,0.400577321687,1.2654311812,0.768500174773,0.714517471945
2023-06-05,1,0.0552781337648,0.917897464466,0.724803602623,0.548970806758
2023-06-05,20,0.400507081559,1.13061993991,0.724803602623,0.548970806758
2023-06-06,1,0.145870060964,0.788546713752,0.684632074492,0.551632549475
2023-06-06,20,0.429376719466,1.02519556381,0.684632074492,0.551632549475
2023-06-07,1,0.380636138203,0.70153991659,0.65230635368,0.548392282745
2023-06-07,20,0.426199407451,0.954282660283,0.65230635368,0.548392282745
2023-06-08,1,0.013165291077,0.674216464801,0.636006140751,0.557416010063
2023-06-08,20,0.410052735493,0.932013304739,0.636006140751,0.557416010063
2023-06-09,1,0.860808197621,0.586444913708,0.598635689771,0.556632562432
2023-06-09,20,0.431970875494,0.860477105978,0.598635689771,0.556632562432
2023-06-12,1,0.477283494751,0.668517033861,0.614366040242,0.598417554598
2023-06-12,20,0.416191493876,0.927368113678,0.614366040242,0.598417554598
2023-06-13,1,0.00670908395543,0.665199990143,0.606141087512,0.617919268967
2023-06-13,20,0.42789757079,0.924664632928,0.606141087512,0.617919268967
2023-06-14,1,1.46520868926,0.578087770868,0.570175167299,0.59778683221
2023-06-14,20,0.428087359596,0.853665807512,0.570175167299,0.59778683221
2023-06-15,1,0.135304534385,0.771230571945,0.623877178616,0.601182926924
2023-06-15,20,0.362230360056,1.00937266246,0.623877178616,0.601182926924
2023-06-16,1,0.225278747293,0.687584783223,0.594562819963,0.563761356582
2023-06-16,20,0.380613840088,0.941545718413,0.594562819963,0.563761356582
2023-06-20,1,0.276579894149,0.636490554487,0.572405775602,0.573978514058
2023-06-20,20,0.37212323275,0.900114279403,0.572405775602,0.573978514058
2023-06-21,1,0.137191003144,0.604634228465,0.554656222715,0.58779549275
2023-06-21,20,0.381277267804,0.874282527731,0.554656222715,0.58779549275
2023-06-22,1,0.591097732399,0.554518352528,0.529608309541,0.530974140247
2023-06-22,20,0.374470219261,0.833644418327,0.529608309541,0.530974140247
2023-06-23,1,0.202224186662,0.594520542531,0.533297674912,0.533550748613
2023-06-23,20,0.35301982563,0.866081512229,0.533297674912,0.533550748613
2023-06-26,1,1.29748810219,0.557900790786,0.513433265617,0.50564750079
2023-06-26,20,0.346858688564,0.836387179845,0.513433265617,0.50564750079
2023-06-27,1,0.00125414706418,0.721933599604,0.560476555812,0.486480430069
2023-06-27,20,0.281996365958,0.969398588026,0.560476555812,0.486480430069
2023-06-28,1,0.199234403127,0.624446025409,0.526923211287,0.48654299959
2023-06-28,20,0.302705204423,0.890347576114,0.526923211287,0.48654299959
2023-06-29,1,1.4870217831,0.581335351774,0.507261882797,0.477732460576
2023-06-29,20,0.341051798678,0.855389865829,0.507261882797,0.477732460576
2023-06-30,1,0.013688838369,0.774158328809,0.566047476815,0.504002622576
2023-06-30,20,0.26777768641,1.01174673059,0.566047476815,0.504002622576
2023-07-03,1,0.0388191697116,0.668459368753,0.532905958508,0.400577321687
2023-07-03,20,0.270654078381,0.926037245876,0.532905958508,0.400577321687
2023-07-05,1,0.632670891901,0.588259003709,0.503260751181,0.400507081559
2023-07-05,20,0.365821964011,0.861004137147,0.503260751181,0.400507081559
2023-07-06,1,0.082323820672,0.628877086124,0.511025359624,0.429376719466
2023-07-06,20,0.337442795065,0.893940647705,0.511025359624,0.429376719466
2023-07-07,1,0.0577026990461,0.564244315305,0.485303267287,0.426199407451
2023-07-07,20,0.347446802099,0.841531035731,0.485303267287,0.426199407451
2023-07-10,1,0.451528091098,0.508144057237,0.459647233192,0.410052735493
2023-07-10,20,0.384914372,0.796040292881,0.459647233192,0.410052735493
2023-07-11,1,0.545220565252,0.532747716374,0.459160084667,0.431970875494
2023-07-11,20,0.371272598924,0.815990980623,0.459160084667,0.431970875494
2023-07-12,1,0.711405033023,0.568988984499,0.464323713502,0.416191493876
2023-07-12,20,0.368958928071,0.845378407091,0.464323713502,0.416191493876
2023-07-13,1,0.0105048600826,0.627346468412,0.479148592673,0.42789757079
2023-07-13,20,0.333420097283,0.892699495897,0.479148592673,0.42789757079
2023-07-14,1,0.148068698457,0.550339933367,0.451029968718,0.428087359596
2023-07-14,20,0.333467587756,0.830256209464,0.451029968718,0.428087359596
2023-07-17,1,0.502974135019,0.510535018054,0.432852292502,0.362230360056
2023-07-17,20,0.342503558812,0.789408905851,0.432852292502,0.362230360056
2023-07-18,1,0.0554666005445,0.542556492013,0.437059603053,0.380613840088
2023-07-18,20,0.384845433575,0.815592390688,0.437059603053,0.380613840088
2023-07-19,1,0.459660595232,0.490415887657,0.414164022902,0.37212323275
2023-07-19,20,0.410831251866,0.772957791003,0.414164022902,0.37212323275
2023-07-20,1,0.00105003227235,0.51883875642,0.416893817242,0.381277267804
2023-07-20,20,0.417823786118,0.796198749687,0.416893817242,0.381277267804
2023-07-21,1,0.162089859784,0.461871797948,0.391943190144,0.374470219261
2023-07-21,20,0.417782343009,0.749617711746,0.391943190144,0.374470219261
2023-07-24,1,0.0790014453395,0.444091469958,0.378151990322,0.35301982563
2023-07-24,20,0.433177714685,0.735079000976,0.378151990322,0.35301982563
2023-07-25,1,0.000241650067714,0.415331488342,0.360202957623,0.346858688564
2023-07-25,20,0.433095543614,0.711562390106,0.360202957623,0.346858688564
2023-07-26,1,0.41543091636,0.378495623056,0.33860527917,0.281996365958
2023-07-26,20,0.493411221692,0.681442248808,0.33860527917,0.281996365958
2023-07-27,1,0.966166288229,0.421139589532,0.343214817401,0.302705204423
2023-07-27,20,0.564432172566,0.716311588398,0.343214817401,0.302705204423
2023-07-28,1,0.0215395377464,0.551289752501,0.380591905651,0.341051798678
2023-07-28,20,0.538538725379,0.822733448401,0.380591905651,0.341051798678
2023-07-31,1,0.0712166777816,0.49153358947,0.359048763577,0.26777768641
2023-07-31,20,0.556962251815,0.773871719216,0.359048763577,0.26777768641
2023-08-01,1,1.94217688232,0.452127141921,0.341778838429,0.270654078381
2023-08-01,20,0.657140015657,0.741649650886,0.341778838429,0.270654078381
2023-08-02,1,0.0650875129822,0.746087468723,0.437802721063,0.365821964011
2023-08-02,20,0.567349751649,0.982016654904,0.437802721063,0.365821964011
2023-08-03,1,0.282403961351,0.655760087717,0.415439808578,0.337442795065
2023-08-03,20,0.565372518355,0.908157293713,0.415439808578,0.337442795065
2023-08-04,1,0.807054097057,0.620948142486,0.407457657744,0.347446802099
2023-08-04,20,0.552867846359,0.879692081858,0.407457657744,0.347446802099
2023-08-07,1,0.178692629579,0.684271804218,0.431433444103,0.384914372
2023-08-07,20,0.521347736849,0.931470901877,0.431433444103,0.384914372
2023-08-08,1,0.498947148188,0.625824442618,0.416268995231,0.371272598924
2023-08-08,20,0.536885214753,0.883679360231,0.416268995231,0.371272598924
2023-08-09,1,0.000628417263754,0.634565681948,0.421229684409,0.368958928071
2023-08-09,20,0.517110578337,0.890826942124,0.421229684409,0.368958928071
2023-08-10,1,0.0114546695452,0.554860335942,0.39599360838,0.333420097283
2023-08-10,20,0.518095333796,0.82565306158,0.39599360838,0.333420097283
2023-08-11,1,0.328788119573,0.492649560899,0.37292127205,0.333467587756
2023-08-11,20,0.539973975809,0.774784232519,0.37292127205,0.333467587756
2023-08-14,1,1.34981163028,0.503987993888,0.370273282901,0.342503558812
2023-08-14,20,0.539849007304,0.792064187556,0.370273282901,0.342503558812
2023-08-15,1,0.57518296637,0.686321292009,0.429045583744,0.384845433575
2023-08-15,20,0.473128295188,0.937820612575,0.429045583744,0.384845433575
2023-08-16,1,0.599511280282,0.697452316592,0.437813826702,0.410831251866
2023-08-16,20,0.47960368001,0.946718703965,0.437813826702,0.410831251866
2023-08-17,1,0.000221170090052,0.71061240764,0.447515673916,0.417823786118
2023-08-17,20,0.524465278244,0.957238822034,0.447515673916,0.417823786118
2023-08-18,1,0.469997293308,0.616722630289,0.420678003687,0.417782343009
2023-08-18,20,0.524714160207,0.882183752918,0.420678003687,0.417782343009
2023-08-21,1,0.0773580239042,0.623345136517,0.423637161064,0.433177714685
2023-08-21,20,0.503532704904,0.88747775485,0.423637161064,0.433177714685
2023-08-22,1,1.20655521164,0.560228473761,0.402860412834,0.433095543614
2023-08-22,20,0.544214091733,0.837022576244,0.402860412834,0.433095543614
2023-08-23,1,1.83584993384,0.706427936412,0.451082100763,0.493411221692
2023-08-23,20,0.620621164887,0.953893774404,0.451082100763,0.493411221692
2023-08-24,1,0.448297344483,0.933258283734,0.534168170747,0.564432172566
2023-08-24,20,0.531469615775,1.13522094203,0.534168170747,0.564432172566
2023-08-25,1,0.390010066478,0.873237248022,0.529015921171,0.538538725379
2023-08-25,20,0.517114837779,1.08724039387,0.529015921171,0.538538725379
2023-08-28,1,2.07477195461,0.814978470853,0.52067556989,0.556962251815
2023-08-28,20,0.607788958888,1.04066858733,0.52067556989,0.556962251815
2023-08-29,1,0.146371602157,1.06188754586,0.613921352973,0.657140015657
2023-08-29,20,0.504076647599,1.23804660028,0.613921352973,0.657140015657
2023-08-30,1,0.0255428471135,0.923705932013,0.585868367924,0.567349751649
2023-08-30,20,0.51402103359,1.12758483468,0.585868367924,0.567349751649
2023-08-31,1,0.0323105214216,0.791909867102,0.552248836676,0.565372518355
2023-08-31,20,0.516424780194,1.02222764841,0.552248836676,0.565372518355
2023-09-01,1,0.176651906865,0.687467040821,0.52105253776,0.552867846359
2023-09-01,20,0.514812403478,0.938736519065,0.52105253776,0.552867846359
2023-09-05,1,0.489442187642,0.628919802215,0.500388499907,0.521347736849
2023-09-05,20,0.601744247067,0.891934117737,0.500388499907,0.521347736849
2023-09-06,1,0.10345441988,0.636508627038,0.499731721171,0.536885214753
2023-09-06,20,0.609891486715,0.898000590442,0.499731721171,0.536885214753
2023-09-07,1,0.0203235264471,0.575325513946,0.475955083093,0.517110578337
2023-09-07,20,0.605570123125,0.84909108281,0.475955083093,0.517110578337
2023-09-08,1,0.449027509804,0.511806023668,0.448617189694,0.518095333796
2023-09-08,20,0.673534000902,0.798313885681,0.448617189694,0.518095333796
2023-09-11,1,0.326288749472,0.535609962083,0.448641808901,0.539973975809
2023-09-11,20,0.670827381477,0.817342647846,0.448641808901,0.539973975809
2023-09-12,1,0.0153973879468,0.543566818913,0.441300625335,0.539849007304
2023-09-12,20,0.66800423498,0.837954998789,0.441300625335,0.539849007304
2023-09-13,1,0.70469066282,0.48788937518,0.415746431092,0.473128295188
2023-09-13,20,0.676409920337,0.794799664556,0.415746431092,0.473128295188
2023-09-14,1,1.49674324495,0.563640423387,0.433083084996,0.47960368001
2023-09-14,20,0.660806921474,0.853513958616,0.433083084996,0.47960368001
2023-09-15,1,0.00519880935736,0.762166376792,0.496902694593,0.524465278244
2023-09-15,20,0.598627733516,1.00739052511,0.496902694593,0.524465278244
2023-09-18,1,0.0463681872588,0.660519956871,0.467400461479,0.524714160207
2023-09-18,20,0.65389928384,0.92860484583,0.467400461479,0.524714160207
2023-09-19,1,0.890985760481,0.586599407725,0.442138525026,0.503532704904
2023-09-19,20,0.651585700996,0.871309363295,0.442138525026,0.503532704904
2023-09-20,1,2.73469667472,0.674874889077,0.469069359153,0.544214091733
2023-09-20,20,0.698031970364,0.939731288707,0.469069359153,0.544214091733
2023-09-21,1,0.0528189515939,1.0667420251,0.605006998087,0.620621164887
2023-09-21,20,0.597584092531,1.24346572937,0.605006998087,0.620621164887
2023-09-22,1,0.161201784564,0.911826410535,0.571875715298,0.531469615775
2023-09-22,20,0.675146147031,1.12339133881,0.571875715298,0.531469615775
2023-09-25,1,2.20349248865,0.807123439807,0.547235279454,0.517114837779
2023-09-25,20,0.668509028918,1.04223654085,0.547235279454,0.517114837779
2023-09-26,1,0.000525728825293,1.07964450237,0.646610712005,0.607788958888
2023-09-26,20,0.584539754881,1.25346638101,0.646610712005,0.607788958888
2023-09-27,1,0.345259321996,0.913003665951,0.607845613014,0.504076647599
2023-09-27,20,0.688819870788,1.12430382414,0.607845613014,0.504076647599
2023-09-28,1,0.0736177791904,0.840151737696,0.592090435553,0.51402103359
2023-09-28,20,0.742398575782,1.06783662481,0.592090435553,0.51402103359
2023-09-29,1,6.29870896595e-05,0.734668535682,0.560982076172,0.516424780194
2023-09-29,20,0.750294582075,0.986077073125,0.560982076172,0.516424780194
2023-10-02,1,1.91528877866,0.637685542529,0.527326930827,0.514812403478
2023-10-02,20,0.82155501703,0.91090599479,0.527326930827,0.514812403478
2023-10-03,1,0.652386980591,0.894213152789,0.610604641696,0.601744247067
2023-10-03,20,0.74661818354,1.10973938257,0.610604641696,0.601744247067
2023-10-04,1,0.0170271480781,0.878705184152,0.61311158203,0.609891486715
2023-10-04,20,0.768612572872,1.09771922639,0.61311158203,0.609891486715
2023-10-05,1,1.379601082,0.755562075453,0.577346515993,0.605570123125
2023-10-05,20,0.942287319076,1.00227156108,0.577346515993,0.605570123125
2023-10-06,1,0.394895121291,0.89486731751,0.625481789953,0.673534000902
2023-10-06,20,0.917017426124,1.11024642268,0.625481789953,0.673534000902
2023-10-09,1,0.269825819533,0.834335361305,0.611646589833,0.670827381477
2023-10-09,20,0.898806472139,1.06332837784,0.611646589833,0.670827381477
2023-10-10,1,0.183511095094,0.745170939925,0.591137343615,0.66800423498
2023-10-10,20,0.889336894054,0.953664353659,0.591137343615,0.66800423498
2023-10-11,1,0.392630685571,0.67661952882,0.566679768704,0.676409920337
2023-10-11,20,0.880665760061,0.897216294119,0.566679768704,0.676409920337
2023-10-12,1,0.253159485788,0.65566595816,0.556236823716,0.660806921474
2023-10-12,20,0.893974559734,0.879962259738,0.556236823716,0.660806921474
2023-10-13,1,1.11062981582,0.615451443524,0.53805218344,0.598627733516
2023-10-13,20,1.00137586313,0.846847969602,0.53805218344,0.598627733516
2023-10-16,1,9.65303881088e-05,0.725304511355,0.572406841383,0.65389928384
2023-10-16,20,0.946193977898,0.937305516916,0.572406841383,0.65389928384
2023-10-17,1,1.81991114783,0.629983870658,0.538068222724,0.651585700996
2023-10-17,20,1.12470666406,0.858814569543,0.538068222724,0.651585700996
2023-10-18,1,0.725739118063,0.855019995655,0.61497879823,0.698031970364
2023-10-18,20,1.03498429689,1.04411859724,0.61497879823,0.698031970364
2023-10-19,1,1.60406004161,0.856034889248,0.62162441742,0.597584092531
2023-10-19,20,0.999405057105,1.04495430249,0.62162441742,0.597584092531
2023-10-20,1,0.0284594222884,1.00286343629,0.680570554871,0.675146147031
2023-10-20,20,0.920022827538,1.16585898456,0.680570554871,0.675146147031
2023-10-23,1,0.524107007911,0.860286508232,0.641443886916,0.668509028918
2023-10-23,20,0.945707505162,1.04845526093,0.641443886916,0.668509028918
2023-10-24,1,2.08612804698,0.826797885222,0.634403674176,0.584539754881
2023-10-24,20,0.921548370577,1.0208793474,0.634403674176,0.584539754881
2023-10-25,1,1.41683342186,1.05923525013,0.721507136544,0.688819870788
2023-10-25,20,0.82545498808,1.21227786132,0.721507136544,0.688819870788
2023-10-26,1,0.231537905068,1.13689311435,0.763226713663,0.742398575782
2023-10-26,20,0.754791339812,1.27622454999,0.763226713663,0.742398575782
2023-10-27,1,1.42527168619,1.00297784829,0.731325385148,0.750294582075
2023-10-27,20,0.745127548145,1.16595319612,0.731325385148,0.750294582075
2023-10-30,1,0.416552108854,1.09257223356,0.77296216321,0.82155501703
2023-10-30,20,0.674343809659,1.23972890858,0.77296216321,0.82155501703
2023-10-31,1,1.09227476723,0.997710752842,0.751577559949,0.74661818354
2023-10-31,20,0.653964321456,1.16161605247,0.751577559949,0.74661818354
2023-11-01,1,3.49052207215,1.03293713785,0.772019392385,0.768612572872
2023-11-01,20,0.606483187985,1.19062291092,0.772019392385,0.768612572872
2023-11-02,1,0.874203222969,1.46022935375,0.935129553171,0.942287319076
2023-11-02,20,0.449106725768,1.54247294661,0.935129553171,0.942287319076
2023-11-03,1,0.0306760415935,1.3726020734,0.931473973359,0.917017426124
2023-11-03,20,0.420102049007,1.47031702948,0.931473973359,0.917017426124
2023-11-06,1,0.0804342578317,1.16116251285,0.877426097453,0.898806472139
2023-11-06,20,0.418730145405,1.29620897378,0.877426097453,0.898806472139
2023-11-07,1,0.0100884152202,0.995029800687,0.829606587076,0.889336894054
2023-11-07,20,0.422367551037,1.17146750442,0.829606587076,0.889336894054
2023-11-08,1,0.658806679044,0.845266872163,0.780435496765,0.880665760061
2023-11-08,20,0.453358024857,1.04879274282,0.780435496765,0.880665760061
2023-11-09,1,2.40118555378,0.837229656649,0.773137767701,0.893974559734
2023-11-09,20,0.428770023671,1.04220924778,0.773137767701,0.893974559734
2023-11-10,1,0.00699211109482,1.13296375577,0.870820634866,1.00137586313
2023-11-10,20,0.316381460166,1.28445284214,0.870820634866,1.00137586313
2023-11-13,1,3.57035025372,0.955760975772,0.81899092344,0.946193977898
2023-11-13,20,0.326560456048,1.13930137505,0.81899092344,0.946193977898
2023-11-14,1,0.0254638042798,1.43116021038,0.984072483256,1.12470666406
2023-11-14,20,0.239957305305,1.52871341676,0.984072483256,1.12470666406
2023-11-15,1,0.0141543224292,1.19900059374,0.926555962518,1.03498429689
2023-11-15,20,0.242178333535,1.33854535645,0.926555962518,1.03498429689
2023-11-16,1,0.0164154502698,1.01016013934,0.871811864112,0.999405057105
2023-11-16,20,0.241473524627,1.18386116356,0.871811864112,0.999405057105
2023-11-17,1,0.542152974784,0.85854355087,0.820488079282,0.920022827538
2023-11-17,20,0.250859466508,1.05966802024,0.820488079282,0.920022827538
2023-11-20,1,0.0409243162051,0.827684045664,0.803787973012,0.945707505162
2023-11-20,20,0.240858782624,1.03439018626,0.803787973012,0.945707505162
2023-11-21,1,0.164260397036,0.715908728247,0.758016153604,0.921548370577
2023-11-21,20,0.348231180176,0.942832078043,0.758016153604,0.921548370577
2023-11-22,1,0.00356045650569,0.647326016208,0.722390808209,0.82545498808
2023-11-22,20,0.392536796481,0.886654171187,0.722390808209,0.82545498808
2023-11-24,1,0.0382620717255,0.564247457802,0.679260987107,0.754791339812
2023-11-24,20,0.393734386897,0.818602334547,0.679260987107,0.754791339812
2023-11-27,1,0.00959691645684,0.503391408227,0.640801052184,0.745127548145
2023-11-27,20,0.400737138741,0.768753540543,0.640801052184,0.745127548145
2023-11-28,1,0.00896234481066,0.449433026434,0.602928804041,0.674343809659
2023-11-28,20,0.401278936009,0.724554808,0.602928804041,0.674343809659
2023-11-29,1,0.142652097805,0.405888695741,0.567290816487,0.653964321456
2023-11-29,20,0.400899308035,0.688886499164,0.567290816487,0.653964321456
2023-11-30,1,0.342992827799,0.39402488349,0.541812493366,0.606483187985
2023-11-30,20,0.397772503272,0.679168537891,0.541812493366,0.606483187985
2023-12-01,1,0.294109687757,0.419222737137,0.529883313432,0.449106725768
2023-12-01,20,0.3967351008,0.699808763876,0.529883313432,0.449106725768
2023-12-04,1,0.00323796954896,0.43102752146,0.515736895891,0.420102049007
2023-12-04,20,0.4144197449,0.709478373818,0.515736895891,0.420102049007
2023-12-05,1,0.153182370469,0.390080170657,0.484986960311,0.418730145405
2023-12-05,20,0.420154957352,0.675937319651,0.484986960311,0.418730145405
2023-12-06,1,0.629897891624,0.374223696207,0.46507868492,0.422367551037
2023-12-06,20,0.414159366299,0.661692983121,0.46507868492,0.422367551037
2023-12-07,1,0.167046655315,0.454789483928,0.474967837323,0.453358024857
2023-12-07,20,0.480887834955,0.726361012944,0.474967837323,0.453358024857
2023-12-08,1,0.15341428368,0.436097826002,0.456492566402,0.428770023671
2023-12-08,20,0.473629213597,0.711357712829,0.456492566402,0.428770023671
2023-12-11,1,0.21057202874,0.418758486964,0.438307869439,0.316381460166
2023-12-11,20,0.481919640088,0.697439883366,0.438307869439,0.316381460166
2023-12-12,1,1.83828723885,0.415176594131,0.424643718997,0.326560456048
2023-12-12,20,0.471616347633,0.694564792597,0.424643718997,0.326560456048
2023-12-13,1,0.0698843688816,0.70387120519,0.509462330188,0.239957305305
2023-12-13,20,0.379983756245,0.926292331618,0.509462330188,0.239957305305
2023-12-14,1,5.81442857585e-05,0.617216860754,0.48308765251,0.242178333535
2023-12-14,20,0.38347705247,0.856737178136,0.48308765251,0.242178333535
2023-12-15,1,0.204134287872,0.535644910341,0.454105882016,0.241473524627
2023-12-15,20,0.399337976042,0.791261528095,0.454105882016,0.241473524627
2023-12-18,1,0.342139297111,0.507183943331,0.439107586368,0.250859466508
2023-12-18,20,0.427558957794,0.768416661615,0.439107586368,0.250859466508
2023-12-19,1,2.18837226724,0.50921894433,0.433289489012,0.240858782624
2023-12-19,20,0.485340087136,0.770050103167,0.433289489012,0.240858782624
2023-12-20,1,1.05037272314,0.841530288204,0.538594455706,0.348231180176
2023-12-20,20,0.37832373302,1.03678764157,0.538594455706,0.348231180176
2023-12-21,1,0.0275122648388,0.902554383308,0.569301151752,0.392536796481
2023-12-21,20,0.330059877819,1.08577007088,0.569301151752,0.392536796481
2023-12-22,1,0.178317108599,0.767981191879,0.536793818537,0.393734386897
2023-12-22,20,0.329013611026,0.977751724599,0.536793818537,0.393734386897
2023-12-26,1,0.020432861815,0.687735613101,0.515285215941,0.400737138741
2023-12-26,20,0.333861046659,0.913340718037,0.515285215941,0.400737138741
2023-12-27,1,0.00136978532894,0.595498977767,0.485594074693,0.401278936009
2023-12-27,20,0.333051954105,0.839304807096,0.485594074693,0.401278936009
2023-12-28,1,0.0801160025542,0.518570327035,0.456540617331,0.400899308035
2023-12-28,20,0.361321608429,0.777556211066,0.456540617331,0.400899308035
2023-12-29,1,0.322244778351,0.471361583672,0.433955140445,0.397772503272
2023-12-29,20,0.357496306884,0.739662999691,0.433955140445,0.397772503272
2024-01-02,1,0.647802569767,0.477104497989,0.427252518719,0.3967351008
2024-01-02,20,0.473201745192,0.744272685325,0.427252518719,0.3967351008
2024-01-03,1,0.117942218576,0.539994227375,0.440485521782,0.4144197449
2024-01-03,20,0.517893697136,0.79475261,0.440485521782,0.4144197449
2024-01-04,1,0.0332705494116,0.495212064699,0.42113292359,0.420154957352
2024-01-04,20,0.568471341474,0.75880715085,0.42113292359,0.420154957352
2024-01-05,1,1.96446726475,0.446497449722,0.397861181139,0.414159366299
2024-01-05,20,0.57190040984,0.697878430751,0.397861181139,0.414159366299
2024-01-08,1,0.021874228152,0.733144236001,0.491857546156,0.480887834955
2024-01-08,20,0.476339892246,0.926371834271,0.491857546156,0.480887834955
2024-01-09,1,0.31922281351,0.636615346303,0.463658547075,0.473629213597
2024-01-09,20,0.50892920762,0.84942621478,0.463658547075,0.473629213597
2024-01-10,1,0.00450617962072,0.608919413849,0.454992403061,0.481919640088
2024-01-10,20,0.493130756741,0.827349086507,0.454992403061,0.481919640088
2024-01-11,1,0.00563541110844,0.533480794333,0.427963229655,0.471616347633
2024-01-11,20,0.509298511243,0.767215054816,0.427963229655,0.471616347633
2024-01-12,1,0.139750293371,0.472819777177,0.402623560542,0.379983756245
2024-01-12,20,0.5094674248,0.718860623737,0.402623560542,0.379983756245
2024-01-16,1,0.317276615726,0.446515863048,0.386851164512,0.38347705247
2024-01-16,20,0.59726721281,0.697893108479,0.386851164512,0.38347705247
2024-01-17,1,0.768553922917,0.455249890877,0.382676691585,0.399337976042
2024-01-17,20,0.62685356465,0.704855222971,0.382676691585,0.399337976042
2024-01-18,1,1.49776188395,0.53843326574,0.405829325465,0.427558957794
2024-01-18,20,0.605271239574,0.771162795038,0.405829325465,0.427558957794
2024-01-19,1,0.0480451849095,0.728561843799,0.471345278974,0.485340087136
2024-01-19,20,0.541975467695,0.922719093543,0.471345278974,0.485340087136
2024-01-22,1,0.0850956191132,0.6373345093,0.44594727333,0.37832373302
2024-01-22,20,0.557714041645,0.849999477796,0.44594727333,0.37832373302
2024-01-23,1,0.0065869289821,0.569998260116,0.424296174077,0.330059877819
2024-01-23,20,0.554257352358,0.796324050431,0.424296174077,0.330059877819
2024-01-24,1,0.275265821264,0.502436632275,0.399233619371,0.329013611026
2024-01-24,20,0.772393383209,0.742468968037,0.399233619371,0.329013611026
2024-01-25,1,0.00425101073069,0.493269681228,0.391795551485,0.333861046659
2024-01-25,20,0.758690604837,0.735161759498,0.391795551485,0.333861046659
2024-01-26,1,0.566762871803,0.440150456962,0.36854287904,0.333051954105
2024-01-26,20,0.765675041797,0.692819082287,0.36854287904,0.333051954105
2024-01-29,1,0.0036099716591,0.492207915364,0.380436078606,0.361321608429
2024-01-29,20,0.738790232605,0.734315399072,0.380436078606,0.361321608429
2024-01-30,1,2.63635354451,0.439185843709,0.357826512189,0.357496306884
2024-01-30,20,0.739986756125,0.692050164664,0.357826512189,0.357496306884
2024-01-31,1,1.54164160865,0.840605120135,0.494538134128,0.473201745192
2024-01-31,20,0.621769644938,1.01203162303,0.494538134128,0.473201745192
2024-02-01,1,1.12949510533,0.979707924996,0.557364342599,0.517893697136
2024-02-01,20,0.5764953455,1.12291398712,0.557364342599,0.517893697136
2024-02-02,1,0.101851916749,1.02237715825,0.591692188363,0.568471341474
2024-02-02,20,0.520733377876,1.15692671218,0.591692188363,0.568471341474
2024-02-05,1,0.053256912855,0.884465408779,0.562301772066,0.57190040984
2024-02-05,20,0.568124956918,1.05172069535,0.562301772066,0.57190040984
2024-02-06,1,0.67366053564,0.767072635598,0.531759080514,0.476339892246
2024-02-06,20,0.578609958947,0.957441494322,0.531759080514,0.476339892246
2024-02-07,1,0.00325379592546,0.774625138156,0.540273167821,0.50892920762
2024-02-07,20,0.59747255657,0.963506977636,0.540273167821,0.50892920762
2024-02-08,1,0.327861269657,0.669754000473,0.508052005507,0.493130756741
2024-02-08,20,0.618760612374,0.879284015661,0.508052005507,0.493130756741
2024-02-09,1,0.00901368226068,0.63848453591,0.497240561356,0.509298511243
2024-02-09,20,0.602997965465,0.85417122502,0.497240561356,0.509298511243
2024-02-12,1,1.89574605356,0.560347669228,0.467946948611,0.5094674248
2024-02-12,20,0.664591651686,0.791418798597,0.467946948611,0.5094674248
2024-02-13,1,0.909003652531,0.809377356534,0.553614894908,0.59726721281
2024-02-13,20,0.57165982667,0.991416799458,0.553614894908,0.59726721281
2024-02-14,1,0.336907421393,0.847882426044,0.574938220365,0.62685356465
2024-02-14,20,0.530343092091,1.02234057007,0.574938220365,0.62685356465
2024-02-15,1,0.231846446384,0.784378853136,0.560656372427,0.605271239574
2024-02-15,20,0.534648877701,0.971340274614,0.560656372427,0.605271239574
2024-02-16,1,0.362816663892,0.715506780944,0.540927776864,0.541975467695
2024-02-16,20,0.542890117733,0.916028488688,0.540927776864,0.541975467695
2024-02-20,1,0.0159618333783,0.681360471533,0.530241110086,0.557714041645
2024-02-20,20,0.540616054469,0.888605277853,0.530241110086,0.557714041645
2024-02-21,1,4.369307546,0.596254625268,0.499384353484,0.554257352358
2024-02-21,20,0.57910999663,0.82025600071,0.499384353484,0.554257352358
2024-02-22,1,0.00121025383216,1.24801084651,0.731579745034,0.772393383209
2024-02-22,20,0.365865298563,1.34368733417,0.731579745034,0.772393383209
2024-02-23,1,0.143939749923,1.05315733179,0.687757575562,0.758690604837
2024-02-23,20,0.366789231469,1.18719870895,0.687757575562,0.758690604837
2024-02-26,1,0.0290666879795,0.918833299805,0.655128506024,0.765675041797
2024-02-26,20,0.364272943607,1.07932186039,0.655128506024,0.765675041797
2024-02-27,1,0.0275404420572,0.790927386074,0.617564796941,0.738790232605
2024-02-27,20,0.366750037686,0.976599460819,0.617564796941,0.738790232605
2024-02-28,1,0.272011320752,0.686990056055,0.582163335648,0.739986756125
2024-02-28,20,0.402297958103,0.89312644825,0.582163335648,0.739986756125
2024-02-29,1,0.636155619896,0.643210043841,0.563554214754,0.621769644938
2024-02-29,20,0.389319966849,0.857966323306,0.563554214754,0.621769644938
2024-03-01,1,0.0142557528566,0.668008777996,0.567910299063,0.5764953455
2024-03-01,20,0.359543536815,0.877882411659,0.567910299063,0.5764953455
2024-03-04,1,1.04968349758,0.585148852579,0.53469102629,0.520733377876
2024-03-04,20,0.385223682047,0.811336853921,0.53469102629,0.520733377876
2024-03-05,1,0.262956953448,0.69187447686,0.565590574568,0.568124956918
2024-03-05,20,0.333334132307,0.894142690071,0.565590574568,0.568124956918
2024-03-06,1,1.05091248808,0.647060702149,0.547432557301,0.578609958947
2024-03-06,20,0.397203187206,0.858444929113,0.547432557301,0.578609958947
2024-03-07,1,0.429014912018,0.738093828583,0.577641353148,0.59747255657
2024-03-07,20,0.405576838201,0.930960105701,0.577641353148,0.59747255657
2024-03-08,1,0.0126083314734,0.711526789207,0.56872376668,0.618760612374
2024-03-08,20,0.384196293091,0.909797330926,0.56872376668,0.618760612374
2024-03-11,1,1.24088740669,0.622542003315,0.535356840568,0.602997965465
2024-03-11,20,0.384609093658,0.838913821644,0.535356840568,0.602997965465
2024-03-12,1,0.0371095532356,0.748885579138,0.577688674535,0.664591651686
2024-03-12,20,0.367708552694,0.939556599393,0.577688674535,0.664591651686
2024-03-13,1,0.0826689609497,0.656896848894,0.545253927257,0.57165982667
2024-03-13,20,0.393360666007,0.86628020783,0.545253927257,0.57165982667
2024-03-14,1,0.423023133601,0.58943716985,0.517498829278,0.530343092091
2024-03-14,20,0.49664965805,0.812543170226,0.517498829278,0.530343092091
2024-03-15,1,0.396671247019,0.589628077911,0.511830287538,0.534648877701
2024-03-15,20,0.548633287243,0.812695243788,0.511830287538,0.534648877701
2024-03-18,1,0.317335398616,0.585519741467,0.504920745107,0.542890117733
2024-03-18,20,0.530918692364,0.809422624749,0.504920745107,0.542890117733
2024-03-19,1,0.785840676601,0.569341448037,0.493665624317,0.540616054469
2024-03-19,20,0.531856701319,0.796535318216,0.493665624317,0.540616054469
2024-03-20,1,0.104413584643,0.631983121378,0.511196127454,0.57910999663
2024-03-20,20,0.495008047429,0.846434428376,0.511196127454,0.57910999663
2024-03-21,1,0.0196889119665,0.572688541742,0.486789174885,0.365865298563
2024-03-21,20,0.528482113271,0.799201546441,0.486789174885,0.365865298563
2024-03-22,1,0.0936139926736,0.51074543484,0.45876315911,0.366789231469
2024-03-22,20,0.565284844841,0.749858900402,0.45876315911,0.366789231469
2024-03-25,1,0.0786085695681,0.472316738102,0.436854209124,0.364272943607
2024-03-25,20,0.631332608058,0.719247365469,0.436854209124,0.364272943607
2024-03-26,1,0.738498850391,0.438627929008,0.415359470751,0.366750037686
2024-03-26,20,0.627424861391,0.692411530689,0.415359470751,0.366750037686
2024-03-27,1,0.0124514956693,0.517990518223,0.434747833529,0.402297958103
2024-03-27,20,0.601019901871,0.755630189619,0.434747833529,0.402297958103
2024-03-28,1,0.0406270192128,0.465078683201,0.409410053258,0.389319966849
2024-03-28,20,0.651983524852,0.713481675001,0.409410053258,0.389319966849
2024-04-01,1,0.527858657498,0.426594641541,0.387283071215,0.359543536815
2024-04-01,20,0.654987433302,0.682826053403,0.387283071215,0.359543536815
2024-04-02,1,0.0118925027914,0.474120882863,0.395717606392,0.385223682047
2024-04-02,20,0.75429375107,0.720684511275,0.395717606392,0.385223682047
2024-04-03,1,1.54033805143,0.421560300053,0.372688100176,0.333334132307
2024-04-03,20,0.759620582837,0.665074566203,0.372688100176,0.333334132307
2024-04-04,1,1.21838550798,0.629778296248,0.442747097251,0.397203187206
2024-04-04,20,0.723890689442,0.834756162254,0.442747097251,0.397203187206
2024-04-05,1,0.00140400981811,0.748533096404,0.489285401895,0.405576838201
2024-04-05,20,0.740828614674,0.931532158554,0.489285401895,0.405576838201
2024-04-08,1,0.0208643428185,0.65088849774,0.46001251837,0.384196293091
2024-04-08,20,0.793527463029,0.851959347127,0.46001251837,0.384196293091
2024-04-09,1,0.902876587395,0.574149935711,0.433663627837,0.384609093658
2024-04-09,20,0.79338543691,0.789423341969,0.433663627837,0.384609093658
2024-04-10,1,0.550151819502,0.652547803389,0.461816405411,0.367708552694
2024-04-10,20,0.748241624568,0.853311553161,0.461816405411,0.367708552694
2024-04-11,1,2.14844880181,0.660212132171,0.467116530256,0.393360666007
2024-04-11,20,0.733627241335,0.859557389563,0.467116530256,0.393360666007
2024-04-12,1,1.46269571745,0.922265553856,0.567996466549,0.49664965805
2024-04-12,20,0.627562819297,1.07311070222,0.567996466549,0.49664965805
2024-04-15,1,0.0423793494528,1.02682520026,0.621678421603,0.548633287243
2024-04-15,20,0.554457154275,1.15831874383,0.621678421603,0.548633287243
2024-04-16,1,0.336095577719,0.885030957263,0.586920477274,0.530918692364
2024-04-16,20,0.563984041607,1.04276737987,0.586920477274,0.530918692364
2024-04-17,1,0.0488675987819,0.816078101129,0.571870983301,0.531856701319
2024-04-17,20,0.615015208802,0.986576124093,0.571870983301,0.531856701319
2024-04-18,1,0.773894901501,0.713722127299,0.54049078023,0.495008047429
2024-04-18,20,0.614743018172,0.903163905542,0.54049078023,0.495008047429
2024-04-19,1,0.755743543358,0.746046997958,0.554495027506,0.528482113271
2024-04-19,20,0.576725832483,0.929506180205,0.554495027506,0.528482113271
2024-04-22,1,1.41456925701,0.769577125399,0.566569938457,0.565284844841
2024-04-22,20,0.539358156118,0.948681417949,0.566569938457,0.565284844841
2024-04-23,1,0.000453636231582,0.894255919242,0.61744989757,0.631332608058
2024-04-23,20,0.471751568466,1.05028501187,0.61744989757,0.631332608058
2024-04-24,1,0.210399659984,0.769907288832,0.58043012189,0.627424861391
2024-04-24,20,0.475400370854,0.948950475664,0.58043012189,0.627424861391
2024-04-25,1,1.0317239553,0.701815029422,0.558228294176,0.601019901871
2024-04-25,20,0.492320822064,0.893460539795,0.558228294176,0.601019901871
2024-04-26,1,0.100705188209,0.777571492597,0.586638033843,0.651983524852
2024-04-26,20,0.465071440468,0.955196210188,0.586638033843,0.651983524852
2024-04-29,1,2.51398501285,0.690527648343,0.557482063105,0.654987433302
2024-04-29,20,0.46006712454,0.884262195408,0.557482063105,0.654987433302
2024-04-30,1,0.118429138129,1.00555640244,0.67487224009,0.75429375107
2024-04-30,20,0.361705837441,1.1409863152,0.67487224009,0.75429375107
2024-05-01,1,0.825740183541,0.879844936357,0.641485653972,0.759620582837
2024-05-01,20,0.373742150547,1.03374727102,0.641485653972,0.759620582837
2024-05-02,1,1.55714401262,0.890105727427,0.652540925747,0.723890689442
2024-05-02,20,0.364421743944,1.0419531987,0.652540925747,0.723890689442
2024-05-03,1,1.05538097691,1.0120453953,0.706817110959,0.740828614674
2024-05-03,20,0.287186669068,1.13947278466,0.706817110959,0.740828614674
2024-05-06,1,0.0180238204519,1.03422012887,0.727730942916,0.793527463029
2024-05-06,20,0.235545143141,1.15720672534,0.727730942916,0.793527463029
2024-05-07,1,3.40546381248e-07,0.891407438836,0.685148515568,0.79338543691
2024-05-07,20,0.304004780799,1.04299422465,0.685148515568,0.79338543691
2024-05-08,1,0.257864154839,0.771430518941,0.644039625067,0.748241624568
2024-05-08,20,0.304024731106,0.947044319606,0.644039625067,0.748241624568
2024-05-09,1,0.027160361058,0.71301085255,0.620869096853,0.733627241335
2024-05-09,20,0.291754075104,0.900323988332,0.620869096853,0.733627241335
2024-05-10,1,0.000582417008032,0.629269481611,0.585246572705,0.627562819297
2024-05-10,20,0.293717887446,0.833352969268,0.585246572705,0.627562819297
2024-05-13,1,0.23291709609,0.556433550562,0.550166723363,0.554457154275
2024-05-13,20,0.297351919249,0.775103426992,0.550166723363,0.554457154275
2024-05-14,1,1.35671892163,0.532731270868,0.531131745727,0.563984041607
2024-05-14,20,0.321557207492,0.756147852138,0.531131745727,0.563984041607
2024-05-15,1,0.0434237861849,0.687707594763,0.580666976281,0.615015208802
2024-05-15,20,0.256463536,0.880088053087,0.580666976281,0.615015208802
2024-05-16,1,0.0135511877057,0.611032090013,0.548432384875,0.614743018172
2024-05-16,20,0.254369940375,0.818767864121,0.548432384875,0.614743018172
2024-05-17,1,0.00839001606052,0.543482425706,0.516339513045,0.576725832483
2024-05-17,20,0.282840248486,0.764745941559,0.516339513045,0.576725832483
2024-05-20,1,0.0624375039755,0.487256061589,0.485862543226,0.539358156118
2024-05-20,20,0.285591297924,0.71977967386,0.485862543226,0.539358156118
2024-05-21,1,0.0734296839828,0.449510325701,0.460457040871,0.471751568466
2024-05-21,20,0.285667665417,0.689593036486,0.460457040871,0.471751568466
2024-05-22,1,0.548808684183,0.420245587346,0.437235399458,0.475400370854
2024-05-22,20,0.283218215516,0.666188961196,0.437235399458,0.475400370854
2024-05-23,1,0.486736323392,0.470016692064,0.443929796541,0.492320822064
2024-05-23,20,0.260489860323,0.70599272325,0.443929796541,0.492320822064
2024-05-24,1,0.000618869641084,0.501220277132,0.446498188152,0.465071440468
2024-05-24,20,0.243859286225,0.73094736475,0.446498188152,0.465071440468
2024-05-28,1,0.54675927087,0.451373312955,0.419745429042,0.46006712454
2024-05-28,20,0.245062671532,0.691082935128,0.419745429042,0.46006712454
2024-05-29,1,0.359155400252,0.495239273484,0.427366259551,0.361705837441
2024-05-29,20,0.218135950732,0.726164138671,0.427366259551,0.361705837441
2024-05-30,1,0.639332051477,0.496368824051,0.423273607993,0.373742150547
2024-05-30,20,0.208550467808,0.726363481583,0.423273607993,0.373742150547
2024-05-31,1,0.0124425151031,0.547158529187,0.436237114602,0.364421743944
2024-05-31,20,0.180153633136,0.766974840245,0.436237114602,0.364421743944
2024-06-03,1,0.0225504583709,0.488147296105,0.410809438632,0.287186669068
2024-06-03,20,0.198604266245,0.719789562336,0.410809438632,0.287186669068
2024-06-04,1,1.38721657362,0.441643098094,0.387513899817,0.235545143141
2024-06-04,20,0.210337115253,0.682604887614,0.387513899817,0.235545143141
2024-06-05,1,0.0003993466735,0.622343810046,0.447496060245,0.304004780799
2024-06-05,20,0.15574032525,0.827092858235,0.447496060245,0.304004780799
2024-06-06,1,0.0124510348117,0.547531363623,0.42067025743,0.304024731106
2024-06-06,20,0.156236671329,0.767272958003,0.42067025743,0.304024731106
2024-06-07,1,0.0664366078873,0.48845270665,0.396177104073,0.291754075104
2024-06-07,20,0.155888510041,0.72003376807,0.396177104073,0.291754075104
2024-06-10,1,0.0732630530746,0.448922890362,0.376392674302,0.293717887446
2024-06-10,20,0.204142045598,0.688425796674,0.376392674302,0.293717887446
2024-06-11,1,0.717022860946,0.417780035827,0.358204897029,0.297351919249
2024-06-11,20,0.239213414035,0.663524025107,0.358204897029,0.297351919249
2024-06-12,1,0.0548454917934,0.495515914603,0.379733974864,0.321557207492
2024-06-12,20,0.218497524862,0.725681496693,0.379733974864,0.321557207492
2024-06-13,1,0.00155187369243,0.452825979201,0.360240665879,0.256463536
2024-06-13,20,0.219737703043,0.691546699627,0.360240665879,0.256463536
2024-06-14,1,0.582957349926,0.409474588215,0.338719338348,0.254369940375
2024-06-14,20,0.239942508127,0.656883003843,0.338719338348,0.254369940375
2024-06-17,1,0.063411004818,0.467265027871,0.353373619043,0.282840248486
2024-06-17,20,0.309151145598,0.703092137482,0.353373619043,0.282840248486
2024-06-18,1,0.0639648538218,0.431159672062,0.335975862189,0.285591297924
2024-06-18,20,0.336769179868,0.674222358646,0.335975862189,0.285591297924
2024-06-20,1,0.0244406859675,0.401804563311,0.319655201687,0.285667665417
2024-06-20,20,0.35924584972,0.650750065455,0.319655201687,0.285667665417
2024-06-21,1,0.0942415803163,0.371533612961,0.301942330744,0.283218215516
2024-06-21,20,0.415635525366,0.626545466936,0.301942330744,0.283218215516
2024-06-24,1,0.154124841449,0.358030093013,0.289480285718,0.260489860323
2024-06-24,20,0.412139182186,0.615748076199,0.289480285718,0.260489860323
2024-06-25,1,0.024686575766,0.356611532187,0.281358959062,0.243859286225
2024-06-25,20,0.678710233745,0.614613797464,0.281358959062,0.243859286225
2024-06-26,1,0.00822485488342,0.334718188913,0.265958616064,0.245062671532
2024-06-26,20,0.690767500749,0.59710791879,0.265958616064,0.245062671532
2024-06-27,1,0.167445741761,0.314226984818,0.250494590394,0.218135950732
2024-06-27,20,0.75118031529,0.580723188131,0.250494590394,0.218135950732
2024-06-28,1,0.0713953580479,0.313605469048,0.245511659476,0.208550467808
2024-06-28,20,0.743138496094,0.569388362649,0.245511659476,0.208550467808
2024-07-01,1,0.38145517728,0.305248500872,0.23506468139,0.180153633136
2024-07-01,20,0.751931677729,0.562554729112,0.23506468139,0.180153633136
2024-07-02,1,0.257207438537,0.348256570167,0.243848111143,0.198604266245
2024-07-02,20,0.855633066464,0.597723151262,0.243848111143,0.198604266245
2024-07-03,1,0.295280773557,0.363442459894,0.244649670787,0.210337115253
2024-07-03,20,0.937828873389,0.610140908893,0.244649670787,0.210337115253
2024-07-05,1,0.0103262682535,0.381976419084,0.247687536953,0.15574032525
2024-07-05,20,1.09517000652,0.625296439276,0.247687536953,0.15574032525
2024-07-08,1,0.00548780903533,0.351323190166,0.233445860831,0.156236671329
2024-07-08,20,1.55755611706,0.600230778051,0.233445860831,0.156236671329
2024-07-09,1,1.03150731903,0.325487417271,0.219768377723,0.155888510041
2024-07-09,20,1.61033547675,0.579104431701,0.219768377723,0.155888510041
2024-07-10,1,0.774690421815,0.469291887434,0.268472714202,0.204142045598
2024-07-10,20,1.58890551333,0.696695767391,0.268472714202,0.204142045598
2024-07-11,1,0.302705077491,0.545566169424,0.298845776659,0.239213414035
2024-07-11,20,1.80966115277,0.759066531582,0.298845776659,0.239213414035
2024-07-12,1,0.0796490554035,0.532050095584,0.299077334709,0.218497524862
2024-07-12,20,1.80538741992,0.748014210508,0.299077334709,0.218497524862
2024-07-15,1,0.405647975387,0.485146678047,0.28591163795,0.219737703043
2024-07-15,20,1.80140589307,0.709660496535,0.28591163795,0.219737703043
2024-07-16,1,1.96713009933,0.499206346066,0.293095818197,0.239942508127
2024-07-16,20,1.92068931856,0.721157323718,0.293095818197,0.239942508127
2024-07-17,1,0.615771690216,0.76169536558,0.393537875065,0.309151145598
2024-07-17,20,1.82961540761,0.935799013046,0.393537875065,0.309151145598
2024-07-18,1,0.513498250874,0.759051707439,0.406871903974,0.336769179868
2024-07-18,20,1.92689867208,0.933637249288,0.406871903974,0.336769179868
2024-07-19,1,1.15223419889,0.740450969062,0.413269484788,0.35924584972
2024-07-19,20,1.90319943866,0.918427112439,0.413269484788,0.35924584972
2024-07-22,1,0.0243147167065,0.827917129668,0.457607367634,0.415635525366
2024-07-22,20,1.89239370922,0.989949664149,0.457607367634,0.415635525366
2024-07-23,1,5.48554587263,0.71811391978,0.431609808578,0.412139182186
2024-07-23,20,1.89315111862,0.900161731276,0.431609808578,0.412139182186
2024-07-24,1,0.265831915835,1.50620230944,0.734845972422,0.678710233745
2024-07-24,20,1.62782329851,1.54459487217,0.734845972422,0.678710233745
2024-07-25,1,1.21648114571,1.31141220245,0.706705129027,0.690767500749
2024-07-25,20,1.65478854909,1.38531172309,0.706705129027,0.690767500749
2024-07-26,1,0.00660935784224,1.3049867681,0.737291690027,0.75118031529
2024-07-26,20,1.65914913906,1.38005753727,0.737291690027,0.75118031529
2024-07-29,1,0.247258990741,1.08875381221,0.693450750096,0.743138496094
2024-07-29,20,1.66380739613,1.18645264179,0.693450750096,0.743138496094
2024-07-30,1,2.45548295199,0.974977917048,0.666679244535,0.751931677729
2024-07-30,20,1.65271474523,1.09310574767,0.666679244535,0.751931677729
2024-07-31,1,1.90112357703,1.20974805575,0.774007466982,0.855633066464
2024-07-31,20,1.547904021,1.28572179563,0.774007466982,0.855633066464
2024-08-01,1,3.44210343625,1.32186484062,0.841634433585,0.937828873389
2024-08-01,20,1.45284861753,1.37770748057,0.841634433585,0.937828873389
2024-08-02,1,9.25804847895,1.64456149449,0.997662573745,1.09517000652
2024-08-02,20,1.33116891781,1.64246242131,0.997662573745,1.09517000652
2024-08-05,1,1.0610750029,2.7791505504,1.49328572806,1.55755611706
2024-08-05,20,1.09677515284,2.57333063655,1.49328572806,1.55755611706
2024-08-06,1,0.602908050684,2.49850833322,1.46735308455,1.61033547675
2024-08-06,20,1.04500753647,2.34307905915,1.46735308455,1.61033547675
2024-08-07,1,5.1898032106,2.19741593098,1.41548638252,1.58890551333
2024-08-07,20,1.01943013193,2.0960492243,1.41548638252,1.58890551333
2024-08-08,1,0.217230420458,2.63135871555,1.6419453922,1.80966115277
2024-08-08,20,0.911510465721,2.45207552588,1.6419453922,1.80966115277
2024-08-09,1,1.8518435412e-05,2.25013086308,1.5564624939,1.80538741992
2024-08-09,20,0.9669296823,2.13929894058,1.5564624939,1.80538741992
2024-08-12,1,2.79131648518,1.90151609786,1.46307585537,1.80140589307
2024-08-12,20,0.976886601924,1.85327960819,1.46307585537,1.80140589307
2024-08-13,1,0.145651880257,2.02839253864,1.54277029316,1.92068931856
2024-08-13,20,0.893591504153,1.95737478289,1.54277029316,1.92068931856
2024-08-14,1,2.56143697962,1.73928627065,1.45894318838,1.82961540761
2024-08-14,20,0.914189584257,1.7201789151,1.45894318838,1.82961540761
2024-08-15,1,0.0395135825576,1.85955386054,1.52509281586,1.92689867208
2024-08-15,20,0.800660726856,1.81885188939,1.52509281586,1.92689867208
2024-08-16,1,0.936119609972,1.5834098143,1.43595806186,1.90319943866
2024-08-16,20,0.799473615871,1.59229081503,1.43595806186,1.90319943866
2024-08-19,1,0.0394629046576,1.48798642637,1.40596775475,1.89239370922
2024-08-19,20,0.752702619489,1.51400114852,1.40596775475,1.89239370922
2024-08-20,1,0.178989470505,1.27517788912,1.32397746374,1.89315111862
2024-08-20,20,0.754936384728,1.33940339241,1.32397746374,1.89315111862
2024-08-21,1,0.80513692741,1.1194452837,1.25527818415,1.62782329851
2024-08-21,20,0.887684697198,1.21163331416,1.25527818415,1.62782329851
2024-08-22,1,1.30369294508,1.08359256408,1.22826970874,1.65478854909
2024-08-22,20,0.849315307515,1.18221812021,1.22826970874,1.65478854909
2024-08-23,1,0.0997744993551,1.12816484418,1.23279510292,1.65914913906
2024-08-23,20,0.788065610881,1.21878723624,1.23279510292,1.65914913906
2024-08-26,1,0.0254059726497,0.970546470119,1.16481386671,1.66380739613
2024-08-26,20,0.786221995921,1.09523008258,1.16481386671,1.66380739613
2024-08-27,1,0.359268467372,0.839507558104,1.09644939307,1.65271474523
2024-08-27,20,0.786687050502,0.988505516292,1.09644939307,1.65271474523
2024-08-28,1,1.55077206848e-05,0.783188800436,1.05221853752,1.547904021
2024-08-28,20,0.776846262177,0.942636736602,1.05221853752,1.547904021
2024-08-29,1,1.00850944187,0.681332776701,0.989086355735,1.45284861753
2024-08-29,20,0.777631748428,0.859680156835,0.989086355735,1.45284861753
2024-08-30,1,4.57017317952,0.75324056661,0.990251740903,1.33116891781
2024-08-30,20,0.736142592681,0.918245414841,0.990251740903,1.33116891781
2024-09-03,1,0.0257226754901,1.36255875486,1.20504702722,1.09677515284
2024-09-03,20,0.551512228286,1.41450426173,1.20504702722,1.09677515284
2024-09-04,1,0.0913599599033,1.16230339759,1.13428756612,1.04500753647
2024-09-04,20,0.550235669208,1.25140640153,1.13428756612,1.04500753647
2024-09-05,1,3.03140988641,1.00756951355,1.07171190974,1.01943013193
2024-09-05,20,0.547083627353,1.12538347894,1.07171190974,1.01943013193
2024-09-06,1,1.32561475205,1.33428054451,1.18929378834,0.911510465721
2024-09-06,20,0.435387866459,1.39147308962,1.18929378834,0.911510465721
2024-09-09,1,0.199156910917,1.33979623362,1.19747304617,0.9669296823
2024-09-09,20,0.415497382096,1.39596533943,1.19747304617,0.9669296823
2024-09-10,1,1.12541452976,1.17035057064,1.13757407805,0.976886601924
2024-09-10,20,0.452030433811,1.25796041698,1.13757407805,0.976886601924
2024-09-11,1,0.557613482337,1.17390946693,1.13684450515,0.893591504153
2024-09-11,20,0.420881216798,1.26085895801,1.13684450515,0.893591504153
2024-09-12,1,0.290859831599,1.08913996114,1.10209064378,0.914189584257
2024-09-12,20,0.395147691062,1.19181848292,1.10209064378,0.914189584257
2024-09-13,1,0.0157713628403,0.978147162073,1.05341679505,0.800660726856
2024-09-13,20,0.398806916498,1.10142046176,1.05341679505,0.800660726856
2024-09-16,1,0.000699682348988,0.844277158672,0.991158069121,0.799473615871
2024-09-16,20,0.427495070066,0.992390114723,0.991158069121,0.799473615871
2024-09-17,1,0.0841382094211,0.731732996162,0.931730565914,0.752702619489
2024-09-17,20,0.456633931504,0.900728586498,0.931730565914,0.752702619489
2024-09-18,1,2.83395571992,0.651961943463,0.880875024525,0.754936384728
2024-09-18,20,0.46332321969,0.835759098649,0.880875024525,0.754936384728
2024-09-19,1,0.0377491337374,1.01100818509,0.998059866248,0.887684697198
2024-09-19,20,0.321640084156,1.12818410299,0.998059866248,0.887684697198
2024-09-20,1,0.0786990124014,0.874726479252,0.940441222298,0.849315307515
2024-09-20,20,0.327608034559,1.0171895463,0.940441222298,0.849315307515
2024-09-23,1,0.0629022001526,0.768849538836,0.888736689704,0.788065610881
2024-09-23,20,0.325337361381,0.930958133264,0.888736689704,0.788065610881
2024-09-24,1,0.034707064266,0.693630443983,0.839186620331,0.786221995921
2024-09-24,20,0.32230504804,0.85938808271,0.839186620331,0.786221995921
2024-09-25,1,0.16245270089,0.617732567053,0.790917846967,0.786687050502
2024-09-25,20,0.36320145013,0.79667505241,0.790917846967,0.786687050502
2024-09-26,1,0.0157252327339,0.572940647002,0.753209938202,0.776846262177
2024-09-26,20,0.357376053616,0.759664306484,0.753209938202,0.776846262177
2024-09-27,1,0.178726326929,0.514286172319,0.708960855874,0.777631748428
2024-09-27,20,0.356634639713,0.711199184706,0.708960855874,0.777631748428
2024-09-30,1,0.877565891624,0.488994725381,0.677146784138,0.736142592681
2024-09-30,20,0.35120410226,0.690301323761,0.677146784138,0.736142592681
2024-10-01,1,0.000191493916588,0.569266301461,0.689171930587,0.551512228286
2024-10-01,20,0.308626411443,0.756628261833,0.689171930587,0.551512228286
2024-10-02,1,0.028319122803,0.508967323651,0.647833104387,0.550235669208
2024-10-02,20,0.314080635464,0.70680431714,0.647833104387,0.550235669208
2024-10-03,1,0.797494668532,0.462739323241,0.610662265492,0.547083627353
2024-10-03,20,0.489199264644,0.668606964227,0.610662265492,0.547083627353
2024-10-04,1,0.927805064793,0.535746108612,0.621872209674,0.435387866459
2024-10-04,20,0.45766470452,0.728931138345,0.621872209674,0.435387866459
2024-10-07,1,0.929817945215,0.615559144534,0.640228180981,0.415497382096
2024-10-07,20,0.415239505476,0.794879193054,0.640228180981,0.415497382096
2024-10-08,1,0.502430189503,0.682440086968,0.657603566835,0.452030433811
2024-10-08,20,0.443059226997,0.850141694972,0.657603566835,0.452030433811
2024-10-09,1,0.0429429676088,0.67624347465,0.648293164195,0.420881216798
2024-10-09,20,0.729969916653,0.845021547324,0.648293164195,0.420881216798
2024-10-10,1,0.364044340327,0.604421100176,0.6119721524,0.395147691062
2024-10-10,20,0.755230556207,0.78567603031,0.6119721524,0.395147691062
2024-10-11,1,0.589534434206,0.591077287921,0.597096483676,0.398806916498
2024-10-11,20,0.744058816846,0.774650281817,0.597096483676,0.398806916498
2024-10-14,1,0.583476911093,0.612653613573,0.596642760707,0.427495070066
2024-10-14,20,0.715051182489,0.792478405858,0.596642760707,0.427495070066
2024-10-15,1,0.217923973143,0.629776302129,0.595852809731,0.456633931504
2024-10-15,20,0.690073211174,0.806626570862,0.595852809731,0.456633931504
2024-10-16,1,0.000293009246304,0.591035449603,0.573177079535,0.46332321969
2024-10-16,20,0.679203971114,0.774615711578,0.573177079535,0.46332321969
2024-10-17,1,0.157108141803,0.527144306366,0.538804035318,0.321640084156
2024-10-17,20,0.697600291535,0.721823626163,0.538804035318,0.321640084156
2024-10-18,1,0.0332855488267,0.496586519571,0.515902281707,0.327608034559
2024-10-18,20,0.778075951688,0.696574284723,0.515902281707,0.327608034559
2024-10-21,1,0.00225593334955,0.45313029403,0.486945277734,0.325337361381
2024-10-21,20,0.784056348867,0.660667198789,0.486945277734,0.325337361381
2024-10-22,1,0.852635106064,0.412524031734,0.457863917071,0.32230504804
2024-10-22,20,0.79176753329,0.603732410479,0.457863917071,0.32230504804
2024-10-23,1,0.0459447706138,0.494979727783,0.481550188411,0.36320145013
2024-10-23,20,0.749136018902,0.673433960986,0.481550188411,0.36320145013
2024-10-24,1,0.000896954659568,0.454576892408,0.455413863343,0.357376053616
2024-10-24,20,0.761023259726,0.639280586441,0.455413863343,0.357376053616
2024-10-25,1,0.070115577874,0.414271564104,0.428142848822,0.356634639713
2024-10-25,20,0.766970994099,0.605209636693,0.428142848822,0.356634639713
2024-10-28,1,0.0260120752858,0.389645671809,0.406661212565,0.35120410226
2024-10-28,20,0.768013125514,0.584392847098,0.406661212565,0.35120410226
2024-10-29,1,0.109275974336,0.362807023345,0.383822264328,0.308626411443
2024-10-29,20,0.782990011763,0.561705567733,0.383822264328,0.308626411443
2024-10-30,1,3.5306917064,0.351482960242,0.367349486929,0.314080635464
2024-10-30,20,0.784778477128,0.552133096769,0.367349486929,0.314080635464
2024-10-31,1,0.166803466059,0.808921942678,0.557150020097,0.489199264644
2024-10-31,20,0.623879797074,0.938815980622,0.557150020097,0.489199264644
2024-11-01,1,0.0793010838995,0.73647959907,0.533729226855,0.45766470452
2024-11-01,20,0.618529770567,0.877578929528,0.533729226855,0.45766470452
2024-11-04,1,1.48621237564,0.66329324642,0.506463538278,0.415239505476
2024-11-04,20,0.614666573539,0.815712951796,0.506463538278,0.415239505476
2024-11-05,1,6.24064398262,0.793460601582,0.565248468519,0.443059226997
2024-11-05,20,0.558555595036,0.92574618073,0.565248468519,0.443059226997
2024-11-06,1,0.548155758688,1.55246844522,0.905772199365,0.729969916653
2024-11-06,20,0.248274700388,1.56735162564,0.905772199365,0.729969916653
2024-11-07,1,0.140609553104,1.41712512696,0.884315212925,0.755230556207
2024-11-07,20,0.22397280517,1.45294304521,0.884315212925,0.755230556207
2024-11-08,1,0.00938174706741,1.24707750498,0.839692873335,0.744058816846
2024-11-08,20,0.235934643007,1.30919818003,0.839692873335,0.744058816846
2024-11-11,1,0.0839174847939,1.08540753908,0.789874205759,0.715051182489
2024-11-11,20,0.239870911539,1.17253512539,0.789874205759,0.715051182489
2024-11-12,1,0.00053917194868,0.958906086669,0.747516802501,0.690073211174
2024-11-12,20,0.268744843473,1.06560076189,0.747516802501,0.690073211174
2024-11-13,1,0.368219417659,0.840581235105,0.702698144668,0.679203971114
2024-11-13,20,0.283453447516,0.965578252676,0.702698144668,0.679203971114
2024-11-14,1,1.76662134487,0.790736911159,0.682629421048,0.697600291535
2024-11-14,20,0.265042826883,0.923443787388,0.682629421048,0.697600291535
2024-11-15,1,0.152893492409,0.939476051819,0.747668936477,0.778075951688
2024-11-15,20,0.183901979445,1.04917614091,0.747668936477,0.778075951688
2024-11-18,1,0.156479621813,0.84495101522,0.711982409833,0.784056348867
2024-11-18,20,0.18375148151,0.969272120583,0.711982409833,0.784056348867
2024-11-19,1,4.81829776282e-06,0.775141345948,0.678652242552,0.79176753329
2024-11-19,20,0.624024675342,0.927480794426,0.678652242552,0.79176753329
2024-11-20,1,0.283689587089,0.686867256615,0.637933397096,0.749136018902
2024-11-20,20,0.624398968085,0.856752331462,0.637933397096,0.749136018902
2024-11-21,1,0.119851642134,0.651929200829,0.616678768496,0.761023259726
2024-11-21,20,0.668647721185,0.828758669863,0.616678768496,0.761023259726
2024-11-22,1,0.0909582061621,0.600085071744,0.586869140914,0.766970994099
2024-11-22,20,0.689015107431,0.787219237494,0.586869140914,0.766970994099
2024-11-25,1,0.325549800276,0.552648608667,0.557114484829,0.768013125514
2024-11-25,20,0.74477191977,0.749211390035,0.557114484829,0.768013125514
2024-11-26,1,0.14504528164,0.545183579908,0.543220603756,0.782990011763
2024-11-26,20,0.728576742671,0.743230133087,0.543220603756,0.782990011763
2024-11-27,1,0.312718105323,0.514074090693,0.519330084429,0.784778477128
2024-11-27,20,0.783121713431,0.718304060529,0.519330084429,0.784778477128
2024-11-29,1,0.0598029359127,0.511081770446,0.506933365683,0.623879797074
2024-11-29,20,0.825371099831,0.715906502951,0.506933365683,0.623879797074
2024-12-02,1,0.00203714332873,0.47375201325,0.480105539896,0.618529770567
2024-12-02,20,0.83160019877,0.685996521786,0.480105539896,0.618529770567
2024-12-03,1,0.363992805581,0.434507085191,0.451421436102,0.614666573539
2024-12-03,20,0.83397668804,0.654552034942,0.451421436102,0.614666573539
2024-12-04,1,0.0350260896751,0.451444146283,0.446175718271,0.558555595036
2024-12-04,20,0.894119157237,0.668122634278,0.446175718271,0.558555595036
2024-12-05,1,0.0621178543109,0.420349416624,0.421506740555,0.248274700388
2024-12-05,20,0.907618327642,0.643208387622,0.421506740555,0.248274700388
2024-12-06,1,0.379846309857,0.398014223635,0.399943407381,0.22397280517
2024-12-06,20,0.966852453182,0.625312605495,0.399943407381,0.22397280517
2024-12-09,1,0.0881071177035,0.423036675259,0.398737581529,0.235934643007
2024-12-09,20,0.949075602842,0.645361518561,0.398737581529,0.235934643007
2024-12-10,1,0.661396123467,0.403845031581,0.3800997537,0.239870911539
2024-12-10,20,1.06528613101,0.629984464326,0.3800997537,0.239870911539
2024-12-11,1,0.294711252806,0.466688225224,0.396977535886,0.268744843473
2024-12-11,20,1.03345538454,0.680336753744,0.396977535886,0.268744843473
2024-12-12,1,7.00501526402e-06,0.468881320658,0.390841558901,0.283453447516
2024-12-12,20,1.01937604832,0.682093942862,0.390841558901,0.283453447516
2024-12-13,1,0.143804396107,0.430144710985,0.367391485668,0.265042826883
2024-12-13,20,1.18403490713,0.651056739495,0.367391485668,0.265042826883
2024-12-16,1,0.149883533692,0.417471770379,0.353976260294,0.183901979445
2024-12-16,20,1.17908113981,0.640902711093,0.353976260294,0.183901979445
2024-12-17,1,8.96194349847,0.407685639769,0.341730696698,0.18375148151
2024-12-17,20,1.22100345861,0.633061701554,0.341730696698,0.18375148151
2024-12-18,1,0.00749067315356,1.7610188331,0.858943464804,0.624024675342
2024-12-18,20,0.811012816098,1.6932477955,0.858943464804,0.624024675342
2024-12-19,1,1.16866464909,1.48777619616,0.807856297305,0.624398968085
2024-12-19,20,0.829360471028,1.49203662663,0.807856297305,0.624398968085
2024-12-20,1,0.527199367052,1.44017060105,0.829504798413,0.668647721185
2024-12-20,20,0.784969161877,1.45698068681,0.829504798413,0.668647721185
2024-12-23,1,1.20609445293,1.30456235867,0.811366472531,0.689015107431
2024-12-23,20,0.762696751548,1.35712111415,0.811366472531,0.689015107431
2024-12-24,1,0.00164625830701,1.29641909659,0.835050151355,0.74477191977
2024-12-24,20,0.810261567967,1.3511245563,0.835050151355,0.74477191977
2024-12-26,1,1.23594469683,1.10804293419,0.785045917772,0.728576742671
2024-12-26,20,0.852275478089,1.21240759671,0.785045917772,0.728576742671
2024-12-27,1,1.15770583333,1.14067407687,0.812099844515,0.783121713431
2024-12-27,20,0.801475711963,1.23643660783,0.812099844515,0.783121713431
2024-12-30,1,0.184384914697,1.15547744438,0.832836203844,0.825371099831
2024-12-30,20,0.757432364775,1.24733755255,0.832836203844,0.825371099831
2024-12-31,1,0.0495669287322,1.02068694751,0.793929126495,0.83160019877
2024-12-31,20,0.76101291531,1.14808015359,0.793929126495,0.83160019877
2025-01-02,1,1.56684218951,0.890431592921,0.749267394629,0.83397668804
2025-01-02,20,0.787701728712,1.05216235524,0.749267394629,0.83397668804
2025-01-03,1,0.305009497783,1.01315413159,0.798321882322,0.894119157237
2025-01-03,20,0.735271753136,1.14253311776,0.798321882322,0.894119157237
2025-01-06,1,1.2468003651,0.922832084373,0.76872313925,0.907618327642
2025-01-06,20,0.727630389073,1.07602151877,0.76872313925,0.907618327642
2025-01-07,1,0.0243093030535,0.99128443868,0.797407772801,0.966852453182
2025-01-07,20,0.671906708175,1.1264286528,0.797407772801,0.966852453182
2025-01-08,1,2.41231768098,0.862644671518,0.751021864616,0.949075602842
2025-01-08,20,0.715909825581,1.03170054519,0.751021864616,0.949075602842
2025-01-10,1,0.0247811942391,1.11806712701,0.850699613598,1.06528613101
2025-01-10,20,0.617672742795,1.21978923955,0.850699613598,1.06528613101
2025-01-13,1,0.0131245282376,0.966099059484,0.801144508437,1.03345538454
2025-01-13,20,0.616491321745,1.10788257359,0.801144508437,1.03345538454
2025-01-14,1,3.29318418136,0.840419963503,0.753863309625,1.01937604832
2025-01-14,20,0.619554950361,1.01533465322,0.753863309625,1.01937604832
2025-01-15,1,0.0447290496759,1.23285580354,0.906222561929,1.18403490713
2025-01-15,20,0.508688182,1.30431764272,0.906222561929,1.18403490713
2025-01-16,1,0.988329909563,1.06271177111,0.854532951194,1.17908113981
2025-01-16,20,0.506454317658,1.17902650945,0.854532951194,1.17908113981
2025-01-17,1,0.762130648329,1.06634749891,0.862560768696,1.22100345861
2025-01-17,20,0.460019513107,1.18170379674,0.862560768696,1.22100345861
2025-01-21,1,0.374443771754,1.02470048388,0.856534961474,0.811012816098
2025-01-21,20,0.424731272111,1.12676800377,0.856534961474,0.811012816098
2025-01-22,1,0.28083846608,0.948099061342,0.827609490091,0.829360471028
2025-01-22,20,0.415442535219,1.07004033276,0.827609490091,0.829360471028
2025-01-23,1,0.0817511604583,0.871684553204,0.79480322865,0.784969161877
2025-01-23,20,0.549516699624,1.01345108239,0.79480322865,0.784969161877
2025-01-24,1,2.15739078131,0.780891512936,0.752020104559,0.762696751548
2025-01-24,20,0.557836780677,0.946213718544,0.752020104559,0.762696751548
2025-01-27,1,0.841924460762,0.991592302712,0.836342345164,0.810261567967
2025-01-27,20,0.460968645866,1.10224952948,0.836342345164,0.810261567967
2025-01-28,1,0.219949374292,0.985056402522,0.8366772721,0.852275478089
2025-01-28,20,0.418881672872,1.09740932699,0.8366772721,0.852275478089
2025-01-29,1,0.276838889576,0.893939910549,0.799673598231,0.801475711963
2025-01-29,20,0.535752121106,1.02993242892,0.799673598231,0.801475711963
2025-01-30,1,0.255995925384,0.826225081341,0.768303515712,0.757432364775
2025-01-30,20,0.645623172668,0.979785781165,0.768303515712,0.757432364775
2025-01-31,1,0.583343196792,0.767204616904,0.737565060292,0.76101291531
2025-01-31,20,0.790415029195,0.936077800573,0.737565060292,0.76101291531
2025-02-03,1,0.518242677973,0.763367806007,0.728311748482,0.787701728712
2025-02-03,20,0.837019467527,0.933236425843,0.728311748482,0.787701728712
2025-02-04,1,0.152182216526,0.751216669016,0.715707604252,0.735271753136
2025-02-04,20,0.872684281891,0.924237824005,0.715707604252,0.735271753136
2025-02-05,1,0.13232674715,0.690704487932,0.681896080988,0.727630389073
2025-02-05,20,1.02670956551,0.879425143156,0.681896080988,0.727630389073
2025-02-06,1,0.904371651174,0.637792469702,0.648921920958,0.671906708175
2025-02-06,20,1.03524813567,0.840240811282,0.648921920958,0.671906708175
2025-02-07,1,0.447576025257,0.700292067732,0.664248904771,0.715909825581
2025-02-07,20,1.36386419188,0.8865252864,0.664248904771,0.715909825581
2025-02-10,1,0.00115277323192,0.689178100308,0.651248532,0.617672742795
2025-02-10,20,1.37033991282,0.878294767086,0.651248532,0.617672742795
2025-02-11,1,0.074397100564,0.618453387695,0.612242786474,0.616491321745
2025-02-11,20,1.38216493037,0.825919131013,0.612242786474,0.616491321745
2025-02-12,1,1.07584881414,0.569900682895,0.579972045319,0.619554950361
2025-02-12,20,1.4762822783,0.789963116446,0.579972045319,0.619554950361
2025-02-13,1,5.17628383731e-05,0.667623121861,0.609724651449,0.508688182
2025-02-13,20,1.64389178307,0.862332090604,0.609724651449,0.508688182
2025-02-14,1,0.0596338185372,0.600428445666,0.573144278132,0.506454317658
2025-02-14,20,1.66434126829,0.812570645468,0.573144278132,0.506454317658
2025-02-18,1,0.0563658284189,0.552920408206,0.542333650556,0.460019513107
2025-02-18,20,1.71871877195,0.777388265949,0.542333650556,0.460019513107
2025-02-19,1,0.18866903391,0.524849264132,0.513175581228,0.424731272111
2025-02-19,20,1.77358081249,0.667219713337,0.513175581228,0.424731272111
2025-02-20,1,2.96232175419,0.508503488791,0.493705188389,0.415442535219
2025-02-20,20,1.76653946538,0.65466794359,0.493705188389,0.415442535219
2025-02-21,1,0.248152781506,0.775266401573,0.641822182337,0.549516699624
2025-02-21,20,1.61876312413,0.859512717765,0.641822182337,0.549516699624
2025-02-24,1,0.220028085096,0.73234792385,0.618202018287,0.557836780677
2025-02-24,20,1.75934256588,0.826556015556,0.618202018287,0.557836780677
2025-02-25,1,0.000185000882752,0.69216732461,0.594311582296,0.460968645866
2025-02-25,20,1.74957847634,0.795701704918,0.594311582296,0.460968645866
2025-02-26,1,2.55735833896,0.634946442929,0.558663987411,0.418881672872
2025-02-26,20,1.81250939117,0.751762318952,0.558663987411,0.418881672872
2025-02-27,1,2.47425992082,0.844225130881,0.678585648504,0.535752121106
2025-02-27,20,1.69012767318,0.912465488393,0.678585648504,0.535752121106
2025-02-28,1,3.15183305593,1.01784232889,0.786326104843,0.645623172668
2025-02-28,20,1.76510883819,1.04578452944,0.786326104843,0.645623172668
2025-03-03,1,1.51543196343,1.23749907326,0.928256521908,0.790415029195
2025-03-03,20,1.62277027741,1.21445691245,0.928256521908,0.790415029195
2025-03-04,1,1.23153896526,1.26278828081,0.963487048399,0.837019467527
2025-03-04,20,1.55412061184,1.2338762611,0.963487048399,0.837019467527
2025-03-05,1,3.23268788889,1.25602604288,0.979570163411,0.872684281891
2025-03-05,20,1.51502661118,1.22868360111,0.979570163411,0.872684281891
2025-03-06,1,0.303098150398,1.45286756501,1.11475722694,1.02670956551
2025-03-06,20,2.58376546093,1.37983638592,1.11475722694,1.02670956551
2025-03-07,1,7.47669277535,1.32730698541,1.06605768235,1.03524813567
2025-03-07,20,4.4664488074,1.28341957781,1.06605768235,1.03524813567
2025-03-10,1,0.577090444049,1.9448020695,1.45069578793,1.36386419188
2025-03-10,20,4.09533840086,1.75758834338,1.45069578793,1.36386419188
2025-03-11,1,0.237653124207,1.78295919376,1.39827946729,1.37033991282
2025-03-11,20,4.19170050902,1.63331069553,1.39827946729,1.37033991282
2025-03-12,1,1.95674405912,1.60779837782,1.32864188671,1.38216493037
2025-03-12,20,8.31075744274,1.49880632455,1.32864188671,1.38216493037
2025-03-13,1,4.42803890955,1.62958951447,1.36632801705,1.4762822783
2025-03-13,20,8.83316581936,1.5155395369,1.36632801705,1.4762822783
2025-03-14,1,0.409041467285,1.89889485794,1.5500306706,1.64389178307
2025-03-14,20,8.77251315234,1.72233662009,1.5500306706,1.64389178307
2025-03-17,1,1.14718389177,1.7260041009,1.4815713184,1.66434126829
2025-03-17,20,8.78337139036,1.58957540634,1.4815713184,1.66434126829
2025-03-18,1,1.15360663925,1.65039622953,1.46150807281,1.71871877195
2025-03-18,20,8.72750739217,1.53151682101,1.46150807281,1.71871877195
2025-03-19,1,0.0478420916963,1.53390784176,1.44303398679,1.77358081249
2025-03-19,20,8.92663860035,1.41408577332,1.44303398679,1.77358081249
2025-03-20,1,0.00679492924058,1.38455551351,1.35932247309,1.76653946538
2025-03-20,20,8.9251255789,1.30245327953,1.35932247309,1.76653946538
2025-03-21,1,3.05974161642,1.24975622973,1.27817082046,1.61876312413
2025-03-21,20,9.20918869527,1.20169837076,1.27817082046,1.61876312413
2025-03-24,1,0.0247462942272,1.40711364514,1.38506506821,1.75934256588
2025-03-24,20,9.36389405132,1.31931421848,1.38506506821,1.75934256588
2025-03-25,1,1.25880329754,1.27117742644,1.30344594178,1.74957847634
2025-03-25,20,9.49917578342,1.21770951459,1.30344594178,1.74957847634
2025-03-26,1,0.109723979237,1.26329396725,1.30076738312,1.81250939117
2025-03-26,20,9.63736978356,1.21181707073,1.30076738312,1.81250939117
2025-03-27,1,3.97388322087,1.15261423119,1.22930477889,1.69012767318
2025-03-27,20,9.65886606551,1.1290901719,1.22930477889,1.69012767318
2025-03-28,1,0.305061840483,1.40439362814,1.39397948541,1.76510883819
2025-03-28,20,9.46037702558,1.31728115824,1.39397948541,1.76510883819
2025-03-31,1,0.142438651938,1.29410201613,1.32864442671,1.62277027741
2025-03-31,20,9.4618607576,1.2348443604,1.32864442671,1.62277027741
2025-04-01,1,0.449658952069,1.18260982946,1.25747208023,1.55412061184
2025-04-01,20,9.45583239355,1.15151020028,1.25747208023,1.55412061184
2025-04-02,1,24.6074648839,1.1124899921,1.20900329254,1.51502661118
2025-04-02,20,9.45306453726,1.09909955226,1.20900329254,1.51502661118
2025-04-03,1,37.9567650798,3.23235557424,2.61291098802,2.58376546093
2025-04-03,20,8.32955166741,2.68358025099,2.61291098802,2.58376546093
2025-04-04,1,0.0544846445851,6.29847156534,4.73354223352,4.4664488074
2025-04-04,20,6.4522065165,4.97533009065,4.73354223352,4.4664488074
2025-04-07,1,2.50433260726,5.56721227989,4.45279877819,4.09533840086
2025-04-07,20,6.47930453507,4.42875476374,4.45279877819,4.09533840086
2025-04-08,1,82.6187917987,5.1465729062,4.33589080793,4.19170050902
2025-04-08,20,6.36349242078,4.11435040982,4.33589080793,4.19170050902
2025-04-09,1,12.4049115915,12.0115724976,9.03286486737,8.31075744274
2025-04-09,20,2.24927449765,9.24555280353,9.03286486737,8.31075744274
2025-04-10,1,3.21498556916,11.6970645801,9.23518767082,8.83316581936
2025-04-10,20,1.62928220081,9.01047576419,9.23518767082,8.83316581936
2025-04-11,1,0.62620622761,10.5911716435,8.87397554472,8.77251315234
2025-04-11,20,1.98181297508,8.1838827822,8.87397554472,8.77251315234
2025-04-14,1,0.0299039280487,9.38672034627,8.37910938569,8.78337139036
2025-04-14,20,1.97658173195,7.28362295012,8.37910938569,8.78337139036
2025-04-15,1,5.13623080278,8.27567786229,7.87815705824,8.72750739217
2025-04-15,20,1.97561071219,6.45318097012,7.87815705824,8.72750739217
2025-04-16,1,0.0175816627196,8.70679665892,7.71364148291,8.92663860035
2025-04-16,20,1.72730210718,7.49590707645,7.71364148291,8.92663860035
2025-04-17,1,5.68805725656,7.68200187873,7.2518778937,8.9251255789
2025-04-17,20,1.750789153,6.64205789986,7.2518778937,8.9251255789
2025-04-21,1,6.15384873754,7.35681408499,7.15804865547,9.20918869527
2025-04-21,20,1.4667697413,6.37111455072,7.15804865547,9.20918869527
2025-04-22,1,2.73038093615,7.118300082,7.09779666039,9.36389405132
2025-04-22,20,1.1666347097,6.17238697228,7.09779666039,9.36389405132
2025-04-23,1,4.02268330043,6.56128787359,6.83575171694,9.49917578342
2025-04-23,20,1.16241874076,5.70828974549,6.83575171694,9.49917578342
2025-04-24,1,0.539649618258,6.20291386582,6.66696761195,9.63736978356
2025-04-24,20,0.961383574897,5.40969596129,6.66696761195,9.63736978356
2025-04-25,1,0.00410242221463,5.53452197165,6.29932853233,9.65886606551
2025-04-25,20,0.95705359864,4.85279824917,6.29932853233,9.65886606551
2025-04-28,1,0.334736480937,4.89278156829,5.92161496572,9.46037702558
2025-04-28,20,1.1619319921,4.31810630343,5.92161496572,9.46037702558
2025-04-29,1,0.021871370818,4.36236008336,5.58640225663,9.4618607576
2025-04-29,20,1.16080134957,3.87616421227,5.58640225663,9.4618607576
2025-04-30,1,0.394301826267,3.86446759089,5.25253040348,9.45583239355
2025-04-30,20,1.16772046954,3.46132496548,5.25253040348,9.45583239355
2025-05-01,1,2.13720748685,3.46470361196,4.96103668885,9.45306453726
2025-05-01,20,1.14800867401,3.1282454545,4.96103668885,9.45306453726
2025-05-02,1,0.409862061656,3.29024787622,4.79160693673,8.32955166741
2025-05-02,20,1.04952729093,2.98289060961,4.79160693673,8.32955166741
2025-05-05,1,0.596445016103,2.96164792003,4.52870224423,6.4522065165
2025-05-05,20,1.04575881792,2.70910427946,4.52870224423,6.4522065165
2025-05-06,1,0.188090321413,2.69180212242,4.29276681054,6.47930453507
2025-05-06,20,1.01593928184,2.48427135042,4.29276681054,6.47930453507
2025-05-07,1,0.334433335921,2.41321831035,4.04648622119,6.36349242078
2025-05-07,20,1.0205340004,2.25215799158,4.04648622119,6.36349242078
2025-05-08,1,0.00506565478736,2.18324419537,3.82376304808,2.24927449765
2025-05-08,20,1.05612033251,2.06054576588,3.82376304808,2.24927449765
2025-05-09,1,10.2656010546,1.947715672,3.59464120448,1.62928220081
2025-05-09,20,1.05628981306,1.86430566041,3.59464120448,1.62928220081
2025-05-12,1,0.52158136492,2.78193290679,3.99489879549,1.98181297508
2025-05-12,20,0.557959340904,2.55936745503,3.99489879549,1.98181297508
2025-05-13,1,0.0104835327601,2.52626840522,3.78649974965,1.97658173195
2025-05-13,20,0.53565509127,2.34635024576,3.78649974965,1.97658173195
2025-05-14,1,0.170058702681,2.2497213516,3.55993877664,1.97561071219
2025-05-14,20,0.542408534809,2.11593389452,3.55993877664,1.97561071219
2025-05-15,1,0.487322579002,1.87308728135,3.3565459722,1.72730210718
2025-05-15,20,0.598437995082,1.7590130301,3.3565459722,1.72730210718
2025-05-16,1,0.00766902272837,1.7129880781,3.18439256861,1.750789153
2025-05-16,20,0.61777211326,1.63204720401,3.18439256861,1.750789153
2025-05-19,1,0.151148105426,1.52321483911,2.99378915586,1.4667697413
2025-05-19,20,0.652561724959,1.48154854088,2.99378915586,1.4667697413
2025-05-20,1,2.64606155736,1.37338596438,2.82323069283,1.1666347097
2025-05-20,20,0.645052149232,1.36272754448,2.82323069283,1.1666347097
2025-05-21,1,0.00197998320846,1.50635182174,2.8126005447,1.16241874076
2025-05-21,20,0.51512752867,1.46817541417,2.8126005447,1.16241874076
2025-05-22,1,0.453050093104,1.34299035715,2.64396331101,0.961383574897
2025-05-22,20,0.560731592205,1.33862246898,2.64396331101,0.961383574897
2025-05-23,1,4.10167029149,1.24857093566,2.51250851794,0.95705359864
2025-05-23,20,0.599244522108,1.26374364631,2.51250851794,0.95705359864
2025-05-27,1,0.312123630282,1.55141692954,2.60785822435,1.1619319921
2025-05-27,20,0.394161012933,1.50391405948,2.60785822435,1.1619319921
2025-05-28,1,0.160253770195,1.41488403464,2.47011414871,1.16080134957
2025-05-28,20,0.410459950115,1.39563736955,2.47011414871,1.16080134957
2025-05-29,1,6.59156555047e-05,1.28017703788,2.331522526,1.16772046954
2025-05-29,20,0.415995352313,1.28880869846,2.331522526,1.16772046954
2025-05-30,1,0.167579825267,1.14617972066,2.19163512938,1.14800867401
2025-05-30,20,0.429259165334,1.18254283499,2.19163512938,1.14800867401
2025-06-02,1,0.334492601548,1.04737124325,2.07019181113,1.04952729093
2025-06-02,20,0.421506430389,1.10418329475,2.07019181113,1.04952729093
2025-06-03,1,5.4294416055e-05,0.97908822269,1.96604985855,1.04575881792
2025-06-03,20,0.415986583286,1.05003180657,1.96604985855,1.04575881792
2025-06-04,1,0.279984692588,0.884448688579,1.84809012471,1.01593928184
2025-06-04,20,0.450465217298,0.974978424755,1.84809012471,1.01593928184
2025-06-05,1,1.0461599782,0.831712788117,1.75400379878,1.0205340004
2025-06-05,20,0.467618612683,0.933156497906,1.75400379878,1.0205340004
2025-06-06,1,0.00845526568425,0.866700721806,1.71153316954,1.05612033251
2025-06-06,20,0.415567044351,0.960903493605,1.71153316954,1.05612033251
2025-06-09,1,0.298991611557,0.787639022299,1.60934849531,1.05628981306
2025-06-09,20,0.433408057069,0.898204031108,1.60934849531,1.05628981306
2025-06-10,1,0.0754963722474,0.749563494664,1.53072708229,0.557959340904
2025-06-10,20,0.42221896801,0.868008435366,1.53072708229,0.557959340904
2025-06-11,1,0.145552403546,0.692886950717,1.44341323969,0.53565509127
2025-06-11,20,0.423898960665,0.823061402051,1.44341323969,0.53565509127
2025-06-12,1,1.29064790814,0.651010074427,1.36554158952,0.542408534809
2025-06-12,20,0.417610355187,0.78985116687,1.36554158952,0.542408534809
2025-06-13,1,0.874004942558,0.696165075062,1.36104796863,0.598437995082
2025-06-13,20,0.360935182831,0.828426728453,1.36104796863,0.598437995082
2025-06-16,1,0.703461256716,0.733742059027,1.33182538707,0.61777211326
2025-06-16,20,0.322318420324,0.855671138567,1.33182538707,0.61777211326
2025-06-17,1,0.00095659088426,0.745979965809,1.29412353925,0.652561724959
2025-06-17,20,0.301506835766,0.864543978164,1.29412353925,0.652561724959
2025-06-18,1,0.0475691461164,0.675340577585,1.21653352235,0.645052149232
2025-06-18,20,0.30146310047,0.813328359989,1.21653352235,0.645052149232
2025-06-20,1,0.914061253916,0.620731766572,1.14639565977,0.51512752867
2025-06-20,20,0.30006206467,0.773735378167,1.14639565977,0.51512752867
2025-06-23,1,1.22330869115,0.67430611586,1.13245559542,0.560731592205
2025-06-23,20,0.254562095781,0.812578345046,1.13245559542,0.560731592205
2025-06-24,1,1.07985080346e-07,0.75547092429,1.13790678117,0.599244522108
2025-06-24,20,0.223672782491,0.87142520007,1.13790678117,0.599244522108
2025-06-25,1,0.638102373925,0.683289763371,1.06963238077,0.394161012933
2025-06-25,20,0.223916365129,0.819091751693,1.06963238077,0.394161012933
2025-06-26,1,0.270961814161,0.695598060551,1.04374058036,0.410459950115
2025-06-26,20,0.199877613207,0.828015626383,1.04374058036,0.410459950115
2025-06-27,1,0.26534217607,0.663701567343,0.997373854391,0.415995352313
2025-06-27,20,0.186345159129,0.804889737862,0.997373854391,0.415995352313
2025-06-30,1,0.0125251263659,0.635967561603,0.953451953692,0.429259165334
2025-06-30,20,0.177470195045,0.784781774244,0.953451953692,0.429259165334
2025-07-01,1,0.224095659496,0.583254858986,0.896996344052,0.421506430389
2025-07-01,20,0.177625456173,0.74656352635,0.896996344052,0.421506430389
2025-07-02,1,0.689626974656,0.562896342112,0.856622302979,0.415986583286
2025-07-02,20,0.173271824151,0.731803007423,0.856622302979,0.415986583286
2025-07-03,1,0.623052600288,0.599305808612,0.84660258328,0.450465217298
2025-07-03,20,0.268740037812,0.758200933299,0.84660258328,0.450465217298
2025-07-07,1,0.00512861155216,0.622544795473,0.8331895843,0.467618612683
2025-07-07,20,0.344599486402,0.775049877037,0.8331895843,0.467618612683
2025-07-08,1,0.365275520047,0.571003378581,0.783505925935,0.415567044351
2025-07-08,20,0.356200063279,0.737680845479,0.783505925935,0.415567044351
2025-07-09,1,0.0752098303847,0.568777276639,0.758412101582,0.433408057069
2025-07-09,20,0.364257588618,0.736066856599,0.758412101582,0.433408057069
2025-07-10,1,0.109096225347,0.533428818758,0.71741996531,0.42221896801
2025-07-10,20,0.36081533806,0.710438192939,0.71741996531,0.42221896801
2025-07-11,1,0.0197802939867,0.507320368623,0.680920540912,0.423898960665
2025-07-11,20,0.385542740865,0.691508804578,0.680920540912,0.423898960665
2025-07-14,1,0.157144461018,0.474847355791,0.641252126097,0.417610355187
2025-07-14,20,0.387696923565,0.667964922503,0.641252126097,0.417610355187
2025-07-15,1,0.101669692411,0.454545273221,0.612205666192,0.360935182831
2025-07-15,20,0.443476488097,0.643567173549,0.612205666192,0.360935182831
2025-07-16,1,0.287229565569,0.437684440211,0.581573507765,0.322318420324
2025-07-16,20,0.443592907648,0.630900943362,0.581573507765,0.322318420324
2025-07-17,1,8.18849490073e-05,0.444701944551,0.563912871233,0.301506835766
2025-07-17,20,0.429277347469,0.636172647628,0.563912871233,0.301506835766
2025-07-18,1,0.0195484301249,0.417567280351,0.530083012056,0.30146310047
2025-07-18,20,0.433482139877,0.615788488518,0.530083012056,0.30146310047
2025-07-21,1,0.00406187612673,0.396659579046,0.49945093714,0.30006206467
2025-07-21,20,0.432509795491,0.60008216148,0.49945093714,0.30006206467
2025-07-22,1,0.605522425346,0.377033312255,0.46972759348,0.254562095781
2025-07-22,20,0.449566447774,0.585338476353,0.46972759348,0.254562095781
2025-07-23,1,0.00487176076108,0.429665297812,0.477875283392,0.223672782491
2025-07-23,20,0.422254039664,0.624876786462,0.477875283392,0.223672782491
2025-07-24,1,0.157327335489,0.405289488317,0.449495072034,0.223916365129
2025-07-24,20,0.430059405203,0.606565139946,0.449495072034,0.223916365129
2025-07-25,1,0.000312732596377,0.402076115771,0.431965007841,0.199877613207
2025-07-25,20,0.535779928382,0.60415118351,0.431965007841,0.199877613207
2025-07-28,1,0.0878428943941,0.381222611323,0.406065871326,0.186345159129
2025-07-28,20,0.54490429549,0.588485570348,0.406065871326,0.186345159129
2025-07-29,1,0.0156303489201,0.373525566473,0.38697249271,0.177470195045
2025-07-29,20,0.549021917437,0.582703380241,0.38697249271,0.177470195045
2025-07-30,1,0.137023019056,0.358628200277,0.364691964083,0.177625456173
2025-07-30,20,0.551091983522,0.571512149695,0.364691964083,0.177625456173
2025-07-31,1,2.59899124787,0.359919383517,0.351031827381,0.173271824151
2025-07-31,20,0.549207588537,0.572482115065,0.351031827381,0.173271824151
2025-08-01,1,2.14024157208,0.64500912806,0.485909392611,0.268740037812
2025-08-01,20,0.439858140322,0.786647828351,0.485909392611,0.268740037812
2025-08-04,1,0.237140149094,0.835350590751,0.585169323379,0.344599486402
2025-08-04,20,0.356971951303,0.929636539469,0.585169323379,0.344599486402
2025-08-05,1,0.52642602683,0.77824032003,0.564287572922,0.356200063279
2025-08-05,20,0.35805429964,0.886734042628,0.564287572922,0.356200063279
2025-08-06,1,0.00636481922983,0.762879021746,0.562015880157,0.364257588618
2025-08-06,20,0.366276399429,0.875194296049,0.562015880157,0.364257588618
2025-08-07,1,0.603644281439,0.689782645827,0.528676816501,0.36081533806
2025-08-07,20,0.370983155846,0.820282683875,0.528676816501,0.36081533806
2025-08-08,1,0.0628639479897,0.69630795773,0.533174864397,0.385542740865
2025-08-08,20,0.343013854207,0.82518464231,0.533174864397,0.385542740865
2025-08-11,1,1.27273575167,0.639496796266,0.504956209413,0.387696923565
2025-08-11,20,0.343474053186,0.782506842949,0.504956209413,0.387696923565
2025-08-12,1,0.103998083431,0.732903664709,0.551022981948,0.443476488097
2025-08-12,20,0.284274570198,0.855217593904,0.551022981948,0.443476488097
2025-08-13,1,0.000918361984183,0.675135118752,0.524201488037,0.443592907648
2025-08-13,20,0.314776656446,0.811888852277,0.524201488037,0.443592907648
2025-08-14,1,0.0841777331029,0.613915034513,0.492804500474,0.429277347469
2025-08-14,20,0.314847323871,0.765971317597,0.492804500474,0.429277347469
2025-08-15,1,0.000101542417654,0.571446429567,0.468286894432,0.433482139877
2025-08-15,20,0.321662662309,0.734118149398,0.468286894432,0.433482139877
2025-08-18,1,0.345194921769,0.52547454136,0.440195773311,0.432509795491
2025-08-18,20,0.322488036915,0.699637377324,0.440195773311,0.432509795491
2025-08-19,1,0.059274263156,0.526478649307,0.434495722218,0.449566447774
2025-08-19,20,0.305699360937,0.70039049882,0.434495722218,0.449566447774
2025-08-20,1,0.160979071533,0.494049316154,0.411982434674,0.422254039664
2025-08-20,20,0.314148798311,0.67606718976,0.411982434674,0.422254039664
2025-08-21,1,2.27173779908,0.478258451827,0.396922232886,0.430059405203
2025-08-21,20,0.317975462519,0.664223404025,0.396922232886,0.430059405203
2025-08-22,1,0.182800074766,0.710523819619,0.509411166857,0.535779928382
2025-08-22,20,0.214070115772,0.838431806595,0.509411166857,0.535779928382
2025-08-25,1,0.170195333327,0.665240490475,0.489814501332,0.54490429549
2025-08-25,20,0.220150697635,0.804467481615,0.489814501332,0.54490429549
2025-08-26,1,0.0570316706207,0.625190585632,0.470637351252,0.549021917437
2025-08-26,20,0.215704111119,0.774428436139,0.470637351252,0.549021917437
2025-08-27,1,0.099335119347,0.577893333986,0.445821010414,0.551091983522
2025-08-27,20,0.225461005634,0.738953587979,0.445821010414,0.551091983522
2025-08-28,1,0.412002283583,0.542519538603,0.42503185695,0.549207588537
2025-08-28,20,0.23780785583,0.712421813375,0.42503185695,0.549207588537
2025-08-29,1,0.482517791704,0.548778661257,0.424250082548,0.439858140322
2025-08-29,20,0.220671657002,0.717116408051,0.424250082548,0.439858140322
2025-09-02,1,0.258787115827,0.562320509411,0.427746145097,0.356971951303
2025-09-02,20,0.204879185294,0.727273340861,0.427746145097,0.356971951303
2025-09-03,1,0.690868022616,0.547813367805,0.417608603341,0.35805429964
2025-09-03,20,0.197699970771,0.716392398992,0.417608603341,0.35805429964
2025-09-04,1,0.100499947572,0.585752713521,0.434004168497,0.366276399429
2025-09-04,20,0.163347632772,0.744848439919,0.434004168497,0.366276399429
2025-09-05,1,0.0442582486485,0.549351531251,0.413993915242,0.370983155846
2025-09-05,20,0.158324781216,0.717546083673,0.413993915242,0.370983155846
2025-09-08,1,0.072067927566,0.511789536197,0.391809775246,0.343013854207
2025-09-08,20,0.162736520574,0.689373070978,0.391809775246,0.343013854207
2025-09-09,1,0.0887460919159,0.483023165388,0.372625264385,0.343474053186
2025-09-09,20,0.166424312097,0.667797131551,0.372625264385,0.343474053186
2025-09-10,1,0.714039808381,0.450013427591,0.355592514037,0.284274570198
2025-09-10,20,0.178869406533,0.606770097568,0.355592514037,0.284274570198
2025-09-11,1,0.00233171048379,0.497457950223,0.377099351698,0.314776656446
2025-09-11,20,0.146974488495,0.642933995445,0.377099351698,0.314776656446
2025-09-12,1,0.220484501861,0.46340761784,0.354613293225,0.314847323871
2025-09-12,20,0.524597325912,0.616979624431,0.354613293225,0.314847323871
2025-09-15,1,0.016609034545,0.456974694982,0.346565565743,0.321662662309
2025-09-15,20,0.633361414139,0.61207622247,0.346565565743,0.321662662309
2025-09-16,1,0.0094214022023,0.429904206344,0.326768173871,0.322488036915
2025-09-16,20,0.633756438157,0.591442135914,0.326768173871,0.322488036915
2025-09-17,1,0.228263010651,0.405735643505,0.307727367571,0.305699360937
2025-09-17,20,0.641357202597,0.573020000125,0.307727367571,0.305699360937
2025-09-18,1,0.237512355691,0.407921053257,0.302959506156,0.314148798311
2025-09-18,20,0.649879119761,0.574685796949,0.302959506156,0.314148798311
2025-09-19,1,0.19363086413,0.410786713887,0.299032677128,0.317975462519
2025-09-19,20,0.651820863811,0.576870105119,0.299032677128,0.317975462519
2025-09-22,1,0.304411712021,0.408635739323,0.292708568348,0.214070115772
2025-09-22,20,0.698486120072,0.575230556016,0.292708568348,0.214070115772
2025-09-23,1,0.0812636030069,0.418462155265,0.293410756969,0.220150697635
2025-09-23,20,0.683266068982,0.582720598764,0.293410756969,0.220150697635
2025-09-24,1,0.252169560933,0.403419478899,0.280681927731,0.215704111119
2025-09-24,20,0.69352395656,0.571254537315,0.280681927731,0.215704111119
2025-09-25,1,0.346272123259,0.408440018635,0.278971185723,0.225461005634
2025-09-25,20,0.697796316626,0.575081370766,0.278971185723,0.225461005634
2025-09-26,1,0.0692783070215,0.422708861419,0.283009241975,0.23780785583
2025-09-26,20,0.711461880136,0.585957588813,0.283009241975,0.23780785583
2025-09-29,1,0.166668357543,0.405827633026,0.270185385878,0.220671657002
2025-09-29,20,0.782602803609,0.573090117801,0.270185385878,0.220671657002
2025-09-30,1,0.11520282538,0.401502824785,0.263974364178,0.204879185294
2025-09-30,20,0.776880753484,0.569793595571,0.263974364178,0.204879185294
2025-10-01,1,0.00382126262792,0.392333535724,0.25504807185,0.197699970771
2025-10-01,20,0.771121561789,0.562804438239,0.25504807185,0.197699970771
2025-10-02,1,4.29164616411e-05,0.372654084255,0.239974463297,0.163347632772
2025-10-02,20,0.820473462115,0.547804062353,0.239974463297,0.163347632772
2025-10-03,1,0.132493035801,0.355236879909,0.225578570487,0.158324781216
2025-10-03,20,0.823889123817,0.534528051459,0.225578570487,0.158324781216
2025-10-06,1,0.145823758024,0.354147142244,0.219993438405,0.162736520574
2025-10-06,20,0.818742354795,0.533697414761,0.219993438405,0.162736520574
2025-10-07,1,0.337647980628,0.354611039251,0.215543257583,0.166424312097
2025-10-07,20,0.881144941057,0.534051013513,0.215543257583,0.166424312097
2025-10-08,1,0.0761414476312,0.358156912998,0.222869540965,0.178869406533
2025-10-08,20,0.870912473354,0.523112581451,0.222869540965,0.178869406533
2025-10-09,1,7.55478845882,0.348244189237,0.214065855365,0.146974488495
2025-10-09,20,0.930286953562,0.515349920327,0.214065855365,0.146974488495
2025-10-10,1,2.39576626641,1.13996575354,0.654509211573,0.524597325912
2025-10-10,20,0.553342649566,1.13534764811,0.654509211573,0.524597325912
2025-10-13,1,0.0245095148958,1.2737848308,0.758984634863,0.633361414139
2025-10-13,20,0.550348958851,1.24014146398,0.758984634863,0.633361414139
2025-10-14,1,0.161436691002,1.13596322108,0.714916127665,0.633756438157
2025-10-14,20,0.551272562128,1.13221326205,0.714916127665,0.633756438157
2025-10-15,1,0.398701353931,1.03121589791,0.681707361465,0.641357202597
2025-10-15,20,0.543398748859,1.05018555776,0.681707361465,0.641357202597
2025-10-16,1,0.276347236686,0.96585949733,0.664727001013,0.649879119761
2025-10-16,20,0.662832733743,0.999004913349,0.664727001013,0.649879119761
2025-10-17,1,1.12693598935,0.896145259471,0.641424215153,0.651820863811
2025-10-17,20,0.649141299358,0.944411643423,0.641424215153,0.651820863811
2025-10-20,1,1.06902294988e-05,0.926772787662,0.670554921605,0.698486120072
2025-10-20,20,0.635155890634,0.968396082829,0.670554921605,0.698486120072
2025-10-21,1,0.28642135456,0.832711425208,0.630322267722,0.683266068982
2025-10-21,20,0.669523290982,0.894736562081,0.630322267722,0.683266068982
2025-10-22,1,0.337616762267,0.781871931214,0.609688212933,0.69352395656
2025-10-22,20,0.662221507364,0.854924117682,0.609688212933,0.69352395656
2025-10-23,1,0.619583393453,0.743306240847,0.593363925893,0.697796316626
2025-10-23,20,0.768424422053,0.824723297753,0.593363925893,0.697796316626
2025-10-24,1,1.49209677648,0.740069251941,0.594937093946,0.711461880136
2025-10-24,20,0.785221572117,0.822188409407,0.594937093946,0.711461880136
2025-10-27,1,0.0522273550446,0.830634833854,0.648766674898,0.782602803609
2025-10-27,20,0.828409854092,0.893110381894,0.648766674898,0.782602803609
2025-10-28,1,1.89914708585e-05,0.755011193706,0.612974315707,0.776880753484
2025-10-28,20,0.86648667846,0.833889454775,0.612974315707,0.776880753484
2025-10-29,1,0.990859269163,0.683908522789,0.576196996253,0.771121561789
2025-10-29,20,0.890173363016,0.778208901921,0.576196996253,0.771121561789
2025-10-30,1,0.0683561504962,0.728341875252,0.601076732628,0.820473462115
2025-10-30,20,0.854890802078,0.813004692268,0.601076732628,0.820473462115
2025-10-31,1,0.0295576553618,0.668116784507,0.5691134977,0.823889123817
2025-10-31,20,0.865717707861,0.765842380287,0.5691134977,0.823889123817
2025-11-03,1,1.39387548326,0.61178950424,0.536740147159,0.818742354795
2025-11-03,20,0.867251425933,0.721732446503,0.536740147159,0.818742354795
2025-11-04,1,0.132998626569,0.708990153741,0.588168267326,0.881144941057
2025-11-04,20,0.801984036885,0.797850345201,0.588168267326,0.881144941057
2025-11-05,1,1.26363105178,0.668812475465,0.56085808888,0.870912473354
2025-11-05,20,0.795917023399,0.775564941388,0.56085808888,0.870912473354
2025-11-06,1,0.0159023789051,0.745334758434,0.603024466654,0.930286953562
2025-11-06,20,0.734607136129,0.831986235039,0.603024466654,0.930286953562
2025-11-07,1,2.33589245212,0.679265572578,0.567797141389,0.553342649566
2025-11-07,20,0.739878760033,0.783272203101,0.567797141389,0.553342649566
2025-11-10,1,0.042981580426,0.867712472846,0.673882860033,0.550348958851
2025-11-10,20,0.623468476713,0.922217585872,0.673882860033,0.550348958851
2025-11-11,1,0.00396042562289,0.787463136029,0.636028783257,0.551272562128
2025-11-11,20,0.643944859392,0.863048266529,0.636028783257,0.551272562128
2025-11-12,1,2.78738105161,0.714264012167,0.598104681799,0.543398748859
2025-11-12,20,0.64590420138,0.809077199512,0.598104681799,0.543398748859
2025-11-13,1,0.00251854899225,0.945576886417,0.729461263987,0.662832733743
2025-11-13,20,0.564004141493,0.979628457224,0.729461263987,0.662832733743
2025-11-14,1,0.847227814861,0.850204863466,0.685844701087,0.649141299358
2025-11-14,20,0.565154758605,0.909308901871,0.685844701087,0.649141299358
2025-11-17,1,0.687358697201,0.857434422333,0.695527687914,0.635155890634
2025-11-17,20,0.525641689078,0.914639389253,0.695527687914,0.635155890634
2025-11-18,1,0.1403856822,0.846752638318,0.695037548471,0.669523290982
2025-11-18,20,0.559249882317,0.906763512459,0.695037548471,0.669523290982
2025-11-19,1,2.46167505605,0.779721832741,0.661758436495,0.662221507364
2025-11-19,20,0.583458919574,0.857340460527,0.661758436495,0.662221507364
2025-11-20,1,0.955526394738,0.967478425103,0.769753433668,0.768424422053
2025-11-20,20,0.498914164111,0.995776866519,0.769753433668,0.768424422053
2025-11-21,1,2.35586241597,0.969826785063,0.780899811332,0.785221572117
2025-11-21,20,0.471719541996,0.997508355724,0.780899811332,0.785221572117
2025-11-24,1,0.8137638424,1.11991896165,0.87539756761,0.828409854092
2025-11-24,20,0.364232525592,1.10817409179,0.87539756761,0.828409854092
2025-11-25,1,0.473752682589,1.08604708644,0.871699544098,0.86648667846
2025-11-25,20,0.328716640291,1.08319973211,0.871699544098,0.86648667846
2025-11-26,1,0.285208050409,1.02093991309,0.847822732407,0.890173363016
2025-11-26,20,0.305075338848,1.03519500978,0.847822732407,0.890173363016
2025-11-28,1,0.284894266165,0.944963567826,0.814065851487,0.854890802078
2025-11-28,20,0.296933508249,0.97917624609,0.814065851487,0.854890802078
2025-12-01,1,0.0602320167858,0.879535236916,0.782315556368,0.865717707861
2025-12-01,20,0.283636328338,0.93093472835,0.782315556368,0.865717707861
2025-12-02,1,0.0885277023048,0.799463401724,0.738990543993,0.867251425933
2025-12-02,20,0.307892861009,0.871896284236,0.738990543993,0.867251425933
2025-12-03,1,0.0116583568612,0.73353510992,0.699962773492,0.801984036885
2025-12-03,20,0.305258037649,0.823286136087,0.699962773492,0.801984036885
2025-12-04,1,0.0374333063715,0.679820767354,0.658664508494,0.795917023399
2025-12-04,20,0.324735053059,0.781571066318,0.658664508494,0.795917023399
2025-12-05,1,0.121334856997,0.627559089134,0.621390636367,0.734607136129
2025-12-05,20,0.341944709224,0.742235117935,0.621390636367,0.734607136129
2025-12-08,1,0.00768678570384,0.590720693038,0.591387289604,0.739878760033
2025-12-08,20,0.341814919791,0.714507855882,0.591387289604,0.739878760033
2025-12-09,1,0.452509234022,0.547248520878,0.55636525937,0.623468476713
2025-12-09,20,0.341433510099,0.681787530428,0.55636525937,0.623468476713
2025-12-10,1,0.0431472653725,0.554600489879,0.55013389785,0.643944859392
2025-12-10,20,0.339639050872,0.687321158183,0.55013389785,0.643944859392
2025-12-11,1,1.14937985386,0.519505719627,0.519714699901,0.64590420138
2025-12-11,20,0.338724190412,0.660906276034,0.519714699901,0.64590420138
2025-12-12,1,0.0255308912426,0.601133368882,0.557494609138,0.564004141493
2025-12-12,20,0.283138949066,0.722345194703,0.557494609138,0.564004141493
2025-12-15,1,0.0569664243198,0.558089623849,0.525576786065,0.565154758605
2025-12-15,20,0.296160996979,0.689947334732,0.525576786065,0.565154758605
2025-12-16,1,1.35952256198,0.523932676528,0.49746016436,0.525641689078
2025-12-16,20,0.296632119645,0.664238326478,0.49746016436,0.525641689078
2025-12-17,1,0.624566427351,0.62626362484,0.549183908217,0.559249882317
2025-12-17,20,0.22886240024,0.741260057081,0.549183908217,0.559249882317
2025-12-18,1,0.770779946785,0.64057966971,0.553706859365,0.583458919574
2025-12-18,20,0.414838168167,0.752035355947,0.553706859365,0.583458919574
2025-12-19,1,0.411633952423,0.667812276982,0.56673124461,0.498914164111
2025-12-19,20,0.442667246591,0.772532601164,0.56673124461,0.498914164111
2025-12-22,1,0.206122087893,0.655051966509,0.557425407079,0.471719541996
2025-12-22,20,0.437059680969,0.762928261404,0.557425407079,0.471719541996
2025-12-23,1,0.103446136377,0.623161437234,0.536347207928,0.364232525592
2025-12-23,20,0.426806981063,0.738925124571,0.536347207928,0.364232525592
2025-12-24,1,0.000926653732864,0.585093279395,0.510373143635,0.328716640291
2025-12-24,20,0.434102666061,0.710272254192,0.510373143635,0.328716640291
2025-12-26,1,0.122371438424,0.541681699965,0.479806354241,0.305075338848
2025-12-26,20,0.442353392322,0.677597535243,0.479806354241,0.305075338848
2025-12-29,1,0.018950667951,0.516324561425,0.458360259292,0.296933508249
2025-12-29,20,0.436238160002,0.658511904496,0.458360259292,0.296933508249
2025-12-30,1,0.545362670214,0.48384885301,0.431995683811,0.283636328338
2025-12-30,20,0.436127155617,0.634068319188,0.431995683811,0.283636328338
2025-12-31,1,0.035831235103,0.509006485117,0.438797702996,0.307892861009
2025-12-31,20,0.418152156078,0.653003786852,0.438797702996,0.307892861009
2026-01-02,1,0.401198665065,0.479210392626,0.414619714922,0.305258037649
2026-01-02,20,0.430815504282,0.630577075805,0.414619714922,0.305258037649
2026-01-05,1,0.381626429667,0.485442630201,0.413814451931,0.324735053059
2026-01-05,20,0.446368113941,0.632062475709,0.413814451931,0.324735053059
2026-01-06,1,0.118739068329,0.493306574625,0.411883170595,0.341944709224
2026-01-06,20,0.440216931291,0.637976175173,0.411883170595,0.341944709224
2026-01-07,1,5.85918745748e-05,0.473231440514,0.394294524459,0.341814919791
2026-01-07,20,0.510253471331,0.62287964048,0.394294524459,0.341814919791
2026-01-08,1,0.416620049468,0.443698254816,0.370640368504,0.341433510099
2026-01-08,20,0.700460264676,0.600670635049,0.370640368504,0.341433510099
2026-01-09,1,0.0248500561869,0.460716203023,0.373399149362,0.339639050872
2026-01-09,20,0.690581013795,0.613468160789,0.373399149362,0.339639050872
2026-01-12,1,0.0376750269343,0.43539010859,0.352486203771,0.338724190412
2026-01-12,20,0.694813854682,0.594422895081,0.352486203771,0.338724190412
2026-01-13,1,0.285971849502,0.414757963812,0.333597533161,0.283138949066
2026-01-13,20,0.692931301742,0.578907487428,0.333597533161,0.283138949066
2026-01-14,1,0.0663888776292,0.42227766437,0.330739992141,0.296160996979
2026-01-14,20,0.803214896549,0.584562314923,0.330739992141,0.296160996979
2026-01-15,1,0.00412817389043,0.406333557996,0.314878925271,0.296632119645
2026-01-15,20,0.800019935526,0.572572320052,0.314878925271,0.296632119645
2026-01-16,1,4.34408178589,0.386150501076,0.296233880188,0.22886240024
2026-01-16,20,0.800344791493,0.557394627224,0.296233880188,0.22886240024
2026-01-20,1,1.32736151526,0.812565933429,0.53910475453,0.414838168167
2026-01-20,20,0.598545486759,0.878059751191,0.53910475453,0.414838168167
2026-01-21,1,0.299482639979,0.873476734202,0.586400160174,0.442667246591
2026-01-21,20,0.536170875099,0.923864776053,0.586400160174,0.442667246591
2026-01-22,1,0.00106808977272,0.821118743861,0.569185108962,0.437059680969
2026-01-22,20,0.545110581566,0.884491479054,0.569185108962,0.437059680969
2026-01-23,1,0.249359836352,0.745230190612,0.535098087811,0.426806981063
2026-01-23,20,0.59955355396,0.82742315908,0.535098087811,0.426806981063
2026-01-26,1,0.165941178937,0.70487218249,0.517953792723,0.434102666061
2026-01-26,20,0.616136731133,0.797073868938,0.517953792723,0.434102666061
2026-01-27,1,6.67920310036e-05,0.661371481822,0.496833035896,0.442353392322
2026-01-27,20,0.640672493241,0.764361268704,0.496833035896,0.442353392322
2026-01-28,1,0.0167305802469,0.606713966542,0.467027061264,0.436238160002
2026-01-28,20,0.655141498876,0.723258725074,0.467027061264,0.436238160002
2026-01-29,1,0.185862679437,0.561060112001,0.440009272403,0.436127155617
2026-01-29,20,0.663760979396,0.688926949496,0.440009272403,0.436127155617
2026-01-30,1,0.289098199189,0.538802428563,0.424760476825,0.418152156078
2026-01-30,20,0.654547157077,0.67218913403,0.424760476825,0.418152156078
2026-02-02,1,0.712250858246,0.530076378974,0.416620740167,0.430815504282
2026-02-02,20,0.685111941573,0.665627130029,0.416620740167,0.430815504282
2026-02-03,1,0.258602776666,0.563845192211,0.434358547252,0.446368113941
2026-02-03,20,0.679345908137,0.688468308203,0.434358547252,0.446368113941
2026-02-04,1,1.51946986912,0.548428737713,0.423813201017,0.440216931291
2026-02-04,20,0.682448898963,0.677003720165,0.423813201017,0.440216931291
2026-02-05,1,3.80419445878,0.664125759104,0.489552601103,0.510253471331
2026-02-05,20,0.695796646847,0.763042873179,0.489552601103,0.510253471331
2026-02-06,1,0.219035031847,0.998030654799,0.688431112564,0.700460264676
2026-02-06,20,0.539782312589,1.01135431687,0.688431112564,0.700460264676
2026-02-09,1,0.109506873921,0.920001608545,0.660267347721,0.690581013795
2026-02-09,20,0.531114805732,0.953327299675,0.660267347721,0.690581013795
2026-02-10,1,2.39681428096e-05,0.841288343044,0.627221719293,0.694813854682
2026-02-10,20,0.525990543969,0.894791456545,0.627221719293,0.694813854682
2026-02-11,1,2.49164374563,0.761987777397,0.589589854224,0.692931301742
2026-02-11,20,0.643720914748,0.835818862266,0.589589854224,0.692931301742
2026-02-12,1,0.00248965716408,0.948369688834,0.703713087708,0.803214896549
2026-02-12,20,0.537607012579,0.974423483236,0.703713087708,0.803214896549
2026-02-13,1,0.0106252932427,0.854878227937,0.661639681876,0.800019935526
2026-02-13,20,0.588284819973,0.904897699313,0.661639681876,0.800019935526
2026-02-17,1,0.308095691201,0.77482956042,0.622578818558,0.800344791493
2026-02-17,20,0.59085646794,0.845368772205,0.622578818558,0.800344791493
2026-02-18,1,0.0798692820627,0.736020330464,0.603709830916,0.598545486759
2026-02-18,20,0.669310375437,0.816507931758,0.603709830916,0.598545486759
2026-02-19,1,0.478276769321,0.679089585151,0.572279397985,0.536170875099
2026-02-19,20,0.669105266884,0.774170859911,0.572279397985,0.536170875099
2026-02-20,1,1.08992753766,0.670609769081,0.566639240265,0.545110581566
2026-02-20,20,0.761532684351,0.767864766775,0.566639240265,0.545110581566
2026-02-23,1,0.581023379818,0.725868579455,0.598036538109,0.59955355396
2026-02-23,20,0.771880821849,0.808958488843,0.598036538109,0.59955355396
2026-02-24,1,0.656656421081,0.721594010478,0.597015748611,0.616136731133
2026-02-24,20,0.749859385912,0.805779666347,0.597015748611,0.616136731133
2026-02-25,1,0.289446904731,0.725636101831,0.600594188959,0.640672493241
2026-02-25,20,0.731630841259,0.808785604722,0.600594188959,0.640672493241
2026-02-26,1,0.189120190656,0.691553657933,0.581925351906,0.655141498876
2026-02-26,20,0.871325479457,0.783439882158,0.581925351906,0.655141498876
2026-02-27,1,0.00158623304708,0.651801091192,0.558357042231,0.663760979396
2026-02-27,20,1.00405376576,0.753877520644,0.558357042231,0.663760979396
2026-03-02,1,0.900393889112,0.598218614341,0.52495079368,0.654547157077
2026-03-02,20,1.01178974806,0.714030419402,0.52495079368,0.654547157077
2026-03-03,1,0.596930189526,0.643845193073,0.547477379406,0.685111941573
2026-03-03,20,1.3790426025,0.747961043906,0.547477379406,0.685111941573
2026-03-04,1,0.32066259319,0.649899737961,0.550444548013,0.679345908137
2026-03-04,20,1.37470692469,0.74649411248,0.550444548013,0.679345908137
2026-03-05,1,1.7864248268,0.629335986317,0.536657630723,0.682448898963
2026-03-05,20,1.35930127297,0.731092859026,0.536657630723,0.682448898963
2026-03-06,1,0.683907773621,0.757370856601,0.611643662488,0.695796646847
2026-03-06,20,1.27973503414,0.826984772252,0.611643662488,0.695796646847
2026-03-09,1,0.0456848947214,0.758856508852,0.615979509156,0.539782312589
2026-03-09,20,1.24582765562,0.828097453793,0.615979509156,0.539782312589
2026-03-10,1,0.00702163865424,0.696619607321,0.58176183229,0.531114805732
2026-03-10,20,1.55037035307,0.781485030569,0.58176183229,0.531114805732
2026-03-11,1,2.35463138372,0.638703855709,0.547277420672,0.525990543969
2026-03-11,20,1.56893708295,0.73810893923,0.547277420672,0.525990543969
2026-03-12,1,0.36936570226,0.822067279515,0.655718658455,0.643720914748
2026-03-12,20,1.45185436757,0.875439257802,0.655718658455,0.643720914748
2026-03-13,1,1.01604580504,0.783751517173,0.638537481083,0.537607012579
2026-03-13,20,1.48461226421,0.846742608605,0.638537481083,0.537607012579
2026-03-16,1,0.0620582525815,0.81483468452,0.661187980521,0.588284819973
2026-03-16,20,1.50241874212,0.870022394646,0.661187980521,0.588284819973
2026-03-17,1,1.87717384113,0.746879498373,0.625240196844,0.59085646794
2026-03-17,20,1.53087054868,0.819127253354,0.625240196844,0.59085646794
2026-03-18,1,0.0757671110139,0.868517835103,0.700356215501,0.669310375437
2026-03-18,20,1.44040892324,0.910228472927,0.700356215501,0.669310375437
2026-03-19,1,2.32682511866,0.794880404833,0.662880869232,0.669105266884
2026-03-19,20,1.50824370926,0.855077606151,0.662880869232,0.669105266884
2026-03-20,1,1.29689028761,0.954975296314,0.762717524198,0.761532684351
2026-03-20,20,1.39472798352,0.974980921615,0.762717524198,0.761532684351
2026-03-23,1,0.140594661086,0.991537264846,0.794767890002,0.771880821849
2026-03-23,20,1.35016206965,1.00236406424,0.794767890002,0.771880821849
2026-03-24,1,0.292085528014,0.908204321406,0.755517496267,0.749859385912
2026-03-24,20,1.39727221568,0.939951727947,0.755517496267,0.749859385912
2026-03-25,1,3.08333966871,0.850889324706,0.727711578172,0.731630841259
2026-03-25,20,1.39124366949,0.897025572924,0.727711578172,0.731630841259
2026-03-26,1,2.84368591667,1.07893419571,0.869049263604,0.871325479457
2026-03-26,20,1.26861490746,1.06782013017,0.869049263604,0.871325479457
2026-03-27,1,0.156305879131,1.25318972079,0.987527462788,1.00405376576
2026-03-27,20,1.12718905308,1.19832907397,0.987527462788,1.00405376576
2026-03-30,1,8.24545097792,1.13707444348,0.937654167769,1.01178974806
2026-03-30,20,1.13140909882,1.11136435825,0.937654167769,1.01178974806
2026-03-31,1,0.51021663327,1.84137991128,1.37612197638,1.3790426025
2026-03-31,20,0.719216250903,1.63885502273,1.37612197638,1.3790426025
2026-04-01,1,0.0125495588671,1.71056581873,1.32416765579,1.37470692469
2026-04-01,20,0.745584593193,1.56358346026,1.32416765579,1.37470692469
2026-04-02,1,0.195100050048,1.51975715225,1.24547056998,1.35930127297
2026-04-02,20,0.749232148534,1.41851727597,1.24547056998,1.35930127297
2026-04-06,1,0.00576020331875,1.37258393006,1.18244833878,1.27973503414
2026-04-06,20,0.747761478465,1.30662582908,1.18244833878,1.27973503414
2026-04-07,1,6.13653884371,1.22554610566,1.11184705065,1.24582765562
2026-04-07,20,0.780175091651,1.19483732112,1.11184705065,1.24582765562
2026-04-08,1,0.378356236331,1.72034059952,1.41332855824,1.55037035307
2026-04-08,20,0.578225987666,1.57101493692,1.41332855824,1.55037035307
2026-04-09,1,0.0129770760342,1.56538836657,1.35123021892,1.56893708295
2026-04-09,20,0.566567542198,1.45320933828,1.35123021892,1.56893708295
2026-04-10,1,1.02452363511,1.39372063646,1.27093503035,1.45185436757
2026-04-10,20,0.601118140028,1.32269544166,1.27093503035,1.45185436757
2026-04-13,1,1.37217536328,1.34734274766,1.25615034663,1.48461226421
2026-04-13,20,0.55165576038,1.28743570483,1.25615034663,1.48461226421
2026-04-14,1,0.63109438376,1.34236459025,1.26311184763,1.50241874212
2026-04-14,20,0.484333230858,1.28365095902,1.26311184763,1.50241874212
2026-04-15,1,0.0679413321816,1.2627954568,1.2251907998,1.53087054868
2026-04-15,20,0.469785825451,1.22315690082,1.2251907998,1.53087054868
2026-04-16,1,1.43246283145,1.13651345408,1.15575583174,1.44040892324
2026-04-16,20,0.495470122113,1.12714843004,1.15575583174,1.44040892324
2026-04-17,1,0.0565106039571,1.16539037139,1.17235825173,1.50824370926
2026-04-17,20,0.501228530052,1.14910269599,1.17235825173,1.50824370926
2026-04-20,1,0.405572010116,1.05076100652,1.10540739286,1.39472798352
2026-04-20,20,0.49867380266,1.06195338105,1.10540739286,1.39472798352
2026-04-21,1,1.08279758172,0.986652720859,1.06341726989,1.35016206965
2026-04-21,20,0.500845030144,1.01321374802,1.06341726989,1.35016206965
2026-04-22,1,0.171514604265,0.999739889696,1.0645800886,1.39727221568
2026-04-22,20,0.504316762464,1.02316353532,1.0645800886,1.39727221568
2026-04-23,1,0.630764428082,0.918578158918,1.01099615954,1.39124366949
2026-04-23,20,0.497209691897,0.961458672478,1.01099615954,1.39124366949
2026-04-24,1,0.0151688289928,0.894722977599,0.988182255656,1.26861490746
2026-04-24,20,0.472590838952,0.943322283848,0.988182255656,1.26861490746
2026-04-27,1,0.240706794039,0.811501207111,0.929801450056,1.12718905308
2026-04-27,20,0.490374502548,0.880051233758,0.929801450056,1.12718905308
2026-04-28,1,0.00159401954698,0.762126987197,0.888455770695,1.13140909882
2026-04-28,20,0.478352753171,0.842513475033,0.888455770695,1.13140909882
2026-04-29,1,1.03758347907,0.694969381241,0.835244065626,0.719216250903
2026-04-29,20,0.494730940236,0.791455533999,0.835244065626,0.719216250903
2026-04-30,1,0.0855006656925,0.738068991478,0.847384430433,0.745584593193
2026-04-30,20,0.445206009555,0.824837573862,0.847384430433,0.745584593193
2026-05-01,1,0.165686648649,0.682151017524,0.801671404548,0.749232148534
2026-05-01,20,0.444368040871,0.782808292855,0.801671404548,0.749232148534
2026-05-04,1,0.654032467053,0.641928999517,0.763512319194,0.747761478465
2026-05-04,20,0.436917378064,0.752576466164,0.763512319194,0.747761478465
2026-05-05,1,2.097556764,0.657121488241,0.756943528066,0.780175091651
2026-05-05,20,0.431590936724,0.763995502524,0.756943528066,0.780175091651
2026-05-06,1,0.145187326974,0.818178823489,0.837380322222,0.578225987666
2026-05-06,20,0.33490124136,0.885050031557,0.837380322222,0.578225987666
2026-05-07,1,0.703989032635,0.757659361851,0.795848742507,0.566567542198
2026-05-07,20,0.686797528348,0.839562162813,0.795848742507,0.566567542198
2026-05-08,1,0.0352760421476,0.76248830938,0.790337159915,0.601118140028
2026-05-08,20,0.656019538048,0.843191714786,0.790337159915,0.601118140028
2026-05-11,1,0.0257247728295,0.698157835048,0.745033492849,0.55165576038
2026-05-11,20,0.657583209949,0.794839398136,0.745033492849,0.55165576038
2026-05-12,1,0.340146275612,0.641454613171,0.701874969648,0.484333230858
2026-05-12,20,0.789665649032,0.752219906088,0.701874969648,0.484333230858
2026-05-13,1,0.58162726542,0.624551147727,0.680171248006,0.469785825451
2026-05-13,20,0.923468134301,0.739514858875,0.680171248006,0.469785825451
2026-05-14,1,1.54763099024,0.634650042906,0.67425860905,0.495470122113
2026-05-14,20,0.906951495234,0.747105429014,0.67425860905,0.495470122113
2026-05-15,1,0.00541605612028,0.742370498988,0.726660951922,0.501228530052
2026-05-15,20,0.963939828146,0.828070689355,0.726660951922,0.501228530052
2026-05-18,1,0.448996559787,0.677671968068,0.683386258174,0.49867380266
2026-05-18,20,0.979916282842,0.779441732607,0.683386258174,0.49867380266
2026-05-19,1,1.15223222811,0.667075839183,0.669322876271,0.500845030144
2026-05-19,20,1.03216335431,0.771477429773,0.669322876271,0.500845030144
2026-05-20,1,0.0293731929309,0.729947682647,0.698297437381,0.504316762464
2026-05-20,20,1.03274020795,0.818733404722,0.698297437381,0.504316762464
2026-05-21,1,0.138387369175,0.66936556292,0.658161982714,0.497209691897
2026-05-21,20,1.03816077043,0.773198440667,0.658161982714,0.497209691897
2026-05-22,1,0.370842100918,0.628056958469,0.626975505902,0.472590838952
2026-05-22,20,1.13588741044,0.742149909726,0.626975505902,0.472590838952
2026-05-26,1,0.00027180650768,0.616090730341,0.611607501603,0.490374502548
2026-05-26,20,1.11782885828,0.733155807668,0.611607501603,0.490374502548
2026-05-27,1,0.329157760847,0.567758266704,0.574927359897,0.478352753171
2026-05-27,20,1.11782018937,0.696827976877,0.574927359897,0.478352753171
2026-05-28,1,0.0470848654376,0.559587722948,0.560181183954,0.494730940236
2026-05-28,20,1.10147358418,0.690686801594,0.560181183954,0.494730940236
2026-05-29,1,0.068741292019,0.525266585626,0.529395404843,0.445206009555
2026-05-29,20,1.1673487788,0.651310617906,0.529395404843,0.445206009555
2026-06-01,1,0.0166733924927,0.496778395721,0.501756158074,0.444368040871
2026-06-01,20,1.19502986553,0.629376779977,0.501756158074,0.444368040871
2026-06-02,1,0.547503640266,0.466824259935,0.472651192139,0.436917378064
2026-06-02,20,1.19651422549,0.60631427015,0.472651192139,0.436917378064
2026-06-03,1,0.163762856728,0.49194818133,0.477142339027,0.431590936724
2026-06-03,20,1.16913904442,0.625657865579,0.477142339027,0.431590936724
2026-06-04,1,7.18311306673,0.476821157698,0.458339570089,0.33490124136
2026-06-04,20,1.18698199995,0.614011155633,0.458339570089,0.33490124136
2026-06-05,1,0.0884292266211,1.14228939114,0.861825979887,0.686797528348
2026-06-05,20,0.837794741544,1.12637338111,0.861825979887,0.686797528348
2026-06-08,1,0.0665494801711,1.03841515238,0.815422174691,0.656019538048
2026-06-08,20,0.837352906017,1.04639775874,0.815422174691,0.656019538048
2026-06-09,1,2.66737355449,0.945436885026,0.77048981302,0.657583209949
2026-06-09,20,0.866910035664,0.974811243272,0.77048981302,0.657583209949
2026-06-10,1,3.016195981,1.11557875823,0.884302837508,0.789665649032
2026-06-10,20,0.742361404109,1.10580813301,0.884302837508,0.789665649032
2026-06-11,1,0.251294484081,1.29813588775,1.01221642612,0.923468134301
2026-06-11,20,0.62322133389,1.24636386874,1.01221642612,0.923468134301
2026-06-12,1,2.68739764848,1.19048739271,0.966561109595,0.906951495234
2026-06-12,20,0.617695103089,1.16348234305,0.966561109595,0.906951495234
2026-06-15,1,0.324945150046,1.33186981253,1.06981130193,0.963939828146
2026-06-15,20,0.490590396892,1.27233654167,1.06981130193,0.963939828146
2026-06-16,1,1.49393798905,1.22711700671,1.02511933282,0.979916282842
2026-06-16,20,0.487422000844,1.19168448645,1.02511933282,0.979916282842
2026-06-17,1,1.16376930099,1.24851559888,1.05324845219,1.03216335431
2026-06-17,20,0.464235094749,1.20815984884,1.05324845219,1.03216335431
2026-06-18,1,0.137784442578,1.23530977083,1.05987970312,1.03274020795
2026-06-18,20,0.407917047304,1.19799232001,1.05987970312,1.03274020795
2026-06-22,1,2.09292016928,1.12455574059,1.00455398749,1.03816077043
2026-06-22,20,0.439900906384,1.11271975768,1.00455398749,1.03816077043
2026-06-23,1,0.00967105785479,1.2167169284,1.06985595839,1.13588741044
2026-06-23,20,0.336185995103,1.18367718121,1.06985595839,1.13588741044
2026-06-24,1,9.8428304685e-05,1.09590460675,1.00624486436,1.11782885828
2026-06-24,20,0.409676253012,1.09066046475,1.00624486436,1.11782885828
2026-06-25,1,0.0022256569019,0.98929993327,0.945876078197,1.11782018937
2026-06-25,20,0.409794657508,1.00858260588,0.945876078197,1.11782018937
2026-06-26,1,1.36458875792,0.896254484125,0.88925705292,1.10147358418
2026-06-26,20,0.409696482622,0.936944365315,0.88925705292,1.10147358418
2026-06-29,1,0.622363026683,0.954415324762,0.91777695522,1.1673487788
2026-06-29,20,0.343676449312,0.989765202425,0.91777695522,1.1673487788
2026-06-30,1,0.0463605916653,0.92697753057,0.900052119508,1.19502986553
2026-06-30,20,0.429257729925,0.968946362006,0.900052119508,1.19502986553
2026-07-01,1,1.87758627137e-08,0.847720951328,0.848830627837,1.19651422549
2026-07-01,20,0.562537442516,0.908809236412,0.848830627837,1.19651422549
2026-07-02,1,0.520621967445,0.7740180675,0.797900791293,1.16913904442
2026-07-02,20,0.586892116406,0.852886061026,0.797900791293,1.16913904442
2026-07-06,1,0.199367898549,0.759584018918,0.781264061863,1.18698199995
2026-07-06,20,0.668650275829,0.841934008834,0.781264061863,1.18698199995
2026-07-07,1,0.0795925160826,0.716139399965,0.746350292064,0.837794741544
2026-07-07,20,0.815999174369,0.808969748562,0.746350292064,0.837794741544
2026-07-08,1,0.65769207311,0.66668259249,0.706344825505,0.837352906017
2026-07-08,20,0.8134272211,0.771443649516,0.706344825505,0.837352906017
2026-07-09,1,0.176400923377,0.678950876952,0.703425660361,0.866910035664
2026-07-09,20,0.782093324436,0.780752395497,0.703425660361,0.866910035664
2026-07-10,1,0.633394576614,0.64347889032,0.671804176142,0.742361404109
2026-07-10,20,0.792278046258,0.753837490317,0.671804176142,0.742361404109
2026-07-13,1,0.140769868057,0.656343815278,0.66949960017,0.62322133389
2026-07-13,20,0.760778930873,0.763598946279,0.66949960017,0.62322133389
2026-07-14,1,0.145303524552,0.620305428804,0.637775816244,0.617695103089
2026-07-14,20,0.758918308217,0.736254276671,0.637775816244,0.617695103089
2026-07-15,1,0.261577229076,0.589250643073,0.608227478742,0.490590396892
2026-07-15,20,0.755093916489,0.712690989337,0.608227478742,0.490590396892
2026-07-16,1,1.03019986715,0.573274705506,0.587428463762,0.487422000844
2026-07-16,20,0.763107515176,0.700569005609,0.587428463762,0.487422000844
2026-07-17,1,0.0374083520941,0.633083597388,0.613994747966,0.464235094749
2026-07-17,20,0.7130389101,0.745949904926,0.613994747966,0.464235094749
2026-07-20,1,0.77746162417,0.590060823988,0.579399564213,0.407917047304
2026-07-20,20,0.724903401525,0.713305726333,0.579399564213,0.407917047304
2026-07-21,1,0.0186219436663,0.62349457864,0.591283287811,0.439900906384
2026-07-21,20,0.709874202617,0.738674092238,0.591283287811,0.439900906384
2026-07-22,1,1.47947621604,0.579879032825,0.556923607162,0.336185995103
2026-07-22,20,0.711161898289,0.705580138631,0.556923607162,0.336185995103
2026-07-23,1,0.00246651823185,0.681973625277,0.612276763695,0.409676253012
2026-07-23,20,0.675091476079,0.783045951407,0.612276763695,0.409676253012
2026-07-24,1,0.000262159172874,0.629426795954,0.575688148967,0.409794657508
2026-07-24,20,0.684371963731,0.743175251652,0.575688148967,0.409794657508
2026-07-27,1,0.0441880917173,0.583300453763,0.541162589579,0.409696482622
2026-07-27,20,0.688297931152,0.708176193401,0.541162589579,0.409696482622
2026-07-28,1,2.33398863895,0.544024163735,0.511344119708,0.343676449312
2026-07-28,20,0.691163421421,0.672567318235,0.511344119708,0.343676449312
2026-07-29,1,2.71195484348,0.729927401334,0.620702790862,0.429257729925
2026-07-29,20,0.57448516008,0.814015638158,0.620702790862,0.429257729925
2026-07-30,1,0.487093496587,0.928489881059,0.746177914019,0.562537442516
2026-07-30,20,0.464645220203,0.96509600405,0.746177914019,0.562537442516
2026-07-31,1,2.15578515591,0.891193539359,0.730632848973,0.586892116406
2026-07-31,20,0.443391967664,0.936718311757,0.730632848973,0.586892116406
2026-08-03,1,3.14634586934,1.01686546924,0.816141987389,0.668650275829
2026-08-03,20,0.341139441617,1.03233839655,0.816141987389,0.668650275829
2026-08-04,1,0.0281534507056,1.22083186478,0.955954220306,0.815999174369
2026-08-04,20,0.209299163857,1.18753044347,0.955954220306,0.815999174369
2026-08-05,1,0.031014139824,1.10351199273,0.90028617413,0.8134272211
2026-08-05,20,0.218438070542,1.09826519446,0.90028617413,0.8134272211
2026-08-06,1,0.380095359819,1.00110431864,0.848129852072,0.782093324436
2026-08-06,20,0.272265351184,1.02034619943,0.848129852072,0.782093324436
2026-08-07,1,0.00341226893034,0.944594900666,0.820047782537,0.792278046258
2026-08-07,20,0.260345551763,0.97734984102,0.820047782537,0.792278046258
2026-08-10,1,0.103557414937,0.859400423828,0.77104965172,0.760778930873
2026-08-10,20,0.277330498808,0.912527862817,0.77104965172,0.760778930873
2026-08-11,1,0.0688156899757,0.794338770139,0.731000117513,0.758918308217
2026-08-11,20,0.283935284036,0.863024359142,0.731000117513,0.758918308217
2026-08-12,1,0.421849202823,0.734100354597,0.691269051861,0.755093916489
2026-08-12,20,0.297696315768,0.81719071588,0.691269051861,0.755093916489
2026-08-13,1,0.0288277656334,0.714872698291,0.675103860919,0.763107515176
2026-08-13,20,0.31325843359,0.80256095625,0.675103860919,0.763107515176
2026-08-14,1,0.274698180584,0.660757380238,0.636327295202,0.7130389101
2026-08-14,20,0.323548753752,0.761386198244,0.636327295202,0.7130389101
2026-08-17,1,0.476877646011,0.636721803431,0.614629548325,0.724903401525
2026-08-17,20,0.319960880965,0.743098232947,0.614629548325,0.724903401525
2026-08-18,1,0.044375857111,0.634867106926,0.606364434186,0.709874202617
2026-08-18,20,0.306159237044,0.741687048785,0.606364434186,0.709874202617
2026-08-19,1,0.758067771845,0.592211087976,0.572645119561,0.711161898289
2026-08-19,20,0.367978349578,0.709231335302,0.572645119561,0.711161898289
2026-08-20,1,0.188076271264,0.622588427402,0.583770478698,0.675091476079
2026-08-20,20,0.331463854421,0.732344561736,0.583770478698,0.675091476079
2026-08-21,1,0.0787815075933,0.595098012822,0.560028826252,0.684371963731
2026-08-21,20,0.431829428405,0.711427911728,0.560028826252,0.684371963731
2026-08-24,1,0.101497897096,0.560669101295,0.531153987133,0.688297931152
2026-08-24,20,0.42789038294,0.685231962936,0.531153987133,0.688297931152
2026-08-25,1,0.000423412126985,0.535818374604,0.50537462173,0.691163421421
2026-08-25,20,0.451520951575,0.677603954292,0.50537462173,0.691163421421
2026-08-26,1,0.515156045944,0.501741063858,0.475077549154,0.57448516008
2026-08-26,20,0.451530181298,0.652328092345,0.475077549154,0.57448516008
2026-08-27,1,0.0620284458207,0.522195888518,0.477482258962,0.464645220203
2026-08-27,20,0.438704275298,0.667499868314,0.477482258962,0.464645220203
2026-08-28,1,0.110734634961,0.495887506673,0.452555030173,0.443391967664
2026-08-28,20,0.465574351878,0.647986385207,0.452555030173,0.443391967664
2026-08-31,1,0.509540314139,0.477743980364,0.43204580646,0.341139441617
2026-08-31,20,0.461438400388,0.634528948097,0.43204580646,0.341139441617
2026-09-01,1,0.210931584405,0.500775922709,0.436695476921,0.209299163857
2026-09-01,20,0.439134485214,0.651612226747,0.436695476921,0.209299163857
