date,close
2000-01-03,1455.2199707031
2000-01-04,1399.4200439453
2000-01-05,1402.1099853516
2000-01-06,1403.4499511719
2000-01-07,1441.4699707031
2000-01-10,1457.5999755859
2000-01-11,1438.5600585938
2000-01-12,1432.2500000000
2000-01-13,1449.6800537109
2000-01-14,1465.1500244141
2000-01-18,1455.1400146484
2000-01-19,1455.9000244141
2000-01-20,1445.5699462891
2000-01-21,1441.3599853516
2000-01-24,1401.5300292969
2000-01-25,1410.0300292969
2000-01-26,1404.0899658203
2000-01-27,1398.5600585938
2000-01-28,1360.1600341797
2000-01-31,1394.4599609375
2000-02-01,1409.2800292969
2000-02-02,1409.1199951172
2000-02-03,1424.9699707031
2000-02-04,1424.3699951172
2000-02-07,1424.2399902344
2000-02-08,1441.7199707031
2000-02-09,1411.7099609375
2000-02-10,1416.8299560547
2000-02-11,1387.1199951172
2000-02-14,1389.9399414062
2000-02-15,1402.0500488281
2000-02-16,1387.6700439453
2000-02-17,1388.2600097656
2000-02-18,1346.0899658203
2000-02-22,1352.1700439453
2000-02-23,1360.6899414062
2000-02-24,1353.4300537109
2000-02-25,1333.3599853516
2000-02-28,1348.0500488281
2000-02-29,1366.4200439453
2000-03-01,1379.1899414062
2000-03-02,1381.7600097656
2000-03-03,1409.1700439453
2000-03-06,1391.2800292969
2000-03-07,1355.6199951172
2000-03-08,1366.6999511719
2000-03-09,1401.6899414062
2000-03-10,1395.0699462891
2000-03-13,1383.6199951172
2000-03-14,1359.1500244141
2000-03-15,1392.1400146484
2000-03-16,1458.4699707031
2000-03-17,1464.4699707031
2000-03-20,1456.6300048828
2000-03-21,1493.8699951172
2000-03-22,1500.6400146484
2000-03-23,1527.3499755859
2000-03-24,1527.4599609375
2000-03-27,1523.8599853516
2000-03-28,1507.7299804688
2000-03-29,1508.5200195312
2000-03-30,1487.9200439453
2000-03-31,1498.5799560547
2000-04-03,1505.9699707031
2000-04-04,1494.7299804688
2000-04-05,1487.3699951172
2000-04-06,1501.3399658203
2000-04-07,1516.3499755859
2000-04-10,1504.4599609375
2000-04-11,1500.5899658203
2000-04-12,1467.1700439453
2000-04-13,1440.5100097656
2000-04-14,1356.5600585938
2000-04-17,1401.4399414062
2000-04-18,1441.6099853516
2000-04-19,1427.4699707031
2000-04-20,1434.5400390625
2000-04-24,1429.8599853516
2000-04-25,1477.4399414062
2000-04-26,1460.9899902344
2000-04-27,1464.9200439453
2000-04-28,1452.4300537109
2000-05-01,1468.2500000000
2000-05-02,1446.2900390625
2000-05-03,1415.0999755859
2000-05-04,1409.5699462891
2000-05-05,1432.6300048828
2000-05-08,1424.1700439453
2000-05-09,1412.1400146484
2000-05-10,1383.0500488281
2000-05-11,1407.8100585938
2000-05-12,1420.9599609375
2000-05-15,1452.3599853516
2000-05-16,1466.0400390625
2000-05-17,1447.8000488281
2000-05-18,1437.2099609375
2000-05-19,1406.9499511719
2000-05-22,1400.7199707031
2000-05-23,1373.8599853516
2000-05-24,1399.0500488281
2000-05-25,1381.5200195312
2000-05-26,1378.0200195312
2000-05-30,1422.4499511719
2000-05-31,1420.5999755859
2000-06-01,1448.8100585938
2000-06-02,1477.2600097656
2000-06-05,1467.6300048828
2000-06-06,1457.8399658203
2000-06-07,1471.3599853516
2000-06-08,1461.6700439453
2000-06-09,1456.9499511719
2000-06-12,1446.0000000000
2000-06-13,1469.4399414062
2000-06-14,1470.5400390625
2000-06-15,1478.7299804688
2000-06-16,1464.4599609375
2000-06-19,1486.0000000000
2000-06-20,1475.9499511719
2000-06-21,1479.1300048828
2000-06-22,1452.1800537109
2000-06-23,1441.4799804688
2000-06-26,1455.3100585938
2000-06-27,1450.5500488281
2000-06-28,1454.8199462891
2000-06-29,1442.3900146484
2000-06-30,1454.5999755859
2000-07-03,1469.5400390625
2000-07-05,1446.2299804688
2000-07-06,1456.6700439453
2000-07-07,1478.9000244141
2000-07-10,1475.6199951172
2000-07-11,1480.8800048828
2000-07-12,1492.9200439453
2000-07-13,1495.8399658203
2000-07-14,1509.9799804688
2000-07-17,1510.4899902344
2000-07-18,1493.7399902344
2000-07-19,1481.9599609375
2000-07-20,1495.5699462891
2000-07-21,1480.1899414062
2000-07-24,1464.2900390625
2000-07-25,1474.4699707031
2000-07-26,1452.4200439453
2000-07-27,1449.6199951172
2000-07-28,1419.8900146484
2000-07-31,1430.8299560547
2000-08-01,1438.0999755859
2000-08-02,1438.6999511719
2000-08-03,1452.5600585938
2000-08-04,1462.9300537109
2000-08-07,1479.3199462891
2000-08-08,1482.8000488281
2000-08-09,1472.8699951172
2000-08-10,1460.2500000000
2000-08-11,1471.8399658203
2000-08-14,1491.5600585938
2000-08-15,1484.4300537109
2000-08-16,1479.8499755859
2000-08-17,1496.0699462891
2000-08-18,1491.7199707031
2000-08-21,1499.4799804688
2000-08-22,1498.1300048828
2000-08-23,1505.9699707031
2000-08-24,1508.3100585938
2000-08-25,1506.4499511719
2000-08-28,1514.0899658203
2000-08-29,1509.8399658203
2000-08-30,1502.5899658203
2000-08-31,1517.6800537109
2000-09-01,1520.7700195312
2000-09-05,1507.0799560547
2000-09-06,1492.2500000000
2000-09-07,1502.5100097656
2000-09-08,1494.5000000000
2000-09-11,1489.2600097656
2000-09-12,1481.9899902344
2000-09-13,1484.9100341797
2000-09-14,1480.8699951172
2000-09-15,1465.8100585938
2000-09-18,1444.5100097656
2000-09-19,1459.9000244141
2000-09-20,1451.3399658203
2000-09-21,1449.0500488281
2000-09-22,1448.7199707031
2000-09-25,1439.0300292969
2000-09-26,1427.2099609375
2000-09-27,1426.5699462891
2000-09-28,1458.2900390625
2000-09-29,1436.5100097656
2000-10-02,1436.2299804688
2000-10-03,1426.4599609375
2000-10-04,1434.3199462891
2000-10-05,1436.2800292969
2000-10-06,1408.9899902344
2000-10-09,1402.0300292969
2000-10-10,1387.0200195312
2000-10-11,1364.5899658203
2000-10-12,1329.7800292969
2000-10-13,1374.1700439453
2000-10-16,1374.6199951172
2000-10-17,1349.9699707031
2000-10-18,1342.1300048828
2000-10-19,1388.7600097656
2000-10-20,1396.9300537109
2000-10-23,1395.7800292969
2000-10-24,1398.1300048828
2000-10-25,1364.9000244141
2000-10-26,1364.4399414062
2000-10-27,1379.5799560547
2000-10-30,1398.6600341797
2000-10-31,1429.4000244141
2000-11-01,1421.2199707031
2000-11-02,1428.3199462891
2000-11-03,1426.6899414062
2000-11-06,1432.1899414062
2000-11-07,1431.8699951172
2000-11-08,1409.2800292969
2000-11-09,1400.1400146484
2000-11-10,1365.9799804688
2000-11-13,1351.2600097656
2000-11-14,1382.9499511719
2000-11-15,1389.8100585938
2000-11-16,1372.3199462891
2000-11-17,1367.7199707031
2000-11-20,1342.6199951172
2000-11-21,1347.3499755859
2000-11-22,1322.3599853516
2000-11-24,1341.7700195312
2000-11-27,1348.9699707031
2000-11-28,1336.0899658203
2000-11-29,1341.9300537109
2000-11-30,1314.9499511719
2000-12-01,1315.2299804688
2000-12-04,1324.9699707031
2000-12-05,1376.5400390625
2000-12-06,1351.4599609375
2000-12-07,1343.5500488281
2000-12-08,1369.8900146484
2000-12-11,1380.1999511719
2000-12-12,1371.1800537109
2000-12-13,1359.9899902344
2000-12-14,1340.9300537109
2000-12-15,1312.1500244141
2000-12-18,1322.7399902344
2000-12-19,1305.5999755859
2000-12-20,1264.7399902344
2000-12-21,1274.8599853516
2000-12-22,1305.9499511719
2000-12-26,1315.1899414062
2000-12-27,1328.9200439453
2000-12-28,1334.2199707031
2000-12-29,1320.2800292969
2001-01-02,1283.2700195312
2001-01-03,1347.5600585938
2001-01-04,1333.3399658203
2001-01-05,1298.3499755859
2001-01-08,1295.8599853516
2001-01-09,1300.8000488281
2001-01-10,1313.2700195312
2001-01-11,1326.8199462891
2001-01-12,1318.5500488281
2001-01-16,1326.6500244141
2001-01-17,1329.4699707031
2001-01-18,1347.9699707031
2001-01-19,1342.5400390625
2001-01-22,1342.9000244141
2001-01-23,1360.4000244141
2001-01-24,1364.3000488281
2001-01-25,1357.5100097656
2001-01-26,1354.9499511719
2001-01-29,1364.1700439453
2001-01-30,1373.7299804688
2001-01-31,1366.0100097656
2001-02-01,1373.4699707031
2001-02-02,1349.4699707031
2001-02-05,1354.3100585938
2001-02-06,1352.2600097656
2001-02-07,1340.8900146484
2001-02-08,1332.5300292969
2001-02-09,1314.7600097656
2001-02-12,1330.3100585938
2001-02-13,1318.8000488281
2001-02-14,1315.9200439453
2001-02-15,1326.6099853516
2001-02-16,1301.5300292969
2001-02-20,1278.9399414062
2001-02-21,1255.2700195312
2001-02-22,1252.8199462891
2001-02-23,1245.8599853516
2001-02-26,1267.6500244141
2001-02-27,1257.9399414062
2001-02-28,1239.9399414062
2001-03-01,1241.2299804688
2001-03-02,1234.1800537109
2001-03-05,1241.4100341797
2001-03-06,1253.8000488281
2001-03-07,1261.8900146484
2001-03-08,1264.7399902344
2001-03-09,1233.4200439453
2001-03-12,1180.1600341797
2001-03-13,1197.6600341797
2001-03-14,1166.7099609375
2001-03-15,1173.5600585938
2001-03-16,1150.5300292969
2001-03-19,1170.8100585938
2001-03-20,1142.6199951172
2001-03-21,1122.1400146484
2001-03-22,1117.5799560547
2001-03-23,1139.8299560547
2001-03-26,1152.6899414062
2001-03-27,1182.1700439453
2001-03-28,1153.2900390625
2001-03-29,1147.9499511719
2001-03-30,1160.3299560547
2001-04-02,1145.8699951172
2001-04-03,1106.4599609375
2001-04-04,1103.2500000000
2001-04-05,1151.4399414062
2001-04-06,1128.4300537109
2001-04-09,1137.5899658203
2001-04-10,1168.3800048828
2001-04-11,1165.8900146484
2001-04-12,1183.5000000000
2001-04-16,1179.6800537109
2001-04-17,1191.8100585938
2001-04-18,1238.1600341797
2001-04-19,1253.6899414062
2001-04-20,1242.9799804688
2001-04-23,1224.3599853516
2001-04-24,1209.4699707031
2001-04-25,1228.7500000000
2001-04-26,1234.5200195312
2001-04-27,1253.0500488281
2001-04-30,1249.4599609375
2001-05-01,1266.4399414062
2001-05-02,1267.4300537109
2001-05-03,1248.5799560547
2001-05-04,1266.6099853516
2001-05-07,1263.5100097656
2001-05-08,1261.1999511719
2001-05-09,1255.5400390625
2001-05-10,1255.1800537109
2001-05-11,1245.6700439453
2001-05-14,1248.9200439453
2001-05-15,1249.4399414062
2001-05-16,1284.9899902344
2001-05-17,1288.4899902344
2001-05-18,1291.9599609375
2001-05-21,1312.8299560547
2001-05-22,1309.3800048828
2001-05-23,1289.0500488281
2001-05-24,1293.1700439453
2001-05-25,1277.8900146484
2001-05-29,1267.9300537109
2001-05-30,1248.0799560547
2001-05-31,1255.8199462891
2001-06-01,1260.6700439453
2001-06-04,1267.1099853516
2001-06-05,1283.5699462891
2001-06-06,1270.0300292969
2001-06-07,1276.9599609375
2001-06-08,1264.9599609375
2001-06-11,1254.3900146484
2001-06-12,1255.8499755859
2001-06-13,1241.5999755859
2001-06-14,1219.8699951172
2001-06-15,1214.3599853516
2001-06-18,1208.4300537109
2001-06-19,1212.5799560547
2001-06-20,1223.1400146484
2001-06-21,1237.0400390625
2001-06-22,1225.3499755859
2001-06-25,1218.5999755859
2001-06-26,1216.7600097656
2001-06-27,1211.0699462891
2001-06-28,1226.1999511719
2001-06-29,1224.3800048828
2001-07-02,1236.7199707031
2001-07-03,1234.4499511719
2001-07-05,1219.2399902344
2001-07-06,1190.5899658203
2001-07-09,1198.7800292969
2001-07-10,1181.5200195312
2001-07-11,1180.1800537109
2001-07-12,1208.1400146484
2001-07-13,1215.6800537109
2001-07-16,1202.4499511719
2001-07-17,1214.4399414062
2001-07-18,1207.7099609375
2001-07-19,1215.0200195312
2001-07-20,1210.8499755859
2001-07-23,1191.0300292969
2001-07-24,1171.6500244141
2001-07-25,1190.4899902344
2001-07-26,1202.9300537109
2001-07-27,1205.8199462891
2001-07-30,1204.5200195312
2001-07-31,1211.2299804688
2001-08-01,1215.9300537109
2001-08-02,1220.7500000000
2001-08-03,1214.3499755859
2001-08-06,1200.4799804688
2001-08-07,1204.4000244141
2001-08-08,1183.5300292969
2001-08-09,1183.4300537109
2001-08-10,1190.1600341797
2001-08-13,1191.2900390625
2001-08-14,1186.7299804688
2001-08-15,1178.0200195312
2001-08-16,1181.6600341797
2001-08-17,1161.9699707031
2001-08-20,1171.4100341797
2001-08-21,1157.2600097656
2001-08-22,1165.3100585938
2001-08-23,1162.0899658203
2001-08-24,1184.9300537109
2001-08-27,1179.2099609375
2001-08-28,1161.5100097656
2001-08-29,1148.5600585938
2001-08-30,1129.0300292969
2001-08-31,1133.5799560547
2001-09-04,1132.9399414062
2001-09-05,1131.7399902344
2001-09-06,1106.4000244141
2001-09-07,1085.7800292969
2001-09-10,1092.5400390625
2001-09-17,1038.7700195312
2001-09-18,1032.7399902344
2001-09-19,1016.0999755859
2001-09-20,984.5399780273
2001-09-21,965.7999877930
2001-09-24,1003.4500122070
2001-09-25,1012.2700195312
2001-09-26,1007.0399780273
2001-09-27,1018.6099853516
2001-09-28,1040.9399414062
2001-10-01,1038.5500488281
2001-10-02,1051.3299560547
2001-10-03,1072.2800292969
2001-10-04,1069.6300048828
2001-10-05,1071.3800048828
2001-10-08,1062.4399414062
2001-10-09,1056.7500000000
2001-10-10,1080.9899902344
2001-10-11,1097.4300537109
2001-10-12,1091.6500244141
2001-10-15,1089.9799804688
2001-10-16,1097.5400390625
2001-10-17,1077.0899658203
2001-10-18,1068.6099853516
2001-10-19,1073.4799804688
2001-10-22,1089.9000244141
2001-10-23,1084.7800292969
2001-10-24,1085.1999511719
2001-10-25,1100.0899658203
2001-10-26,1104.6099853516
2001-10-29,1078.3000488281
2001-10-30,1059.7900390625
2001-10-31,1059.7800292969
2001-11-01,1084.0999755859
2001-11-02,1087.1999511719
2001-11-05,1102.8399658203
2001-11-06,1118.8599853516
2001-11-07,1115.8000488281
2001-11-08,1118.5400390625
2001-11-09,1120.3100585938
2001-11-12,1118.3299560547
2001-11-13,1139.0899658203
2001-11-14,1141.2099609375
2001-11-15,1142.2399902344
2001-11-16,1138.6500244141
2001-11-19,1151.0600585938
2001-11-20,1142.6600341797
2001-11-21,1137.0300292969
2001-11-23,1150.3399658203
2001-11-26,1157.4200439453
2001-11-27,1149.5000000000
2001-11-28,1128.5200195312
2001-11-29,1140.1999511719
2001-11-30,1139.4499511719
2001-12-03,1129.9000244141
2001-12-04,1144.8000488281
2001-12-05,1170.3499755859
2001-12-06,1167.0999755859
2001-12-07,1158.3100585938
2001-12-10,1139.9300537109
2001-12-11,1136.7600097656
2001-12-12,1137.0699462891
2001-12-13,1119.3800048828
2001-12-14,1123.0899658203
2001-12-17,1134.3599853516
2001-12-18,1142.9200439453
2001-12-19,1149.5600585938
2001-12-20,1139.9300537109
2001-12-21,1144.8900146484
2001-12-24,1144.6500244141
2001-12-26,1149.3699951172
2001-12-27,1157.1300048828
2001-12-28,1161.0200195312
2001-12-31,1148.0799560547
2002-01-02,1154.6700439453
2002-01-03,1165.2700195312
2002-01-04,1172.5100097656
2002-01-07,1164.8900146484
2002-01-08,1160.7099609375
2002-01-09,1155.1400146484
2002-01-10,1156.5500488281
2002-01-11,1145.5999755859
2002-01-14,1138.4100341797
2002-01-15,1146.1899414062
2002-01-16,1127.5699462891
2002-01-17,1138.8800048828
2002-01-18,1127.5799560547
2002-01-22,1119.3100585938
2002-01-23,1128.1800537109
2002-01-24,1132.1500244141
2002-01-25,1133.2800292969
2002-01-28,1133.0600585938
2002-01-29,1100.6400146484
2002-01-30,1113.5699462891
2002-01-31,1130.1999511719
2002-02-01,1122.1999511719
2002-02-04,1094.4399414062
2002-02-05,1090.0200195312
2002-02-06,1083.5100097656
2002-02-07,1080.1700439453
2002-02-08,1096.2199707031
2002-02-11,1111.9399414062
2002-02-12,1107.5000000000
2002-02-13,1118.5100097656
2002-02-14,1116.4799804688
2002-02-15,1104.1800537109
2002-02-19,1083.3399658203
2002-02-20,1097.9799804688
2002-02-21,1080.9499511719
2002-02-22,1089.8399658203
2002-02-25,1109.4300537109
2002-02-26,1109.3800048828
2002-02-27,1109.8900146484
2002-02-28,1106.7299804688
2002-03-01,1131.7800292969
2002-03-04,1153.8399658203
2002-03-05,1146.1400146484
2002-03-06,1162.7700195312
2002-03-07,1157.5400390625
2002-03-08,1164.3100585938
2002-03-11,1168.2600097656
2002-03-12,1165.5799560547
2002-03-13,1154.0899658203
2002-03-14,1153.0400390625
2002-03-15,1166.1600341797
2002-03-18,1165.5500488281
2002-03-19,1170.2900390625
2002-03-20,1151.8499755859
2002-03-21,1153.5899658203
2002-03-22,1148.6999511719
2002-03-25,1131.8699951172
2002-03-26,1138.4899902344
2002-03-27,1144.5799560547
2002-03-28,1147.3900146484
2002-04-01,1146.5400390625
2002-04-02,1136.7600097656
2002-04-03,1125.4000244141
2002-04-04,1126.3399658203
2002-04-05,1122.7299804688
2002-04-08,1125.2900390625
2002-04-09,1117.8000488281
2002-04-10,1130.4699707031
2002-04-11,1103.6899414062
2002-04-12,1111.0100097656
2002-04-15,1102.5500488281
2002-04-16,1128.3699951172
2002-04-17,1126.0699462891
2002-04-18,1124.4699707031
2002-04-19,1125.1700439453
2002-04-22,1107.8299560547
2002-04-23,1100.9599609375
2002-04-24,1093.1400146484
2002-04-25,1091.4799804688
2002-04-26,1076.3199462891
2002-04-29,1065.4499511719
2002-04-30,1076.9200439453
2002-05-01,1086.4599609375
2002-05-02,1084.5600585938
2002-05-03,1073.4300537109
2002-05-06,1052.6700439453
2002-05-07,1049.4899902344
2002-05-08,1088.8499755859
2002-05-09,1073.0100097656
2002-05-10,1054.9899902344
2002-05-13,1074.5600585938
2002-05-14,1097.2800292969
2002-05-15,1091.0699462891
2002-05-16,1098.2299804688
2002-05-17,1106.5899658203
2002-05-20,1091.8800048828
2002-05-21,1079.8800048828
2002-05-22,1086.0200195312
2002-05-23,1097.0799560547
2002-05-24,1083.8199462891
2002-05-28,1074.5500488281
2002-05-29,1067.6600341797
2002-05-30,1064.6600341797
2002-05-31,1067.1400146484
2002-06-03,1040.6800537109
2002-06-04,1040.6899414062
2002-06-05,1049.9000244141
2002-06-06,1029.1500244141
2002-06-07,1027.5300292969
2002-06-10,1030.7399902344
2002-06-11,1013.5999755859
2002-06-12,1020.2600097656
2002-06-13,1009.5599975586
2002-06-14,1007.2700195312
2002-06-17,1036.1700439453
2002-06-18,1037.1400146484
2002-06-19,1019.9899902344
2002-06-20,1006.2899780273
2002-06-21,989.1400146484
2002-06-24,992.7199707031
2002-06-25,976.1400146484
2002-06-26,973.5300292969
2002-06-27,990.6400146484
2002-06-28,989.8200073242
2002-07-01,968.6500244141
2002-07-02,948.0900268555
2002-07-03,953.9899902344
2002-07-05,989.0300292969
2002-07-08,976.9799804688
2002-07-09,952.8300170898
2002-07-10,920.4699707031
2002-07-11,927.3699951172
2002-07-12,921.3900146484
2002-07-15,917.9299926758
2002-07-16,900.9400024414
2002-07-17,906.0399780273
2002-07-18,881.5599975586
2002-07-19,847.7500000000
2002-07-22,819.8499755859
2002-07-23,797.7000122070
2002-07-24,843.4299926758
2002-07-25,838.6799926758
2002-07-26,852.8400268555
2002-07-29,898.9600219727
2002-07-30,902.7800292969
2002-07-31,911.6199951172
2002-08-01,884.6599731445
2002-08-02,864.2399902344
2002-08-05,834.5999755859
2002-08-06,859.5700073242
2002-08-07,876.7700195312
2002-08-08,905.4600219727
2002-08-09,908.6400146484
2002-08-12,903.7999877930
2002-08-13,884.2100219727
2002-08-14,919.6199951172
2002-08-15,930.2500000000
2002-08-16,928.7700195312
2002-08-19,950.7000122070
2002-08-20,937.4299926758
2002-08-21,949.3599853516
2002-08-22,962.7000122070
2002-08-23,940.8599853516
2002-08-26,947.9500122070
2002-08-27,934.8200073242
2002-08-28,917.8699951172
2002-08-29,917.7999877930
2002-08-30,916.0700073242
2002-09-03,878.0200195312
2002-09-04,893.4000244141
2002-09-05,879.1500244141
2002-09-06,893.9199829102
2002-09-09,902.9600219727
2002-09-10,909.5800170898
2002-09-11,909.4500122070
2002-09-12,886.9099731445
2002-09-13,889.8099975586
2002-09-16,891.0999755859
2002-09-17,873.5200195312
2002-09-18,869.4600219727
2002-09-19,843.3200073242
2002-09-20,845.3900146484
2002-09-23,833.7000122070
2002-09-24,819.2899780273
2002-09-25,839.6599731445
2002-09-26,854.9500122070
2002-09-27,827.3699951172
2002-09-30,815.2800292969
2002-10-01,847.9099731445
2002-10-02,827.9099731445
2002-10-03,818.9500122070
2002-10-04,800.5800170898
2002-10-07,785.2800292969
2002-10-08,798.5499877930
2002-10-09,776.7600097656
2002-10-10,803.9199829102
2002-10-11,835.3200073242
2002-10-14,841.4400024414
2002-10-15,881.2700195312
2002-10-16,860.0200195312
2002-10-17,879.2000122070
2002-10-18,884.3900146484
2002-10-21,899.7199707031
2002-10-22,890.1599731445
2002-10-23,896.1400146484
2002-10-24,882.5000000000
2002-10-25,897.6500244141
2002-10-28,890.2299804688
2002-10-29,882.1500244141
2002-10-30,890.7100219727
2002-10-31,885.7600097656
2002-11-01,900.9600219727
2002-11-04,908.3499755859
2002-11-05,915.3900146484
2002-11-06,923.7600097656
2002-11-07,902.6500244141
2002-11-08,894.7399902344
2002-11-11,876.1900024414
2002-11-12,882.9500122070
2002-11-13,882.5300292969
2002-11-14,904.2700195312
2002-11-15,909.8300170898
2002-11-18,900.3599853516
2002-11-19,896.7399902344
2002-11-20,914.1500244141
2002-11-21,933.7600097656
2002-11-22,930.5499877930
2002-11-25,932.8699951172
2002-11-26,913.3099975586
2002-11-27,938.8699951172
2002-11-29,936.3099975586
2002-12-02,934.5300292969
2002-12-03,920.7500000000
2002-12-04,917.5800170898
2002-12-05,906.5499877930
2002-12-06,912.2299804688
2002-12-09,892.0000000000
2002-12-10,904.4500122070
2002-12-11,904.9600219727
2002-12-12,901.5800170898
2002-12-13,889.4799804688
2002-12-16,910.4000244141
2002-12-17,902.9899902344
2002-12-18,891.1199951172
2002-12-19,884.2500000000
2002-12-20,895.7600097656
2002-12-23,897.3800048828
2002-12-24,892.4699707031
2002-12-26,889.6599731445
2002-12-27,875.4000244141
2002-12-30,879.3900146484
2002-12-31,879.8200073242
2003-01-02,909.0300292969
2003-01-03,908.5900268555
2003-01-06,929.0100097656
2003-01-07,922.9299926758
2003-01-08,909.9299926758
2003-01-09,927.5700073242
2003-01-10,927.5700073242
2003-01-13,926.2600097656
2003-01-14,931.6599731445
2003-01-15,918.2199707031
2003-01-16,914.5999755859
2003-01-17,901.7800292969
2003-01-21,887.6199951172
2003-01-22,878.3599853516
2003-01-23,887.3400268555
2003-01-24,861.4000244141
2003-01-27,847.4799804688
2003-01-28,858.5399780273
2003-01-29,864.3599853516
2003-01-30,844.6099853516
2003-01-31,855.7000122070
2003-02-03,860.3200073242
2003-02-04,848.2000122070
2003-02-05,843.5900268555
2003-02-06,838.1500244141
2003-02-07,829.6900024414
2003-02-10,835.9699707031
2003-02-11,829.2000122070
2003-02-12,818.6799926758
2003-02-13,817.3699951172
2003-02-14,834.8900146484
2003-02-18,851.1699829102
2003-02-19,845.1300048828
2003-02-20,837.0999755859
2003-02-21,848.1699829102
2003-02-24,832.5800170898
2003-02-25,838.5700073242
2003-02-26,827.5499877930
2003-02-27,837.2800292969
2003-02-28,841.1500244141
2003-03-03,834.8099975586
2003-03-04,821.9899902344
2003-03-05,829.8499755859
2003-03-06,822.0999755859
2003-03-07,828.8900146484
2003-03-10,807.4799804688
2003-03-11,800.7299804688
2003-03-12,804.1900024414
2003-03-13,831.9000244141
2003-03-14,833.2700195312
2003-03-17,862.7899780273
2003-03-18,866.4500122070
2003-03-19,874.0200195312
2003-03-20,875.6699829102
2003-03-21,895.7899780273
2003-03-24,864.2299804688
2003-03-25,874.7399902344
2003-03-26,869.9500122070
2003-03-27,868.5200195312
2003-03-28,863.5000000000
2003-03-31,848.1799926758
2003-04-01,858.4799804688
2003-04-02,880.9000244141
2003-04-03,876.4500122070
2003-04-04,878.8499755859
2003-04-07,879.9299926758
2003-04-08,878.2899780273
2003-04-09,865.9899902344
2003-04-10,871.5800170898
2003-04-11,868.2999877930
2003-04-14,885.2299804688
2003-04-15,890.8099975586
2003-04-16,879.9099731445
2003-04-17,893.5800170898
2003-04-21,892.0100097656
2003-04-22,911.3699951172
2003-04-23,919.0200195312
2003-04-24,911.4299926758
2003-04-25,898.8099975586
2003-04-28,914.8400268555
2003-04-29,917.8400268555
2003-04-30,916.9199829102
2003-05-01,916.2999877930
2003-05-02,930.0800170898
2003-05-05,926.5499877930
2003-05-06,934.3900146484
2003-05-07,929.6199951172
2003-05-08,920.2700195312
2003-05-09,933.4099731445
2003-05-12,945.1099853516
2003-05-13,942.2999877930
2003-05-14,939.2800292969
2003-05-15,946.6699829102
2003-05-16,944.2999877930
2003-05-19,920.7700195312
2003-05-20,919.7299804688
2003-05-21,923.4199829102
2003-05-22,931.8699951172
2003-05-23,933.2199707031
2003-05-27,951.4799804688
2003-05-28,953.2199707031
2003-05-29,949.6400146484
2003-05-30,963.5900268555
2003-06-02,967.0000000000
2003-06-03,971.5599975586
2003-06-04,986.2399902344
2003-06-05,990.1400146484
2003-06-06,987.7600097656
2003-06-09,975.9299926758
2003-06-10,984.8400268555
2003-06-11,997.4799804688
2003-06-12,998.5100097656
2003-06-13,988.6099853516
2003-06-16,1010.7399902344
2003-06-17,1011.6599731445
2003-06-18,1010.0900268555
2003-06-19,994.7000122070
2003-06-20,995.6900024414
2003-06-23,981.6400146484
2003-06-24,983.4500122070
2003-06-25,975.3200073242
2003-06-26,985.8200073242
2003-06-27,976.2199707031
2003-06-30,974.5000000000
2003-07-01,982.3200073242
2003-07-02,993.7500000000
2003-07-03,985.7000122070
2003-07-07,1004.4199829102
2003-07-08,1007.8400268555
2003-07-09,1002.2100219727
2003-07-10,988.7000122070
2003-07-11,998.1400146484
2003-07-14,1003.8599853516
2003-07-15,1000.4199829102
2003-07-16,994.0900268555
2003-07-17,981.7299804688
2003-07-18,993.3200073242
2003-07-21,978.7999877930
2003-07-22,988.1099853516
2003-07-23,988.6099853516
2003-07-24,981.5999755859
2003-07-25,998.6799926758
2003-07-28,996.5200195312
2003-07-29,989.2800292969
2003-07-30,987.4899902344
2003-07-31,990.3099975586
2003-08-01,980.1500244141
2003-08-04,982.8200073242
2003-08-05,965.4600219727
2003-08-06,967.0800170898
2003-08-07,974.1199951172
2003-08-08,977.5900268555
2003-08-11,980.5900268555
2003-08-12,990.3499755859
2003-08-13,984.0300292969
2003-08-14,990.5100097656
2003-08-15,990.6699829102
2003-08-18,999.7399902344
2003-08-19,1002.3499755859
2003-08-20,1000.2999877930
2003-08-21,1003.2700195312
2003-08-22,993.0599975586
2003-08-25,993.7100219727
2003-08-26,996.7299804688
2003-08-27,996.7899780273
2003-08-28,1002.8400268555
2003-08-29,1008.0100097656
2003-09-02,1021.9899902344
2003-09-03,1026.2700195312
2003-09-04,1027.9699707031
2003-09-05,1021.3900146484
2003-09-08,1031.6400146484
2003-09-09,1023.1699829102
2003-09-10,1010.9199829102
2003-09-11,1016.4199829102
2003-09-12,1018.6300048828
2003-09-15,1014.8099975586
2003-09-16,1029.3199462891
2003-09-17,1025.9699707031
2003-09-18,1039.5799560547
2003-09-19,1036.3000488281
2003-09-22,1022.8200073242
2003-09-23,1029.0300292969
2003-09-24,1009.3800048828
2003-09-25,1003.2700195312
2003-09-26,996.8499755859
2003-09-29,1006.5800170898
2003-09-30,995.9699707031
2003-10-01,1018.2199707031
2003-10-02,1020.2399902344
2003-10-03,1029.8499755859
2003-10-06,1034.3499755859
2003-10-07,1039.2500000000
2003-10-08,1033.7800292969
2003-10-09,1038.7299804688
2003-10-10,1038.0600585938
2003-10-13,1045.3499755859
2003-10-14,1049.4799804688
2003-10-15,1046.7600097656
2003-10-16,1050.0699462891
2003-10-17,1039.3199462891
2003-10-20,1044.6800537109
2003-10-21,1046.0300292969
2003-10-22,1030.3599853516
2003-10-23,1033.7700195312
2003-10-24,1028.9100341797
2003-10-27,1031.1300048828
2003-10-28,1046.7900390625
2003-10-29,1048.1099853516
2003-10-30,1046.9399414062
2003-10-31,1050.7099609375
2003-11-03,1059.0200195312
2003-11-04,1053.2500000000
2003-11-05,1051.8100585938
2003-11-06,1058.0500488281
2003-11-07,1053.2099609375
2003-11-10,1047.1099853516
2003-11-11,1046.5699462891
2003-11-12,1058.5300292969
2003-11-13,1058.4100341797
2003-11-14,1050.3499755859
2003-11-17,1043.6300048828
2003-11-18,1034.1500244141
2003-11-19,1042.4399414062
2003-11-20,1033.6500244141
2003-11-21,1035.2800292969
2003-11-24,1052.0799560547
2003-11-25,1053.8900146484
2003-11-26,1058.4499511719
2003-11-28,1058.1999511719
2003-12-01,1070.1199951172
2003-12-02,1066.6199951172
2003-12-03,1064.7299804688
2003-12-04,1069.7199707031
2003-12-05,1061.5000000000
2003-12-08,1069.3000488281
2003-12-09,1060.1800537109
2003-12-10,1059.0500488281
2003-12-11,1071.2099609375
2003-12-12,1074.1400146484
2003-12-15,1068.0400390625
2003-12-16,1075.1300048828
2003-12-17,1076.4799804688
2003-12-18,1089.1800537109
2003-12-19,1088.6600341797
2003-12-22,1092.9399414062
2003-12-23,1096.0200195312
2003-12-24,1094.0400390625
2003-12-26,1095.8900146484
2003-12-29,1109.4799804688
2003-12-30,1109.6400146484
2003-12-31,1111.9200439453
2004-01-02,1108.4799804688
2004-01-05,1122.2199707031
2004-01-06,1123.6700439453
2004-01-07,1126.3299560547
2004-01-08,1131.9200439453
2004-01-09,1121.8599853516
2004-01-12,1127.2299804688
2004-01-13,1121.2199707031
2004-01-14,1130.5200195312
2004-01-15,1132.0500488281
2004-01-16,1139.8299560547
2004-01-20,1138.7700195312
2004-01-21,1147.6199951172
2004-01-22,1143.9399414062
2004-01-23,1141.5500488281
2004-01-26,1155.3699951172
2004-01-27,1144.0500488281
2004-01-28,1128.4799804688
2004-01-29,1134.1099853516
2004-01-30,1131.1300048828
2004-02-02,1135.2600097656
2004-02-03,1136.0300292969
2004-02-04,1126.5200195312
2004-02-05,1128.5899658203
2004-02-06,1142.7600097656
2004-02-09,1139.8100585938
2004-02-10,1145.5400390625
2004-02-11,1157.7600097656
2004-02-12,1152.1099853516
2004-02-13,1145.8100585938
2004-02-17,1156.9899902344
2004-02-18,1151.8199462891
2004-02-19,1147.0600585938
2004-02-20,1144.1099853516
2004-02-23,1140.9899902344
2004-02-24,1139.0899658203
2004-02-25,1143.6700439453
2004-02-26,1144.9100341797
2004-02-27,1144.9399414062
2004-03-01,1155.9699707031
2004-03-02,1149.0999755859
2004-03-03,1151.0300292969
2004-03-04,1154.8699951172
2004-03-05,1156.8599853516
2004-03-08,1147.1999511719
2004-03-09,1140.5799560547
2004-03-10,1123.8900146484
2004-03-11,1106.7800292969
2004-03-12,1120.5699462891
2004-03-15,1104.4899902344
2004-03-16,1110.6999511719
2004-03-17,1123.7500000000
2004-03-18,1122.3199462891
2004-03-19,1109.7800292969
2004-03-22,1095.4000244141
2004-03-23,1093.9499511719
2004-03-24,1091.3299560547
2004-03-25,1109.1899414062
2004-03-26,1108.0600585938
2004-03-29,1122.4699707031
2004-03-30,1127.0000000000
2004-03-31,1126.2099609375
2004-04-01,1132.1700439453
2004-04-02,1141.8100585938
2004-04-05,1150.5699462891
2004-04-06,1148.1600341797
2004-04-07,1140.5300292969
2004-04-08,1139.3199462891
2004-04-12,1145.1999511719
2004-04-13,1129.4399414062
2004-04-14,1128.1700439453
2004-04-15,1128.8399658203
2004-04-16,1134.6099853516
2004-04-19,1135.8199462891
2004-04-20,1118.1500244141
2004-04-21,1124.0899658203
2004-04-22,1139.9300537109
2004-04-23,1140.5999755859
2004-04-26,1135.5300292969
2004-04-27,1138.1099853516
2004-04-28,1122.4100341797
2004-04-29,1113.8900146484
2004-04-30,1107.3000488281
2004-05-03,1117.4899902344
2004-05-04,1119.5500488281
2004-05-05,1121.5300292969
2004-05-06,1113.9899902344
2004-05-07,1098.6999511719
2004-05-10,1087.1199951172
2004-05-11,1095.4499511719
2004-05-12,1097.2800292969
2004-05-13,1096.4399414062
2004-05-14,1095.6999511719
2004-05-17,1084.0999755859
2004-05-18,1091.4899902344
2004-05-19,1088.6800537109
2004-05-20,1089.1899414062
2004-05-21,1093.5600585938
2004-05-24,1095.4100341797
2004-05-25,1113.0500488281
2004-05-26,1114.9399414062
2004-05-27,1121.2800292969
2004-05-28,1120.6800537109
2004-06-01,1121.1999511719
2004-06-02,1124.9899902344
2004-06-03,1116.6400146484
2004-06-04,1122.5000000000
2004-06-07,1140.4200439453
2004-06-08,1142.1800537109
2004-06-09,1131.3299560547
2004-06-10,1136.4699707031
2004-06-14,1125.2900390625
2004-06-15,1132.0100097656
2004-06-16,1133.5600585938
2004-06-17,1132.0500488281
2004-06-18,1135.0200195312
2004-06-21,1130.3000488281
2004-06-22,1134.4100341797
2004-06-23,1144.0600585938
2004-06-24,1140.6500244141
2004-06-25,1134.4300537109
2004-06-28,1133.3499755859
2004-06-29,1136.1999511719
2004-06-30,1140.8399658203
2004-07-01,1128.9399414062
2004-07-02,1125.3800048828
2004-07-06,1116.2099609375
2004-07-07,1118.3299560547
2004-07-08,1109.1099853516
2004-07-09,1112.8100585938
2004-07-12,1114.3499755859
2004-07-13,1115.1400146484
2004-07-14,1111.4699707031
2004-07-15,1106.6899414062
2004-07-16,1101.3900146484
2004-07-19,1100.9000244141
2004-07-20,1108.6700439453
2004-07-21,1093.8800048828
2004-07-22,1096.8399658203
2004-07-23,1086.1999511719
2004-07-26,1084.0699462891
2004-07-27,1094.8299560547
2004-07-28,1095.4200439453
2004-07-29,1100.4300537109
2004-07-30,1101.7199707031
2004-08-02,1106.6199951172
2004-08-03,1099.6899414062
2004-08-04,1098.6300048828
2004-08-05,1080.6999511719
2004-08-06,1063.9699707031
2004-08-09,1065.2199707031
2004-08-10,1079.0400390625
2004-08-11,1075.7900390625
2004-08-12,1063.2299804688
2004-08-13,1064.8000488281
2004-08-16,1079.3399658203
2004-08-17,1081.7099609375
2004-08-18,1095.1700439453
2004-08-19,1091.2299804688
2004-08-20,1098.3499755859
2004-08-23,1095.6800537109
2004-08-24,1096.1899414062
2004-08-25,1104.9599609375
2004-08-26,1105.0899658203
2004-08-27,1107.7700195312
2004-08-30,1099.1500244141
2004-08-31,1104.2399902344
2004-09-01,1105.9100341797
2004-09-02,1118.3100585938
2004-09-03,1113.6300048828
2004-09-07,1121.3000488281
2004-09-08,1116.2700195312
2004-09-09,1118.3800048828
2004-09-10,1123.9200439453
2004-09-13,1125.8199462891
2004-09-14,1128.3299560547
2004-09-15,1120.3699951172
2004-09-16,1123.5000000000
2004-09-17,1128.5500488281
2004-09-20,1122.1999511719
2004-09-21,1129.3000488281
2004-09-22,1113.5600585938
2004-09-23,1108.3599853516
2004-09-24,1110.1099853516
2004-09-27,1103.5200195312
2004-09-28,1110.0600585938
2004-09-29,1114.8000488281
2004-09-30,1114.5799560547
2004-10-01,1131.5000000000
2004-10-04,1135.1700439453
2004-10-05,1134.4799804688
2004-10-06,1142.0500488281
2004-10-07,1130.6500244141
2004-10-08,1122.1400146484
2004-10-11,1124.3900146484
2004-10-12,1121.8399658203
2004-10-13,1113.6500244141
2004-10-14,1103.2900390625
2004-10-15,1108.1999511719
2004-10-18,1114.0200195312
2004-10-19,1103.2299804688
2004-10-20,1103.6600341797
2004-10-21,1106.4899902344
2004-10-22,1095.7399902344
2004-10-25,1094.8000488281
2004-10-26,1111.0899658203
2004-10-27,1125.4000244141
2004-10-28,1127.4399414062
2004-10-29,1130.1999511719
2004-11-01,1130.5100097656
2004-11-02,1130.5600585938
2004-11-03,1143.1999511719
2004-11-04,1161.6700439453
2004-11-05,1166.1700439453
2004-11-08,1164.8900146484
2004-11-09,1164.0799560547
2004-11-10,1162.9100341797
2004-11-11,1173.4799804688
2004-11-12,1184.1700439453
2004-11-15,1183.8100585938
2004-11-16,1175.4300537109
2004-11-17,1181.9399414062
2004-11-18,1183.5500488281
2004-11-19,1170.3399658203
2004-11-22,1177.2399902344
2004-11-23,1176.9399414062
2004-11-24,1181.7600097656
2004-11-26,1182.6500244141
2004-11-29,1178.5699462891
2004-11-30,1173.8199462891
2004-12-01,1191.3699951172
2004-12-02,1190.3299560547
2004-12-03,1191.1700439453
2004-12-06,1190.2500000000
2004-12-07,1177.0699462891
2004-12-08,1182.8100585938
2004-12-09,1189.2399902344
2004-12-10,1188.0000000000
2004-12-13,1198.6800537109
2004-12-14,1203.3800048828
2004-12-15,1205.7199707031
2004-12-16,1203.2099609375
2004-12-17,1194.1999511719
2004-12-20,1194.6500244141
2004-12-21,1205.4499511719
2004-12-22,1209.5699462891
2004-12-23,1210.1300048828
2004-12-27,1204.9200439453
2004-12-28,1213.5400390625
2004-12-29,1213.4499511719
2004-12-30,1213.5500488281
2004-12-31,1211.9200439453
2005-01-03,1202.0799560547
2005-01-04,1188.0500488281
2005-01-05,1183.7399902344
2005-01-06,1187.8900146484
2005-01-07,1186.1899414062
2005-01-10,1190.2500000000
2005-01-11,1182.9899902344
2005-01-12,1187.6999511719
2005-01-13,1177.4499511719
2005-01-14,1184.5200195312
2005-01-18,1195.9799804688
2005-01-19,1184.6300048828
2005-01-20,1175.4100341797
2005-01-21,1167.8699951172
2005-01-24,1163.7500000000
2005-01-25,1168.4100341797
2005-01-26,1174.0699462891
2005-01-27,1174.5500488281
2005-01-28,1171.3599853516
2005-01-31,1181.2700195312
2005-02-01,1189.4100341797
2005-02-02,1193.1899414062
2005-02-03,1189.8900146484
2005-02-04,1203.0300292969
2005-02-07,1201.7199707031
2005-02-08,1202.3000488281
2005-02-09,1191.9899902344
2005-02-10,1197.0100097656
2005-02-11,1205.3000488281
2005-02-14,1206.1400146484
2005-02-15,1210.1199951172
2005-02-16,1210.3399658203
2005-02-17,1200.7500000000
2005-02-18,1201.5899658203
2005-02-22,1184.1600341797
2005-02-23,1190.8000488281
2005-02-24,1200.1999511719
2005-02-25,1211.3699951172
2005-02-28,1203.5999755859
2005-03-01,1210.4100341797
2005-03-02,1210.0799560547
2005-03-03,1210.4699707031
2005-03-04,1222.1199951172
2005-03-07,1225.3100585938
2005-03-08,1219.4300537109
2005-03-09,1207.0100097656
2005-03-10,1209.2500000000
2005-03-11,1200.0799560547
2005-03-14,1206.8299560547
2005-03-15,1197.7500000000
2005-03-16,1188.0699462891
2005-03-17,1190.2099609375
2005-03-18,1189.6500244141
2005-03-21,1183.7800292969
2005-03-22,1171.7099609375
2005-03-23,1172.5300292969
2005-03-24,1171.4200439453
2005-03-28,1174.2800292969
2005-03-29,1165.3599853516
2005-03-30,1181.4100341797
2005-03-31,1180.5899658203
2005-04-01,1172.9200439453
2005-04-04,1176.1199951172
2005-04-05,1181.3900146484
2005-04-06,1184.0699462891
2005-04-07,1191.1400146484
2005-04-08,1181.1999511719
2005-04-11,1181.2099609375
2005-04-12,1187.7600097656
2005-04-13,1173.7900390625
2005-04-14,1162.0500488281
2005-04-15,1142.6199951172
2005-04-18,1145.9799804688
2005-04-19,1152.7800292969
2005-04-20,1137.5000000000
2005-04-21,1159.9499511719
2005-04-22,1152.1199951172
2005-04-25,1162.0999755859
2005-04-26,1151.8299560547
2005-04-27,1156.3800048828
2005-04-28,1143.2199707031
2005-04-29,1156.8499755859
2005-05-02,1162.1600341797
2005-05-03,1161.1700439453
2005-05-04,1175.6500244141
2005-05-05,1172.6300048828
2005-05-06,1171.3499755859
2005-05-09,1178.8399658203
2005-05-10,1166.2199707031
2005-05-11,1171.1099853516
2005-05-12,1159.3599853516
2005-05-13,1154.0500488281
2005-05-16,1165.6899414062
2005-05-17,1173.8000488281
2005-05-18,1185.5600585938
2005-05-19,1191.0799560547
2005-05-20,1189.2800292969
2005-05-23,1193.8599853516
2005-05-24,1194.0699462891
2005-05-25,1190.0100097656
2005-05-26,1197.6199951172
2005-05-27,1198.7800292969
2005-05-31,1191.5000000000
2005-06-01,1202.2199707031
2005-06-02,1204.2900390625
2005-06-03,1196.0200195312
2005-06-06,1197.5100097656
2005-06-07,1197.2600097656
2005-06-08,1194.6700439453
2005-06-09,1200.9300537109
2005-06-10,1198.1099853516
2005-06-13,1200.8199462891
2005-06-14,1203.9100341797
2005-06-15,1206.5799560547
2005-06-16,1210.9599609375
2005-06-17,1216.9599609375
2005-06-20,1216.0999755859
2005-06-21,1213.6099853516
2005-06-22,1213.8800048828
2005-06-23,1200.7299804688
2005-06-24,1191.5699462891
2005-06-27,1190.6899414062
2005-06-28,1201.5699462891
2005-06-29,1199.8499755859
2005-06-30,1191.3299560547
2005-07-01,1194.4399414062
2005-07-05,1204.9899902344
2005-07-06,1194.9399414062
2005-07-07,1197.8699951172
2005-07-08,1211.8599853516
2005-07-11,1219.4399414062
2005-07-12,1222.2099609375
2005-07-13,1223.2900390625
2005-07-14,1226.5000000000
2005-07-15,1227.9200439453
2005-07-18,1221.1300048828
2005-07-19,1229.3499755859
2005-07-20,1235.1999511719
2005-07-21,1227.0400390625
2005-07-22,1233.6800537109
2005-07-25,1229.0300292969
2005-07-26,1231.1600341797
2005-07-27,1236.7900390625
2005-07-28,1243.7199707031
2005-07-29,1234.1800537109
2005-08-01,1235.3499755859
2005-08-02,1244.1199951172
2005-08-03,1245.0400390625
2005-08-04,1235.8599853516
2005-08-05,1226.4200439453
2005-08-08,1223.1300048828
2005-08-09,1231.3800048828
2005-08-10,1229.1300048828
2005-08-11,1237.8100585938
2005-08-12,1230.3900146484
2005-08-15,1233.8699951172
2005-08-16,1219.3399658203
2005-08-17,1220.2399902344
2005-08-18,1219.0200195312
2005-08-19,1219.7099609375
2005-08-22,1221.7299804688
2005-08-23,1217.5899658203
2005-08-24,1209.5899658203
2005-08-25,1212.3699951172
2005-08-26,1205.0999755859
2005-08-29,1212.2800292969
2005-08-30,1208.4100341797
2005-08-31,1220.3299560547
2005-09-01,1221.5899658203
2005-09-02,1218.0200195312
2005-09-06,1233.3900146484
2005-09-07,1236.3599853516
2005-09-08,1231.6700439453
2005-09-09,1241.4799804688
2005-09-12,1240.5600585938
2005-09-13,1231.1999511719
2005-09-14,1227.1600341797
2005-09-15,1227.7299804688
2005-09-16,1237.9100341797
2005-09-19,1231.0200195312
2005-09-20,1221.3399658203
2005-09-21,1210.1999511719
2005-09-22,1214.6199951172
2005-09-23,1215.2900390625
2005-09-26,1215.6300048828
2005-09-27,1215.6600341797
2005-09-28,1216.8900146484
2005-09-29,1227.6800537109
2005-09-30,1228.8100585938
2005-10-03,1226.6999511719
2005-10-04,1214.4699707031
2005-10-05,1196.3900146484
2005-10-06,1191.4899902344
2005-10-07,1195.9000244141
2005-10-10,1187.3299560547
2005-10-11,1184.8699951172
2005-10-12,1177.6800537109
2005-10-13,1176.8399658203
2005-10-14,1186.5699462891
2005-10-17,1190.0999755859
2005-10-18,1178.1400146484
2005-10-19,1195.7600097656
2005-10-20,1177.8000488281
2005-10-21,1179.5899658203
2005-10-24,1199.3800048828
2005-10-25,1196.5400390625
2005-10-26,1191.3800048828
2005-10-27,1178.9000244141
2005-10-28,1198.4100341797
2005-10-31,1207.0100097656
2005-11-01,1202.7600097656
2005-11-02,1214.7600097656
2005-11-03,1219.9399414062
2005-11-04,1220.1400146484
2005-11-07,1222.8100585938
2005-11-08,1218.5899658203
2005-11-09,1220.6500244141
2005-11-10,1230.9599609375
2005-11-11,1234.7199707031
2005-11-14,1233.7600097656
2005-11-15,1229.0100097656
2005-11-16,1231.2099609375
2005-11-17,1242.8000488281
2005-11-18,1248.2700195312
2005-11-21,1254.8499755859
2005-11-22,1261.2299804688
2005-11-23,1265.6099853516
2005-11-25,1268.2500000000
2005-11-28,1257.4599609375
2005-11-29,1257.4799804688
2005-11-30,1249.4799804688
2005-12-01,1264.6700439453
2005-12-02,1265.0799560547
2005-12-05,1262.0899658203
2005-12-06,1263.6999511719
2005-12-07,1257.3699951172
2005-12-08,1255.8399658203
2005-12-09,1259.3699951172
2005-12-12,1260.4300537109
2005-12-13,1267.4300537109
2005-12-14,1272.7399902344
2005-12-15,1270.9399414062
2005-12-16,1267.3199462891
2005-12-19,1259.9200439453
2005-12-20,1259.6199951172
2005-12-21,1262.7900390625
2005-12-22,1268.1199951172
2005-12-23,1268.6600341797
2005-12-27,1256.5400390625
2005-12-28,1258.1700439453
2005-12-29,1254.4200439453
2005-12-30,1248.2900390625
2006-01-03,1268.8000488281
2006-01-04,1273.4599609375
2006-01-05,1273.4799804688
2006-01-06,1285.4499511719
2006-01-09,1290.1500244141
2006-01-10,1289.6899414062
2006-01-11,1294.1800537109
2006-01-12,1286.0600585938
2006-01-13,1287.6099853516
2006-01-17,1282.9300537109
2006-01-18,1277.9300537109
2006-01-19,1285.0400390625
2006-01-20,1261.4899902344
2006-01-23,1263.8199462891
2006-01-24,1266.8599853516
2006-01-25,1264.6800537109
2006-01-26,1273.8299560547
2006-01-27,1283.7199707031
2006-01-30,1285.1899414062
2006-01-31,1280.0799560547
2006-02-01,1282.4599609375
2006-02-02,1270.8399658203
2006-02-03,1264.0300292969
2006-02-06,1265.0200195312
2006-02-07,1254.7800292969
2006-02-08,1265.6500244141
2006-02-09,1263.7800292969
2006-02-10,1266.9899902344
2006-02-13,1262.8599853516
2006-02-14,1275.5300292969
2006-02-15,1280.0000000000
2006-02-16,1289.3800048828
2006-02-17,1287.2399902344
2006-02-21,1283.0300292969
2006-02-22,1292.6700439453
2006-02-23,1287.7900390625
2006-02-24,1289.4300537109
2006-02-27,1294.1199951172
2006-02-28,1280.6600341797
2006-03-01,1291.2399902344
2006-03-02,1289.1400146484
2006-03-03,1287.2299804688
2006-03-06,1278.2600097656
2006-03-07,1275.8800048828
2006-03-08,1278.4699707031
2006-03-09,1272.2299804688
2006-03-10,1281.4200439453
2006-03-13,1284.1300048828
2006-03-14,1297.4799804688
2006-03-15,1303.0200195312
2006-03-16,1305.3299560547
2006-03-17,1307.2500000000
2006-03-20,1305.0799560547
2006-03-21,1297.2299804688
2006-03-22,1305.0400390625
2006-03-23,1301.6700439453
2006-03-24,1302.9499511719
2006-03-27,1301.6099853516
2006-03-28,1293.2299804688
2006-03-29,1302.8900146484
2006-03-30,1300.2500000000
2006-03-31,1294.8699951172
2006-04-03,1297.8100585938
2006-04-04,1305.9300537109
2006-04-05,1311.5600585938
2006-04-06,1309.0400390625
2006-04-07,1295.5000000000
2006-04-10,1296.6199951172
2006-04-11,1286.5699462891
2006-04-12,1288.1199951172
2006-04-13,1289.1199951172
2006-04-17,1285.3299560547
2006-04-18,1307.2800292969
2006-04-19,1309.9300537109
2006-04-20,1311.4599609375
2006-04-21,1311.2800292969
2006-04-24,1308.1099853516
2006-04-25,1301.7399902344
2006-04-26,1305.4100341797
2006-04-27,1309.7199707031
2006-04-28,1310.6099853516
2006-05-01,1305.1899414062
2006-05-02,1313.2099609375
2006-05-03,1308.1199951172
2006-05-04,1312.2500000000
2006-05-05,1325.7600097656
2006-05-08,1324.6600341797
2006-05-09,1325.1400146484
2006-05-10,1322.8499755859
2006-05-11,1305.9200439453
2006-05-12,1291.2399902344
2006-05-15,1294.5000000000
2006-05-16,1292.0799560547
2006-05-17,1270.3199462891
2006-05-18,1261.8100585938
2006-05-19,1267.0300292969
2006-05-22,1262.0699462891
2006-05-23,1256.5799560547
2006-05-24,1258.5699462891
2006-05-25,1272.8800048828
2006-05-26,1280.1600341797
2006-05-30,1259.8699951172
2006-05-31,1270.0899658203
2006-06-01,1285.7099609375
2006-06-02,1288.2199707031
2006-06-05,1265.2900390625
2006-06-06,1263.8499755859
2006-06-07,1256.1500244141
2006-06-08,1257.9300537109
2006-06-09,1252.3000488281
2006-06-12,1237.4399414062
2006-06-13,1223.6899414062
2006-06-14,1230.0400390625
2006-06-15,1256.1600341797
2006-06-16,1251.5400390625
2006-06-19,1240.1300048828
2006-06-20,1240.1199951172
2006-06-21,1252.1999511719
2006-06-22,1245.5999755859
2006-06-23,1244.5000000000
2006-06-26,1250.5600585938
2006-06-27,1239.1999511719
2006-06-28,1246.0000000000
2006-06-29,1272.8699951172
2006-06-30,1270.1999511719
2006-07-03,1280.1899414062
2006-07-05,1270.9100341797
2006-07-06,1274.0799560547
2006-07-07,1265.4799804688
2006-07-10,1267.3399658203
2006-07-11,1272.4300537109
2006-07-12,1258.5999755859
2006-07-13,1242.2800292969
2006-07-14,1236.1999511719
2006-07-17,1234.4899902344
2006-07-18,1236.8599853516
2006-07-19,1259.8100585938
2006-07-20,1249.1300048828
2006-07-21,1240.2900390625
2006-07-24,1260.9100341797
2006-07-25,1268.8800048828
2006-07-26,1268.4000244141
2006-07-27,1263.1999511719
2006-07-28,1278.5500488281
2006-07-31,1276.6600341797
2006-08-01,1270.9200439453
2006-08-02,1277.4100341797
2006-08-03,1280.2700195312
2006-08-04,1279.3599853516
2006-08-07,1275.7700195312
2006-08-08,1271.4799804688
2006-08-09,1265.9499511719
2006-08-10,1271.8100585938
2006-08-11,1266.7399902344
2006-08-14,1268.2099609375
2006-08-15,1285.5799560547
2006-08-16,1295.4300537109
2006-08-17,1297.4799804688
2006-08-18,1302.3000488281
2006-08-21,1297.5200195312
2006-08-22,1298.8199462891
2006-08-23,1292.9899902344
2006-08-24,1296.0600585938
2006-08-25,1295.0899658203
2006-08-28,1301.7800292969
2006-08-29,1304.2800292969
2006-08-30,1305.3699951172
2006-08-31,1303.8199462891
2006-09-01,1311.0100097656
2006-09-05,1313.2500000000
2006-09-06,1300.2600097656
2006-09-07,1294.0200195312
2006-09-08,1298.9200439453
2006-09-11,1299.5400390625
2006-09-12,1313.0000000000
2006-09-13,1318.0699462891
2006-09-14,1316.2800292969
2006-09-15,1319.6600341797
2006-09-18,1321.1800537109
2006-09-19,1317.6400146484
2006-09-20,1325.1800537109
2006-09-21,1318.0300292969
2006-09-22,1314.7800292969
2006-09-25,1326.3699951172
2006-09-26,1336.3499755859
2006-09-27,1336.5899658203
2006-09-28,1338.8800048828
2006-09-29,1335.8499755859
2006-10-02,1331.3199462891
2006-10-03,1334.1099853516
2006-10-04,1350.1999511719
2006-10-05,1353.2199707031
2006-10-06,1349.5899658203
2006-10-09,1350.6600341797
2006-10-10,1353.4200439453
2006-10-11,1349.9499511719
2006-10-12,1362.8299560547
2006-10-13,1365.6199951172
2006-10-16,1369.0600585938
2006-10-17,1364.0500488281
2006-10-18,1365.8000488281
2006-10-19,1366.9599609375
2006-10-20,1368.5999755859
2006-10-23,1377.0200195312
2006-10-24,1377.3800048828
2006-10-25,1382.2199707031
2006-10-26,1389.0799560547
2006-10-27,1377.3399658203
2006-10-30,1377.9300537109
2006-10-31,1377.9399414062
2006-11-01,1367.8100585938
2006-11-02,1367.3399658203
2006-11-03,1364.3000488281
2006-11-06,1379.7800292969
2006-11-07,1382.8399658203
2006-11-08,1385.7199707031
2006-11-09,1378.3299560547
2006-11-10,1380.9000244141
2006-11-13,1384.4200439453
2006-11-14,1393.2199707031
2006-11-15,1396.5699462891
2006-11-16,1399.7600097656
2006-11-17,1401.1999511719
2006-11-20,1400.5000000000
2006-11-21,1402.8100585938
2006-11-22,1406.0899658203
2006-11-24,1400.9499511719
2006-11-27,1381.9599609375
2006-11-28,1386.7199707031
2006-11-29,1399.4799804688
2006-11-30,1400.6300048828
2006-12-01,1396.7099609375
2006-12-04,1409.1199951172
2006-12-05,1414.7600097656
2006-12-06,1412.9000244141
2006-12-07,1407.2900390625
2006-12-08,1409.8399658203
2006-12-11,1413.0400390625
2006-12-12,1411.5600585938
2006-12-13,1413.2099609375
2006-12-14,1425.4899902344
2006-12-15,1427.0899658203
2006-12-18,1422.4799804688
2006-12-19,1425.5500488281
2006-12-20,1423.5300292969
2006-12-21,1418.3000488281
2006-12-22,1410.7600097656
2006-12-26,1416.9000244141
2006-12-27,1426.8399658203
2006-12-28,1424.7299804688
2006-12-29,1418.3000488281
2007-01-03,1416.5999755859
2007-01-04,1418.3399658203
2007-01-05,1409.7099609375
2007-01-08,1412.8399658203
2007-01-09,1412.1099853516
2007-01-10,1414.8499755859
2007-01-11,1423.8199462891
2007-01-12,1430.7299804688
2007-01-16,1431.9000244141
2007-01-17,1430.6199951172
2007-01-18,1426.3699951172
2007-01-19,1430.5000000000
2007-01-22,1422.9499511719
2007-01-23,1427.9899902344
2007-01-24,1440.1300048828
2007-01-25,1423.9000244141
2007-01-26,1422.1800537109
2007-01-29,1420.6199951172
2007-01-30,1428.8199462891
2007-01-31,1438.2399902344
2007-02-01,1445.9399414062
2007-02-02,1448.3900146484
2007-02-05,1446.9899902344
2007-02-06,1448.0000000000
2007-02-07,1450.0200195312
2007-02-08,1448.3100585938
2007-02-09,1438.0600585938
2007-02-12,1433.3699951172
2007-02-13,1444.2600097656
2007-02-14,1455.3000488281
2007-02-15,1456.8100585938
2007-02-16,1455.5400390625
2007-02-20,1459.6800537109
2007-02-21,1457.6300048828
2007-02-22,1456.3800048828
2007-02-23,1451.1899414062
2007-02-26,1449.3699951172
2007-02-27,1399.0400390625
2007-02-28,1406.8199462891
2007-03-01,1403.1700439453
2007-03-02,1387.1700439453
2007-03-05,1374.1199951172
2007-03-06,1395.4100341797
2007-03-07,1391.9699707031
2007-03-08,1401.8900146484
2007-03-09,1402.8399658203
2007-03-12,1406.5999755859
2007-03-13,1377.9499511719
2007-03-14,1387.1700439453
2007-03-15,1392.2800292969
2007-03-16,1386.9499511719
2007-03-19,1402.0600585938
2007-03-20,1410.9399414062
2007-03-21,1435.0400390625
2007-03-22,1434.5400390625
2007-03-23,1436.1099853516
2007-03-26,1437.5000000000
2007-03-27,1428.6099853516
2007-03-28,1417.2299804688
2007-03-29,1422.5300292969
2007-03-30,1420.8599853516
2007-04-02,1424.5500488281
2007-04-03,1437.7700195312
2007-04-04,1439.3699951172
2007-04-05,1443.7600097656
2007-04-09,1444.6099853516
2007-04-10,1448.3900146484
2007-04-11,1438.8699951172
2007-04-12,1447.8000488281
2007-04-13,1452.8499755859
2007-04-16,1468.3299560547
2007-04-17,1471.4799804688
2007-04-18,1472.5000000000
2007-04-19,1470.7299804688
2007-04-20,1484.3499755859
2007-04-23,1480.9300537109
2007-04-24,1480.4100341797
2007-04-25,1495.4200439453
2007-04-26,1494.2500000000
2007-04-27,1494.0699462891
2007-04-30,1482.3699951172
2007-05-01,1486.3000488281
2007-05-02,1495.9200439453
2007-05-03,1502.3900146484
2007-05-04,1505.6199951172
2007-05-07,1509.4799804688
2007-05-08,1507.7199707031
2007-05-09,1512.5799560547
2007-05-10,1491.4699707031
2007-05-11,1505.8499755859
2007-05-14,1503.1500244141
2007-05-15,1501.1899414062
2007-05-16,1514.1400146484
2007-05-17,1512.7500000000
2007-05-18,1522.7500000000
2007-05-21,1525.0999755859
2007-05-22,1524.1199951172
2007-05-23,1522.2800292969
2007-05-24,1507.5100097656
2007-05-25,1515.7299804688
2007-05-29,1518.1099853516
2007-05-30,1530.2299804688
2007-05-31,1530.6199951172
2007-06-01,1536.3399658203
2007-06-04,1539.1800537109
2007-06-05,1530.9499511719
2007-06-06,1517.3800048828
2007-06-07,1490.7199707031
2007-06-08,1507.6700439453
2007-06-11,1509.1199951172
2007-06-12,1493.0000000000
2007-06-13,1515.6700439453
2007-06-14,1522.9699707031
2007-06-15,1532.9100341797
2007-06-18,1531.0500488281
2007-06-19,1533.6999511719
2007-06-20,1512.8399658203
2007-06-21,1522.1899414062
2007-06-22,1502.5600585938
2007-06-25,1497.7399902344
2007-06-26,1492.8900146484
2007-06-27,1506.3399658203
2007-06-28,1505.7099609375
2007-06-29,1503.3499755859
2007-07-02,1519.4300537109
2007-07-03,1524.8699951172
2007-07-05,1525.4000244141
2007-07-06,1530.4399414062
2007-07-09,1531.8499755859
2007-07-10,1510.1199951172
2007-07-11,1518.7600097656
2007-07-12,1547.6999511719
2007-07-13,1552.5000000000
2007-07-16,1549.5200195312
2007-07-17,1549.3699951172
2007-07-18,1546.1700439453
2007-07-19,1553.0799560547
2007-07-20,1534.0999755859
2007-07-23,1541.5699462891
2007-07-24,1511.0400390625
2007-07-25,1518.0899658203
2007-07-26,1482.6600341797
2007-07-27,1458.9499511719
2007-07-30,1473.9100341797
2007-07-31,1455.2700195312
2007-08-01,1465.8100585938
2007-08-02,1472.1999511719
2007-08-03,1433.0600585938
2007-08-06,1467.6700439453
2007-08-07,1476.7099609375
2007-08-08,1497.4899902344
2007-08-09,1453.0899658203
2007-08-10,1453.6400146484
2007-08-13,1452.9200439453
2007-08-14,1426.5400390625
2007-08-15,1406.6999511719
2007-08-16,1411.2700195312
2007-08-17,1445.9399414062
2007-08-20,1445.5500488281
2007-08-21,1447.1199951172
2007-08-22,1464.0699462891
2007-08-23,1462.5000000000
2007-08-24,1479.3699951172
2007-08-27,1466.7900390625
2007-08-28,1432.3599853516
2007-08-29,1463.7600097656
2007-08-30,1457.6400146484
2007-08-31,1473.9899902344
2007-09-04,1489.4200439453
2007-09-05,1472.2900390625
2007-09-06,1478.5500488281
2007-09-07,1453.5500488281
2007-09-10,1451.6999511719
2007-09-11,1471.4899902344
2007-09-12,1471.5600585938
2007-09-13,1483.9499511719
2007-09-14,1484.2500000000
2007-09-17,1476.6500244141
2007-09-18,1519.7800292969
2007-09-19,1529.0300292969
2007-09-20,1518.7500000000
2007-09-21,1525.7500000000
2007-09-24,1517.7299804688
2007-09-25,1517.2099609375
2007-09-26,1525.4200439453
2007-09-27,1531.3800048828
2007-09-28,1526.7500000000
2007-10-01,1547.0400390625
2007-10-02,1546.6300048828
2007-10-03,1539.5899658203
2007-10-04,1542.8399658203
2007-10-05,1557.5899658203
2007-10-08,1552.5799560547
2007-10-09,1565.1500244141
2007-10-10,1562.4699707031
2007-10-11,1554.4100341797
2007-10-12,1561.8000488281
2007-10-15,1548.7099609375
2007-10-16,1538.5300292969
2007-10-17,1541.2399902344
2007-10-18,1540.0799560547
2007-10-19,1500.6300048828
2007-10-22,1506.3299560547
2007-10-23,1519.5899658203
2007-10-24,1515.8800048828
2007-10-25,1514.4000244141
2007-10-26,1535.2800292969
2007-10-29,1540.9799804688
2007-10-30,1531.0200195312
2007-10-31,1549.3800048828
2007-11-01,1508.4399414062
2007-11-02,1509.6500244141
2007-11-05,1502.1700439453
2007-11-06,1520.2700195312
2007-11-07,1475.6199951172
2007-11-08,1474.7700195312
2007-11-09,1453.6999511719
2007-11-12,1439.1800537109
2007-11-13,1481.0500488281
2007-11-14,1470.5799560547
2007-11-15,1451.1500244141
2007-11-16,1458.7399902344
2007-11-19,1433.2700195312
2007-11-20,1439.6999511719
2007-11-21,1416.7700195312
2007-11-23,1440.6999511719
2007-11-26,1407.2199707031
2007-11-27,1428.2299804688
2007-11-28,1469.0200195312
2007-11-29,1469.7199707031
2007-11-30,1481.1400146484
2007-12-03,1472.4200439453
2007-12-04,1462.7900390625
2007-12-05,1485.0100097656
2007-12-06,1507.3399658203
2007-12-07,1504.6600341797
2007-12-10,1515.9599609375
2007-12-11,1477.6500244141
2007-12-12,1486.5899658203
2007-12-13,1488.4100341797
2007-12-14,1467.9499511719
2007-12-17,1445.9000244141
2007-12-18,1454.9799804688
2007-12-19,1453.0000000000
2007-12-20,1460.1199951172
2007-12-21,1484.4599609375
2007-12-24,1496.4499511719
2007-12-26,1497.6600341797
2007-12-27,1476.2700195312
2007-12-28,1478.4899902344
2007-12-31,1468.3599853516
2008-01-02,1447.1600341797
2008-01-03,1447.1600341797
2008-01-04,1411.6300048828
2008-01-07,1416.1800537109
2008-01-08,1390.1899414062
2008-01-09,1409.1300048828
2008-01-10,1420.3299560547
2008-01-11,1401.0200195312
2008-01-14,1416.2500000000
2008-01-15,1380.9499511719
2008-01-16,1373.1999511719
2008-01-17,1333.2500000000
2008-01-18,1325.1899414062
2008-01-22,1310.5000000000
2008-01-23,1338.5999755859
2008-01-24,1352.0699462891
2008-01-25,1330.6099853516
2008-01-28,1353.9599609375
2008-01-29,1362.3000488281
2008-01-30,1355.8100585938
2008-01-31,1378.5500488281
2008-02-01,1395.4200439453
2008-02-04,1380.8199462891
2008-02-05,1336.6400146484
2008-02-06,1326.4499511719
2008-02-07,1336.9100341797
2008-02-08,1331.2900390625
2008-02-11,1339.1300048828
2008-02-12,1348.8599853516
2008-02-13,1367.2099609375
2008-02-14,1348.8599853516
2008-02-15,1349.9899902344
2008-02-19,1348.7800292969
2008-02-20,1360.0300292969
2008-02-21,1342.5300292969
2008-02-22,1353.1099853516
2008-02-25,1371.8000488281
2008-02-26,1381.2900390625
2008-02-27,1380.0200195312
2008-02-28,1367.6800537109
2008-02-29,1330.6300048828
2008-03-03,1331.3399658203
2008-03-04,1326.7500000000
2008-03-05,1333.6999511719
2008-03-06,1304.3399658203
2008-03-07,1293.3699951172
2008-03-10,1273.3699951172
2008-03-11,1320.6500244141
2008-03-12,1308.7700195312
2008-03-13,1315.4799804688
2008-03-14,1288.1400146484
2008-03-17,1276.5999755859
2008-03-18,1330.7399902344
2008-03-19,1298.4200439453
2008-03-20,1329.5100097656
2008-03-24,1349.8800048828
2008-03-25,1352.9899902344
2008-03-26,1341.1300048828
2008-03-27,1325.7600097656
2008-03-28,1315.2199707031
2008-03-31,1322.6999511719
2008-04-01,1370.1800537109
2008-04-02,1367.5300292969
2008-04-03,1369.3100585938
2008-04-04,1370.4000244141
2008-04-07,1372.5400390625
2008-04-08,1365.5400390625
2008-04-09,1354.4899902344
2008-04-10,1360.5500488281
2008-04-11,1332.8299560547
2008-04-14,1328.3199462891
2008-04-15,1334.4300537109
2008-04-16,1364.7099609375
2008-04-17,1365.5600585938
2008-04-18,1390.3299560547
2008-04-21,1388.1700439453
2008-04-22,1375.9399414062
2008-04-23,1379.9300537109
2008-04-24,1388.8199462891
2008-04-25,1397.8399658203
2008-04-28,1396.3699951172
2008-04-29,1390.9399414062
2008-04-30,1385.5899658203
2008-05-01,1409.3399658203
2008-05-02,1413.9000244141
2008-05-05,1407.4899902344
2008-05-06,1418.2600097656
2008-05-07,1392.5699462891
2008-05-08,1397.6800537109
2008-05-09,1388.2800292969
2008-05-12,1403.5799560547
2008-05-13,1403.0400390625
2008-05-14,1408.6600341797
2008-05-15,1423.5699462891
2008-05-16,1425.3499755859
2008-05-19,1426.6300048828
2008-05-20,1413.4000244141
2008-05-21,1390.7099609375
2008-05-22,1394.3499755859
2008-05-23,1375.9300537109
2008-05-27,1385.3499755859
2008-05-28,1390.8399658203
2008-05-29,1398.2600097656
2008-05-30,1400.3800048828
2008-06-02,1385.6700439453
2008-06-03,1377.6500244141
2008-06-04,1377.1999511719
2008-06-05,1404.0500488281
2008-06-06,1360.6800537109
2008-06-09,1361.7600097656
2008-06-10,1358.4399414062
2008-06-11,1335.4899902344
2008-06-12,1339.8699951172
2008-06-13,1360.0300292969
2008-06-16,1360.1400146484
2008-06-17,1350.9300537109
2008-06-18,1337.8100585938
2008-06-19,1342.8299560547
2008-06-20,1317.9300537109
2008-06-23,1318.0000000000
2008-06-24,1314.2900390625
2008-06-25,1321.9699707031
2008-06-26,1283.1500244141
2008-06-27,1278.3800048828
2008-06-30,1280.0000000000
2008-07-01,1284.9100341797
2008-07-02,1261.5200195312
2008-07-03,1262.9000244141
2008-07-07,1252.3100585938
2008-07-08,1273.6999511719
2008-07-09,1244.6899414062
2008-07-10,1253.3900146484
2008-07-11,1239.4899902344
2008-07-14,1228.3000488281
2008-07-15,1214.9100341797
2008-07-16,1245.3599853516
2008-07-17,1260.3199462891
2008-07-18,1260.6800537109
2008-07-21,1260.0000000000
2008-07-22,1277.0000000000
2008-07-23,1282.1899414062
2008-07-24,1252.5400390625
2008-07-25,1257.7600097656
2008-07-28,1234.3699951172
2008-07-29,1263.1999511719
2008-07-30,1284.2600097656
2008-07-31,1267.3800048828
2008-08-01,1260.3100585938
2008-08-04,1249.0100097656
2008-08-05,1284.8800048828
2008-08-06,1289.1899414062
2008-08-07,1266.0699462891
2008-08-08,1296.3199462891
2008-08-11,1305.3199462891
2008-08-12,1289.5899658203
2008-08-13,1285.8299560547
2008-08-14,1292.9300537109
2008-08-15,1298.1999511719
2008-08-18,1278.5999755859
2008-08-19,1266.6899414062
2008-08-20,1274.5400390625
2008-08-21,1277.7199707031
2008-08-22,1292.1999511719
2008-08-25,1266.8399658203
2008-08-26,1271.5100097656
2008-08-27,1281.6600341797
2008-08-28,1300.6800537109
2008-08-29,1282.8299560547
2008-09-02,1277.5799560547
2008-09-03,1274.9799804688
2008-09-04,1236.8299560547
2008-09-05,1242.3100585938
2008-09-08,1267.7900390625
2008-09-09,1224.5100097656
2008-09-10,1232.0400390625
2008-09-11,1249.0500488281
2008-09-12,1251.6999511719
2008-09-15,1192.6999511719
2008-09-16,1213.5999755859
2008-09-17,1156.3900146484
2008-09-18,1206.5100097656
2008-09-19,1255.0799560547
2008-09-22,1207.0899658203
2008-09-23,1188.2199707031
2008-09-24,1185.8699951172
2008-09-25,1209.1800537109
2008-09-26,1213.2700195312
2008-09-29,1106.4200439453
2008-09-30,1166.3599853516
2008-10-01,1161.0600585938
2008-10-02,1114.2800292969
2008-10-03,1099.2299804688
2008-10-06,1056.8900146484
2008-10-07,996.2299804688
2008-10-08,984.9400024414
2008-10-09,909.9199829102
2008-10-10,899.2199707031
2008-10-13,1003.3499755859
2008-10-14,998.0100097656
2008-10-15,907.8400268555
2008-10-16,946.4299926758
2008-10-17,940.5499877930
2008-10-20,985.4000244141
2008-10-21,955.0499877930
2008-10-22,896.7800292969
2008-10-23,908.1099853516
2008-10-24,876.7700195312
2008-10-27,848.9199829102
2008-10-28,940.5100097656
2008-10-29,930.0900268555
2008-10-30,954.0900268555
2008-10-31,968.7500000000
2008-11-03,966.2999877930
2008-11-04,1005.7500000000
2008-11-05,952.7700195312
2008-11-06,904.8800048828
2008-11-07,930.9899902344
2008-11-10,919.2100219727
2008-11-11,898.9500122070
2008-11-12,852.2999877930
2008-11-13,911.2899780273
2008-11-14,873.2899780273
2008-11-17,850.7500000000
2008-11-18,859.1199951172
2008-11-19,806.5800170898
2008-11-20,752.4400024414
2008-11-21,800.0300292969
2008-11-24,851.8099975586
2008-11-25,857.3900146484
2008-11-26,887.6799926758
2008-11-28,896.2399902344
2008-12-01,816.2100219727
2008-12-02,848.8099975586
2008-12-03,870.7399902344
2008-12-04,845.2199707031
2008-12-05,876.0700073242
2008-12-08,909.7000122070
2008-12-09,888.6699829102
2008-12-10,899.2399902344
2008-12-11,873.5900268555
2008-12-12,879.7299804688
2008-12-15,868.5700073242
2008-12-16,913.1799926758
2008-12-17,904.4199829102
2008-12-18,885.2800292969
2008-12-19,887.8800048828
2008-12-22,871.6300048828
2008-12-23,863.1599731445
2008-12-24,868.1500244141
2008-12-26,872.7999877930
2008-12-29,869.4199829102
2008-12-30,890.6400146484
2008-12-31,903.2500000000
2009-01-02,931.7999877930
2009-01-05,927.4500122070
2009-01-06,934.7000122070
2009-01-07,906.6500244141
2009-01-08,909.7299804688
2009-01-09,890.3499755859
2009-01-12,870.2600097656
2009-01-13,871.7899780273
2009-01-14,842.6199951172
2009-01-15,843.7399902344
2009-01-16,850.1199951172
2009-01-20,805.2199707031
2009-01-21,840.2399902344
2009-01-22,827.5000000000
2009-01-23,831.9500122070
2009-01-26,836.5700073242
2009-01-27,845.7100219727
2009-01-28,874.0900268555
2009-01-29,845.1400146484
2009-01-30,825.8800048828
2009-02-02,825.4400024414
2009-02-03,838.5100097656
2009-02-04,832.2299804688
2009-02-05,845.8499755859
2009-02-06,868.5999755859
2009-02-09,869.8900146484
2009-02-10,827.1599731445
2009-02-11,833.7399902344
2009-02-12,835.1900024414
2009-02-13,826.8400268555
2009-02-17,789.1699829102
2009-02-18,788.4199829102
2009-02-19,778.9400024414
2009-02-20,770.0499877930
2009-02-23,743.3300170898
2009-02-24,773.1400146484
2009-02-25,764.9000244141
2009-02-26,752.8300170898
2009-02-27,735.0900268555
2009-03-02,700.8200073242
2009-03-03,696.3300170898
2009-03-04,712.8699951172
2009-03-05,682.5499877930
2009-03-06,683.3800048828
2009-03-09,676.5300292969
2009-03-10,719.5999755859
2009-03-11,721.3599853516
2009-03-12,750.7399902344
2009-03-13,756.5499877930
2009-03-16,753.8900146484
2009-03-17,778.1199951172
2009-03-18,794.3499755859
2009-03-19,784.0399780273
2009-03-20,768.5399780273
2009-03-23,822.9199829102
2009-03-24,806.1199951172
2009-03-25,813.8800048828
2009-03-26,832.8599853516
2009-03-27,815.9400024414
2009-03-30,787.5300292969
2009-03-31,797.8699951172
2009-04-01,811.0800170898
2009-04-02,834.3800048828
2009-04-03,842.5000000000
2009-04-06,835.4799804688
2009-04-07,815.5499877930
2009-04-08,825.1599731445
2009-04-09,856.5599975586
2009-04-13,858.7299804688
2009-04-14,841.5000000000
2009-04-15,852.0599975586
2009-04-16,865.2999877930
2009-04-17,869.5999755859
2009-04-20,832.3900146484
2009-04-21,850.0800170898
2009-04-22,843.5499877930
2009-04-23,851.9199829102
2009-04-24,866.2299804688
2009-04-27,857.5100097656
2009-04-28,855.1599731445
2009-04-29,873.6400146484
2009-04-30,872.8099975586
2009-05-01,877.5200195312
2009-05-04,907.2399902344
2009-05-05,903.7999877930
2009-05-06,919.5300292969
2009-05-07,907.3900146484
2009-05-08,929.2299804688
2009-05-11,909.2399902344
2009-05-12,908.3499755859
2009-05-13,883.9199829102
2009-05-14,893.0700073242
2009-05-15,882.8800048828
2009-05-18,909.7100219727
2009-05-19,908.1300048828
2009-05-20,903.4699707031
2009-05-21,888.3300170898
2009-05-22,887.0000000000
2009-05-26,910.3300170898
2009-05-27,893.0599975586
2009-05-28,906.8300170898
2009-05-29,919.1400146484
2009-06-01,942.8699951172
2009-06-02,944.7399902344
2009-06-03,931.7600097656
2009-06-04,942.4600219727
2009-06-05,940.0900268555
2009-06-08,939.1400146484
2009-06-09,942.4299926758
2009-06-10,939.1500244141
2009-06-11,944.8900146484
2009-06-12,946.2100219727
2009-06-15,923.7199707031
2009-06-16,911.9699707031
2009-06-17,910.7100219727
2009-06-18,918.3699951172
2009-06-19,921.2299804688
2009-06-22,893.0399780273
2009-06-23,895.0999755859
2009-06-24,900.9400024414
2009-06-25,920.2600097656
2009-06-26,918.9000244141
2009-06-29,927.2299804688
2009-06-30,919.3200073242
2009-07-01,923.3300170898
2009-07-02,896.4199829102
2009-07-06,898.7199707031
2009-07-07,881.0300292969
2009-07-08,879.5599975586
2009-07-09,882.6799926758
2009-07-10,879.1300048828
2009-07-13,901.0499877930
2009-07-14,905.8400268555
2009-07-15,932.6799926758
2009-07-16,940.7399902344
2009-07-17,940.3800048828
2009-07-20,951.1300048828
2009-07-21,954.5800170898
2009-07-22,954.0700073242
2009-07-23,976.2899780273
2009-07-24,979.2600097656
2009-07-27,982.1799926758
2009-07-28,979.6199951172
2009-07-29,975.1500244141
2009-07-30,986.7500000000
2009-07-31,987.4799804688
2009-08-03,1002.6300048828
2009-08-04,1005.6500244141
2009-08-05,1002.7199707031
2009-08-06,997.0800170898
2009-08-07,1010.4799804688
2009-08-10,1007.0999755859
2009-08-11,994.3499755859
2009-08-12,1005.8099975586
2009-08-13,1012.7299804688
2009-08-14,1004.0900268555
2009-08-17,979.7299804688
2009-08-18,989.6699829102
2009-08-19,996.4600219727
2009-08-20,1007.3699951172
2009-08-21,1026.1300048828
2009-08-24,1025.5699462891
2009-08-25,1028.0000000000
2009-08-26,1028.1199951172
2009-08-27,1030.9799804688
2009-08-28,1028.9300537109
2009-08-31,1020.6199951172
2009-09-01,998.0399780273
2009-09-02,994.7500000000
2009-09-03,1003.2399902344
2009-09-04,1016.4000244141
2009-09-08,1025.3900146484
2009-09-09,1033.3699951172
2009-09-10,1044.1400146484
2009-09-11,1042.7299804688
2009-09-14,1049.3399658203
2009-09-15,1052.6300048828
2009-09-16,1068.7600097656
2009-09-17,1065.4899902344
2009-09-18,1068.3000488281
2009-09-21,1064.6600341797
2009-09-22,1071.6600341797
2009-09-23,1060.8699951172
2009-09-24,1050.7800292969
2009-09-25,1044.3800048828
2009-09-28,1062.9799804688
2009-09-29,1060.6099853516
2009-09-30,1057.0799560547
2009-10-01,1029.8499755859
2009-10-02,1025.2099609375
2009-10-05,1040.4599609375
2009-10-06,1054.7199707031
2009-10-07,1057.5799560547
2009-10-08,1065.4799804688
2009-10-09,1071.4899902344
2009-10-12,1076.1899414062
2009-10-13,1073.1899414062
2009-10-14,1092.0200195312
2009-10-15,1096.5600585938
2009-10-16,1087.6800537109
2009-10-19,1097.9100341797
2009-10-20,1091.0600585938
2009-10-21,1081.4000244141
2009-10-22,1092.9100341797
2009-10-23,1079.5999755859
2009-10-26,1066.9499511719
2009-10-27,1063.4100341797
2009-10-28,1042.6300048828
2009-10-29,1066.1099853516
2009-10-30,1036.1899414062
2009-11-02,1042.8800048828
2009-11-03,1045.4100341797
2009-11-04,1046.5000000000
2009-11-05,1066.6300048828
2009-11-06,1069.3000488281
2009-11-09,1093.0799560547
2009-11-10,1093.0100097656
2009-11-11,1098.5100097656
2009-11-12,1087.2399902344
2009-11-13,1093.4799804688
2009-11-16,1109.3000488281
2009-11-17,1110.3199462891
2009-11-18,1109.8000488281
2009-11-19,1094.9000244141
2009-11-20,1091.3800048828
2009-11-23,1106.2399902344
2009-11-24,1105.6500244141
2009-11-25,1110.6300048828
2009-11-27,1091.4899902344
2009-11-30,1095.6300048828
2009-12-01,1108.8599853516
2009-12-02,1109.2399902344
2009-12-03,1099.9200439453
2009-12-04,1105.9799804688
2009-12-07,1103.2500000000
2009-12-08,1091.9399414062
2009-12-09,1095.9499511719
2009-12-10,1102.3499755859
2009-12-11,1106.4100341797
2009-12-14,1114.1099853516
2009-12-15,1107.9300537109
2009-12-16,1109.1800537109
2009-12-17,1096.0799560547
2009-12-18,1102.4699707031
2009-12-21,1114.0500488281
2009-12-22,1118.0200195312
2009-12-23,1120.5899658203
2009-12-24,1126.4799804688
2009-12-28,1127.7800292969
2009-12-29,1126.1999511719
2009-12-30,1126.4200439453
2009-12-31,1115.0999755859
2010-01-04,1132.9899902344
2010-01-05,1136.5200195312
2010-01-06,1137.1400146484
2010-01-07,1141.6899414062
2010-01-08,1144.9799804688
2010-01-11,1146.9799804688
2010-01-12,1136.2199707031
2010-01-13,1145.6800537109
2010-01-14,1148.4599609375
2010-01-15,1136.0300292969
2010-01-19,1150.2299804688
2010-01-20,1138.0400390625
2010-01-21,1116.4799804688
2010-01-22,1091.7600097656
2010-01-25,1096.7800292969
2010-01-26,1092.1700439453
2010-01-27,1097.5000000000
2010-01-28,1084.5300292969
2010-01-29,1073.8699951172
2010-02-01,1089.1899414062
2010-02-02,1103.3199462891
2010-02-03,1097.2800292969
2010-02-04,1063.1099853516
2010-02-05,1066.1899414062
2010-02-08,1056.7399902344
2010-02-09,1070.5200195312
2010-02-10,1068.1300048828
2010-02-11,1078.4699707031
2010-02-12,1075.5100097656
2010-02-16,1094.8699951172
2010-02-17,1099.5100097656
2010-02-18,1106.7500000000
2010-02-19,1109.1700439453
2010-02-22,1108.0100097656
2010-02-23,1094.5999755859
2010-02-24,1105.2399902344
2010-02-25,1102.9399414062
2010-02-26,1104.4899902344
2010-03-01,1115.7099609375
2010-03-02,1118.3100585938
2010-03-03,1118.7900390625
2010-03-04,1122.9699707031
2010-03-05,1138.6999511719
2010-03-08,1138.5000000000
2010-03-09,1140.4499511719
2010-03-10,1145.6099853516
2010-03-11,1150.2399902344
2010-03-12,1149.9899902344
2010-03-15,1150.5100097656
2010-03-16,1159.4599609375
2010-03-17,1166.2099609375
2010-03-18,1165.8299560547
2010-03-19,1159.9000244141
2010-03-22,1165.8100585938
2010-03-23,1174.1700439453
2010-03-24,1167.7199707031
2010-03-25,1165.7299804688
2010-03-26,1166.5899658203
2010-03-29,1173.2199707031
2010-03-30,1173.2700195312
2010-03-31,1169.4300537109
2010-04-01,1178.0999755859
2010-04-05,1187.4399414062
2010-04-06,1189.4399414062
2010-04-07,1182.4499511719
2010-04-08,1186.4399414062
2010-04-09,1194.3699951172
2010-04-12,1196.4799804688
2010-04-13,1197.3000488281
2010-04-14,1210.6500244141
2010-04-15,1211.6700439453
2010-04-16,1192.1300048828
2010-04-19,1197.5200195312
2010-04-20,1207.1700439453
2010-04-21,1205.9399414062
2010-04-22,1208.6700439453
2010-04-23,1217.2800292969
2010-04-26,1212.0500488281
2010-04-27,1183.7099609375
2010-04-28,1191.3599853516
2010-04-29,1206.7800292969
2010-04-30,1186.6899414062
2010-05-03,1202.2600097656
2010-05-04,1173.5999755859
2010-05-05,1165.8699951172
2010-05-06,1128.1500244141
2010-05-07,1110.8800048828
2010-05-10,1159.7299804688
2010-05-11,1155.7900390625
2010-05-12,1171.6700439453
2010-05-13,1157.4399414062
2010-05-14,1135.6800537109
2010-05-17,1136.9399414062
2010-05-18,1120.8000488281
2010-05-19,1115.0500488281
2010-05-20,1071.5899658203
2010-05-21,1087.6899414062
2010-05-24,1073.6500244141
2010-05-25,1074.0300292969
2010-05-26,1067.9499511719
2010-05-27,1103.0600585938
2010-05-28,1089.4100341797
2010-06-01,1070.7099609375
2010-06-02,1098.3800048828
2010-06-03,1102.8299560547
2010-06-04,1064.8800048828
2010-06-07,1050.4699707031
2010-06-08,1062.0000000000
2010-06-09,1055.6899414062
2010-06-10,1086.8399658203
2010-06-11,1091.5999755859
2010-06-14,1089.6300048828
2010-06-15,1115.2299804688
2010-06-16,1114.6099853516
2010-06-17,1116.0400390625
2010-06-18,1117.5100097656
2010-06-21,1113.1999511719
2010-06-22,1095.3100585938
2010-06-23,1092.0400390625
2010-06-24,1073.6899414062
2010-06-25,1076.7600097656
2010-06-28,1074.5699462891
2010-06-29,1041.2399902344
2010-06-30,1030.7099609375
2010-07-01,1027.3699951172
2010-07-02,1022.5800170898
2010-07-06,1028.0600585938
2010-07-07,1060.2700195312
2010-07-08,1070.2500000000
2010-07-09,1077.9599609375
2010-07-12,1078.7500000000
2010-07-13,1095.3399658203
2010-07-14,1095.1700439453
2010-07-15,1096.4799804688
2010-07-16,1064.8800048828
2010-07-19,1071.2500000000
2010-07-20,1083.4799804688
2010-07-21,1069.5899658203
2010-07-22,1093.6700439453
2010-07-23,1102.6600341797
2010-07-26,1115.0100097656
2010-07-27,1113.8399658203
2010-07-28,1106.1300048828
2010-07-29,1101.5300292969
2010-07-30,1101.5999755859
2010-08-02,1125.8599853516
2010-08-03,1120.4599609375
2010-08-04,1127.2399902344
2010-08-05,1125.8100585938
2010-08-06,1121.6400146484
2010-08-09,1127.7900390625
2010-08-10,1121.0600585938
2010-08-11,1089.4699707031
2010-08-12,1083.6099853516
2010-08-13,1079.2500000000
2010-08-16,1079.3800048828
2010-08-17,1092.5400390625
2010-08-18,1094.1600341797
2010-08-19,1075.6300048828
2010-08-20,1071.6899414062
2010-08-23,1067.3599853516
2010-08-24,1051.8699951172
2010-08-25,1055.3299560547
2010-08-26,1047.2199707031
2010-08-27,1064.5899658203
2010-08-30,1048.9200439453
2010-08-31,1049.3299560547
2010-09-01,1080.2900390625
2010-09-02,1090.0999755859
2010-09-03,1104.5100097656
2010-09-07,1091.8399658203
2010-09-08,1098.8699951172
2010-09-09,1104.1800537109
2010-09-10,1109.5500488281
2010-09-13,1121.9000244141
2010-09-14,1121.0999755859
2010-09-15,1125.0699462891
2010-09-16,1124.6600341797
2010-09-17,1125.5899658203
2010-09-20,1142.7099609375
2010-09-21,1139.7800292969
2010-09-22,1134.2800292969
2010-09-23,1124.8299560547
2010-09-24,1148.6700439453
2010-09-27,1142.1600341797
2010-09-28,1147.6999511719
2010-09-29,1144.7299804688
2010-09-30,1141.1999511719
2010-10-01,1146.2399902344
2010-10-04,1137.0300292969
2010-10-05,1160.7500000000
2010-10-06,1159.9699707031
2010-10-07,1158.0600585938
2010-10-08,1165.1500244141
2010-10-11,1165.3199462891
2010-10-12,1169.7700195312
2010-10-13,1178.0999755859
2010-10-14,1173.8100585938
2010-10-15,1176.1899414062
2010-10-18,1184.7099609375
2010-10-19,1165.9000244141
2010-10-20,1178.1700439453
2010-10-21,1180.2600097656
2010-10-22,1183.0799560547
2010-10-25,1185.6199951172
2010-10-26,1185.6400146484
2010-10-27,1182.4499511719
2010-10-28,1183.7800292969
2010-10-29,1183.2600097656
2010-11-01,1184.3800048828
2010-11-02,1193.5699462891
2010-11-03,1197.9599609375
2010-11-04,1221.0600585938
2010-11-05,1225.8499755859
2010-11-08,1223.2500000000
2010-11-09,1213.4000244141
2010-11-10,1218.7099609375
2010-11-11,1213.5400390625
2010-11-12,1199.2099609375
2010-11-15,1197.7500000000
2010-11-16,1178.3399658203
2010-11-17,1178.5899658203
2010-11-18,1196.6899414062
2010-11-19,1199.7299804688
2010-11-22,1197.8399658203
2010-11-23,1180.7299804688
2010-11-24,1198.3499755859
2010-11-26,1189.4000244141
2010-11-29,1187.7600097656
2010-11-30,1180.5500488281
2010-12-01,1206.0699462891
2010-12-02,1221.5300292969
2010-12-03,1224.7099609375
2010-12-06,1223.1199951172
2010-12-07,1223.7500000000
2010-12-08,1228.2800292969
2010-12-09,1233.0000000000
2010-12-10,1240.4000244141
2010-12-13,1240.4599609375
2010-12-14,1241.5899658203
2010-12-15,1235.2299804688
2010-12-16,1242.8699951172
2010-12-17,1243.9100341797
2010-12-20,1247.0799560547
2010-12-21,1254.5999755859
2010-12-22,1258.8399658203
2010-12-23,1256.7700195312
2010-12-27,1257.5400390625
2010-12-28,1258.5100097656
2010-12-29,1259.7800292969
2010-12-30,1257.8800048828
2010-12-31,1257.6400146484
2011-01-03,1271.8699951172
2011-01-04,1270.1999511719
2011-01-05,1276.5600585938
2011-01-06,1273.8499755859
2011-01-07,1271.5000000000
2011-01-10,1269.7500000000
2011-01-11,1274.4799804688
2011-01-12,1285.9599609375
2011-01-13,1283.7600097656
2011-01-14,1293.2399902344
2011-01-18,1295.0200195312
2011-01-19,1281.9200439453
2011-01-20,1280.2600097656
2011-01-21,1283.3499755859
2011-01-24,1290.8399658203
2011-01-25,1291.1800537109
2011-01-26,1296.6300048828
2011-01-27,1299.5400390625
2011-01-28,1276.3399658203
2011-01-31,1286.1199951172
2011-02-01,1307.5899658203
2011-02-02,1304.0300292969
2011-02-03,1307.0999755859
2011-02-04,1310.8699951172
2011-02-07,1319.0500488281
2011-02-08,1324.5699462891
2011-02-09,1320.8800048828
2011-02-10,1321.8699951172
2011-02-11,1329.1500244141
2011-02-14,1332.3199462891
2011-02-15,1328.0100097656
2011-02-16,1336.3199462891
2011-02-17,1340.4300537109
2011-02-18,1343.0100097656
2011-02-22,1315.4399414062
2011-02-23,1307.4000244141
2011-02-24,1306.0999755859
2011-02-25,1319.8800048828
2011-02-28,1327.2199707031
2011-03-01,1306.3299560547
2011-03-02,1308.4399414062
2011-03-03,1330.9699707031
2011-03-04,1321.1500244141
2011-03-07,1310.1300048828
2011-03-08,1321.8199462891
2011-03-09,1320.0200195312
2011-03-10,1295.1099853516
2011-03-11,1304.2800292969
2011-03-14,1296.3900146484
2011-03-15,1281.8699951172
2011-03-16,1256.8800048828
2011-03-17,1273.7199707031
2011-03-18,1279.2099609375
2011-03-21,1298.3800048828
2011-03-22,1293.7700195312
2011-03-23,1297.5400390625
2011-03-24,1309.6600341797
2011-03-25,1313.8000488281
2011-03-28,1310.1899414062
2011-03-29,1319.4399414062
2011-03-30,1328.2600097656
2011-03-31,1325.8299560547
2011-04-01,1332.4100341797
2011-04-04,1332.8699951172
2011-04-05,1332.6300048828
2011-04-06,1335.5400390625
2011-04-07,1333.5100097656
2011-04-08,1328.1700439453
2011-04-11,1324.4599609375
2011-04-12,1314.1600341797
2011-04-13,1314.4100341797
2011-04-14,1314.5200195312
2011-04-15,1319.6800537109
2011-04-18,1305.1400146484
2011-04-19,1312.6199951172
2011-04-20,1330.3599853516
2011-04-21,1337.3800048828
2011-04-25,1335.2500000000
2011-04-26,1347.2399902344
2011-04-27,1355.6600341797
2011-04-28,1360.4799804688
2011-04-29,1363.6099853516
2011-05-02,1361.2199707031
2011-05-03,1356.6199951172
2011-05-04,1347.3199462891
2011-05-05,1335.0999755859
2011-05-06,1340.1999511719
2011-05-09,1346.2900390625
2011-05-10,1357.1600341797
2011-05-11,1342.0799560547
2011-05-12,1348.6500244141
2011-05-13,1337.7700195312
2011-05-16,1329.4699707031
2011-05-17,1328.9799804688
2011-05-18,1340.6800537109
2011-05-19,1343.5999755859
2011-05-20,1333.2700195312
2011-05-23,1317.3699951172
2011-05-24,1316.2800292969
2011-05-25,1320.4699707031
2011-05-26,1325.6899414062
2011-05-27,1331.0999755859
2011-05-31,1345.1999511719
2011-06-01,1314.5500488281
2011-06-02,1312.9399414062
2011-06-03,1300.1600341797
2011-06-06,1286.1700439453
2011-06-07,1284.9399414062
2011-06-08,1279.5600585938
2011-06-09,1289.0000000000
2011-06-10,1270.9799804688
2011-06-13,1271.8299560547
2011-06-14,1287.8699951172
2011-06-15,1265.4200439453
2011-06-16,1267.6400146484
2011-06-17,1271.5000000000
2011-06-20,1278.3599853516
2011-06-21,1295.5200195312
2011-06-22,1287.1400146484
2011-06-23,1283.5000000000
2011-06-24,1268.4499511719
2011-06-27,1280.0999755859
2011-06-28,1296.6700439453
2011-06-29,1307.4100341797
2011-06-30,1320.6400146484
2011-07-01,1339.6700439453
2011-07-05,1337.8800048828
2011-07-06,1339.2199707031
2011-07-07,1353.2199707031
2011-07-08,1343.8000488281
2011-07-11,1319.4899902344
2011-07-12,1313.6400146484
2011-07-13,1317.7199707031
2011-07-14,1308.8699951172
2011-07-15,1316.1400146484
2011-07-18,1305.4399414062
2011-07-19,1326.7299804688
2011-07-20,1325.8399658203
2011-07-21,1343.8000488281
2011-07-22,1345.0200195312
2011-07-25,1337.4300537109
2011-07-26,1331.9399414062
2011-07-27,1304.8900146484
2011-07-28,1300.6700439453
2011-07-29,1292.2800292969
2011-08-01,1286.9399414062
2011-08-02,1254.0500488281
2011-08-03,1260.3399658203
2011-08-04,1200.0699462891
2011-08-05,1199.3800048828
2011-08-08,1119.4599609375
2011-08-09,1172.5300292969
2011-08-10,1120.7600097656
2011-08-11,1172.6400146484
2011-08-12,1178.8100585938
2011-08-15,1204.4899902344
2011-08-16,1192.7600097656
2011-08-17,1193.8900146484
2011-08-18,1140.6500244141
2011-08-19,1123.5300292969
2011-08-22,1123.8199462891
2011-08-23,1162.3499755859
2011-08-24,1177.5999755859
2011-08-25,1159.2700195312
2011-08-26,1176.8000488281
2011-08-29,1210.0799560547
2011-08-30,1212.9200439453
2011-08-31,1218.8900146484
2011-09-01,1204.4200439453
2011-09-02,1173.9699707031
2011-09-06,1165.2399902344
2011-09-07,1198.6199951172
2011-09-08,1185.9000244141
2011-09-09,1154.2299804688
2011-09-12,1162.2700195312
2011-09-13,1172.8699951172
2011-09-14,1188.6800537109
2011-09-15,1209.1099853516
2011-09-16,1216.0100097656
2011-09-19,1204.0899658203
2011-09-20,1202.0899658203
2011-09-21,1166.7600097656
2011-09-22,1129.5600585938
2011-09-23,1136.4300537109
2011-09-26,1162.9499511719
2011-09-27,1175.3800048828
2011-09-28,1151.0600585938
2011-09-29,1160.4000244141
2011-09-30,1131.4200439453
2011-10-03,1099.2299804688
2011-10-04,1123.9499511719
2011-10-05,1144.0300292969
2011-10-06,1164.9699707031
2011-10-07,1155.4599609375
2011-10-10,1194.8900146484
2011-10-11,1195.5400390625
2011-10-12,1207.2500000000
2011-10-13,1203.6600341797
2011-10-14,1224.5799560547
2011-10-17,1200.8599853516
2011-10-18,1225.3800048828
2011-10-19,1209.8800048828
2011-10-20,1215.3900146484
2011-10-21,1238.2500000000
2011-10-24,1254.1899414062
2011-10-25,1229.0500488281
2011-10-26,1242.0000000000
2011-10-27,1284.5899658203
2011-10-28,1285.0899658203
2011-10-31,1253.3000488281
2011-11-01,1218.2800292969
2011-11-02,1237.9000244141
2011-11-03,1261.1500244141
2011-11-04,1253.2299804688
2011-11-07,1261.1199951172
2011-11-08,1275.9200439453
2011-11-09,1229.0999755859
2011-11-10,1239.6999511719
2011-11-11,1263.8499755859
2011-11-14,1251.7800292969
2011-11-15,1257.8100585938
2011-11-16,1236.9100341797
2011-11-17,1216.1300048828
2011-11-18,1215.6500244141
2011-11-21,1192.9799804688
2011-11-22,1188.0400390625
2011-11-23,1161.7900390625
2011-11-25,1158.6700439453
2011-11-28,1192.5500488281
2011-11-29,1195.1899414062
2011-11-30,1246.9599609375
2011-12-01,1244.5799560547
2011-12-02,1244.2800292969
2011-12-05,1257.0799560547
2011-12-06,1258.4699707031
2011-12-07,1261.0100097656
2011-12-08,1234.3499755859
2011-12-09,1255.1899414062
2011-12-12,1236.4699707031
2011-12-13,1225.7299804688
2011-12-14,1211.8199462891
2011-12-15,1215.7500000000
2011-12-16,1219.6600341797
2011-12-19,1205.3499755859
2011-12-20,1241.3000488281
2011-12-21,1243.7199707031
2011-12-22,1254.0000000000
2011-12-23,1265.3299560547
2011-12-27,1265.4300537109
2011-12-28,1249.6400146484
2011-12-29,1263.0200195312
2011-12-30,1257.5999755859
2012-01-03,1277.0600585938
2012-01-04,1277.3000488281
2012-01-05,1281.0600585938
2012-01-06,1277.8100585938
2012-01-09,1280.6999511719
2012-01-10,1292.0799560547
2012-01-11,1292.4799804688
2012-01-12,1295.5000000000
2012-01-13,1289.0899658203
2012-01-17,1293.6700439453
2012-01-18,1308.0400390625
2012-01-19,1314.5000000000
2012-01-20,1315.3800048828
2012-01-23,1316.0000000000
2012-01-24,1314.6500244141
2012-01-25,1326.0600585938
2012-01-26,1318.4300537109
2012-01-27,1316.3299560547
2012-01-30,1313.0100097656
2012-01-31,1312.4100341797
2012-02-01,1324.0899658203
2012-02-02,1325.5400390625
2012-02-03,1344.9000244141
2012-02-06,1344.3299560547
2012-02-07,1347.0500488281
2012-02-08,1349.9599609375
2012-02-09,1351.9499511719
2012-02-10,1342.6400146484
2012-02-13,1351.7700195312
2012-02-14,1350.5000000000
2012-02-15,1343.2299804688
2012-02-16,1358.0400390625
2012-02-17,1361.2299804688
2012-02-21,1362.2099609375
2012-02-22,1357.6600341797
2012-02-23,1363.4599609375
2012-02-24,1365.7399902344
2012-02-27,1367.5899658203
2012-02-28,1372.1800537109
2012-02-29,1365.6800537109
2012-03-01,1374.0899658203
2012-03-02,1369.6300048828
2012-03-05,1364.3299560547
2012-03-06,1343.3599853516
2012-03-07,1352.6300048828
2012-03-08,1365.9100341797
2012-03-09,1370.8699951172
2012-03-12,1371.0899658203
2012-03-13,1395.9499511719
2012-03-14,1394.2800292969
2012-03-15,1402.5999755859
2012-03-16,1404.1700439453
2012-03-19,1409.7500000000
2012-03-20,1405.5200195312
2012-03-21,1402.8900146484
2012-03-22,1392.7800292969
2012-03-23,1397.1099853516
2012-03-26,1416.5100097656
2012-03-27,1412.5200195312
2012-03-28,1405.5400390625
2012-03-29,1403.2800292969
2012-03-30,1408.4699707031
2012-04-02,1419.0400390625
2012-04-03,1413.3800048828
2012-04-04,1398.9599609375
2012-04-05,1398.0799560547
2012-04-09,1382.1999511719
2012-04-10,1358.5899658203
2012-04-11,1368.7099609375
2012-04-12,1387.5699462891
2012-04-13,1370.2600097656
2012-04-16,1369.5699462891
2012-04-17,1390.7800292969
2012-04-18,1385.1400146484
2012-04-19,1376.9200439453
2012-04-20,1378.5300292969
2012-04-23,1366.9399414062
2012-04-24,1371.9699707031
2012-04-25,1390.6899414062
2012-04-26,1399.9799804688
2012-04-27,1403.3599853516
2012-04-30,1397.9100341797
2012-05-01,1405.8199462891
2012-05-02,1402.3100585938
2012-05-03,1391.5699462891
2012-05-04,1369.0999755859
2012-05-07,1369.5799560547
2012-05-08,1363.7199707031
2012-05-09,1354.5799560547
2012-05-10,1357.9899902344
2012-05-11,1353.3900146484
2012-05-14,1338.3499755859
2012-05-15,1330.6600341797
2012-05-16,1324.8000488281
2012-05-17,1304.8599853516
2012-05-18,1295.2199707031
2012-05-21,1315.9899902344
2012-05-22,1316.6300048828
2012-05-23,1318.8599853516
2012-05-24,1320.6800537109
2012-05-25,1317.8199462891
2012-05-29,1332.4200439453
2012-05-30,1313.3199462891
2012-05-31,1310.3299560547
2012-06-01,1278.0400390625
2012-06-04,1278.1800537109
2012-06-05,1285.5000000000
2012-06-06,1315.1300048828
2012-06-07,1314.9899902344
2012-06-08,1325.6600341797
2012-06-11,1308.9300537109
2012-06-12,1324.1800537109
2012-06-13,1314.8800048828
2012-06-14,1329.0999755859
2012-06-15,1342.8399658203
2012-06-18,1344.7800292969
2012-06-19,1357.9799804688
2012-06-20,1355.6899414062
2012-06-21,1325.5100097656
2012-06-22,1335.0200195312
2012-06-25,1313.7199707031
2012-06-26,1319.9899902344
2012-06-27,1331.8499755859
2012-06-28,1329.0400390625
2012-06-29,1362.1600341797
2012-07-02,1365.5100097656
2012-07-03,1374.0200195312
2012-07-05,1367.5799560547
2012-07-06,1354.6800537109
2012-07-09,1352.4599609375
2012-07-10,1341.4699707031
2012-07-11,1341.4499511719
2012-07-12,1334.7600097656
2012-07-13,1356.7800292969
2012-07-16,1353.6400146484
2012-07-17,1363.6700439453
2012-07-18,1372.7800292969
2012-07-19,1376.5100097656
2012-07-20,1362.6600341797
2012-07-23,1350.5200195312
2012-07-24,1338.3100585938
2012-07-25,1337.8900146484
2012-07-26,1360.0200195312
2012-07-27,1385.9699707031
2012-07-30,1385.3000488281
2012-07-31,1379.3199462891
2012-08-01,1375.3199462891
2012-08-02,1365.0000000000
2012-08-03,1390.9899902344
2012-08-06,1394.2299804688
2012-08-07,1401.3499755859
2012-08-08,1402.2199707031
2012-08-09,1402.8000488281
2012-08-10,1405.8699951172
2012-08-13,1404.1099853516
2012-08-14,1403.9300537109
2012-08-15,1405.5300292969
2012-08-16,1415.5100097656
2012-08-17,1418.1600341797
2012-08-20,1418.1300048828
2012-08-21,1413.1700439453
2012-08-22,1413.4899902344
2012-08-23,1402.0799560547
2012-08-24,1411.1300048828
2012-08-27,1410.4399414062
2012-08-28,1409.3000488281
2012-08-29,1410.4899902344
2012-08-30,1399.4799804688
2012-08-31,1406.5799560547
2012-09-04,1404.9399414062
2012-09-05,1403.4399414062
2012-09-06,1432.1199951172
2012-09-07,1437.9200439453
2012-09-10,1429.0799560547
2012-09-11,1433.5600585938
2012-09-12,1436.5600585938
2012-09-13,1459.9899902344
2012-09-14,1465.7700195312
2012-09-17,1461.1899414062
2012-09-18,1459.3199462891
2012-09-19,1461.0500488281
2012-09-20,1460.2600097656
2012-09-21,1460.1500244141
2012-09-24,1456.8900146484
2012-09-25,1441.5899658203
2012-09-26,1433.3199462891
2012-09-27,1447.1500244141
2012-09-28,1440.6700439453
2012-10-01,1444.4899902344
2012-10-02,1445.7500000000
2012-10-03,1450.9899902344
2012-10-04,1461.4000244141
2012-10-05,1460.9300537109
2012-10-08,1455.8800048828
2012-10-09,1441.4799804688
2012-10-10,1432.5600585938
2012-10-11,1432.8399658203
2012-10-12,1428.5899658203
2012-10-15,1440.1300048828
2012-10-16,1454.9200439453
2012-10-17,1460.9100341797
2012-10-18,1457.3399658203
2012-10-19,1433.1899414062
2012-10-22,1433.8199462891
2012-10-23,1413.1099853516
2012-10-24,1408.7500000000
2012-10-25,1412.9699707031
2012-10-26,1411.9399414062
2012-10-31,1412.1600341797
2012-11-01,1427.5899658203
2012-11-02,1414.1999511719
2012-11-05,1417.2600097656
2012-11-06,1428.3900146484
2012-11-07,1394.5300292969
2012-11-08,1377.5100097656
2012-11-09,1379.8499755859
2012-11-12,1380.0300292969
2012-11-13,1374.5300292969
2012-11-14,1355.4899902344
2012-11-15,1353.3299560547
2012-11-16,1359.8800048828
2012-11-19,1386.8900146484
2012-11-20,1387.8100585938
2012-11-21,1391.0300292969
2012-11-23,1409.1500244141
2012-11-26,1406.2900390625
2012-11-27,1398.9399414062
2012-11-28,1409.9300537109
2012-11-29,1415.9499511719
2012-11-30,1416.1800537109
2012-12-03,1409.4599609375
2012-12-04,1407.0500488281
2012-12-05,1409.2800292969
2012-12-06,1413.9399414062
2012-12-07,1418.0699462891
2012-12-10,1418.5500488281
2012-12-11,1427.8399658203
2012-12-12,1428.4799804688
2012-12-13,1419.4499511719
2012-12-14,1413.5799560547
2012-12-17,1430.3599853516
2012-12-18,1446.7900390625
2012-12-19,1435.8100585938
2012-12-20,1443.6899414062
2012-12-21,1430.1500244141
2012-12-24,1426.6600341797
2012-12-26,1419.8299560547
2012-12-27,1418.0999755859
2012-12-28,1402.4300537109
2012-12-31,1426.1899414062
2013-01-02,1462.4200439453
2013-01-03,1459.3699951172
2013-01-04,1466.4699707031
2013-01-07,1461.8900146484
2013-01-08,1457.1500244141
2013-01-09,1461.0200195312
2013-01-10,1472.1199951172
2013-01-11,1472.0500488281
2013-01-14,1470.6800537109
2013-01-15,1472.3399658203
2013-01-16,1472.6300048828
2013-01-17,1480.9399414062
2013-01-18,1485.9799804688
2013-01-22,1492.5600585938
2013-01-23,1494.8100585938
2013-01-24,1494.8199462891
2013-01-25,1502.9599609375
2013-01-28,1500.1800537109
2013-01-29,1507.8399658203
2013-01-30,1501.9599609375
2013-01-31,1498.1099853516
2013-02-01,1513.1700439453
2013-02-04,1495.7099609375
2013-02-05,1511.2900390625
2013-02-06,1512.1199951172
2013-02-07,1509.3900146484
2013-02-08,1517.9300537109
2013-02-11,1517.0100097656
2013-02-12,1519.4300537109
2013-02-13,1520.3299560547
2013-02-14,1521.3800048828
2013-02-15,1519.7900390625
2013-02-19,1530.9399414062
2013-02-20,1511.9499511719
2013-02-21,1502.4200439453
2013-02-22,1515.5999755859
2013-02-25,1487.8499755859
2013-02-26,1496.9399414062
2013-02-27,1515.9899902344
2013-02-28,1514.6800537109
2013-03-01,1518.1999511719
2013-03-04,1525.1999511719
2013-03-05,1539.7900390625
2013-03-06,1541.4599609375
2013-03-07,1544.2600097656
2013-03-08,1551.1800537109
2013-03-11,1556.2199707031
2013-03-12,1552.4799804688
2013-03-13,1554.5200195312
2013-03-14,1563.2299804688
2013-03-15,1560.6999511719
2013-03-18,1552.0999755859
2013-03-19,1548.3399658203
2013-03-20,1558.7099609375
2013-03-21,1545.8000488281
2013-03-22,1556.8900146484
2013-03-25,1551.6899414062
2013-03-26,1563.7700195312
2013-03-27,1562.8499755859
2013-03-28,1569.1899414062
2013-04-01,1562.1700439453
2013-04-02,1570.2500000000
2013-04-03,1553.6899414062
2013-04-04,1559.9799804688
2013-04-05,1553.2800292969
2013-04-08,1563.0699462891
2013-04-09,1568.6099853516
2013-04-10,1587.7299804688
2013-04-11,1593.3699951172
2013-04-12,1588.8499755859
2013-04-15,1552.3599853516
2013-04-16,1574.5699462891
2013-04-17,1552.0100097656
2013-04-18,1541.6099853516
2013-04-19,1555.2500000000
2013-04-22,1562.5000000000
2013-04-23,1578.7800292969
2013-04-24,1578.7900390625
2013-04-25,1585.1600341797
2013-04-26,1582.2399902344
2013-04-29,1593.6099853516
2013-04-30,1597.5699462891
2013-05-01,1582.6999511719
2013-05-02,1597.5899658203
2013-05-03,1614.4200439453
2013-05-06,1617.5000000000
2013-05-07,1625.9599609375
2013-05-08,1632.6899414062
2013-05-09,1626.6700439453
2013-05-10,1633.6999511719
2013-05-13,1633.7700195312
2013-05-14,1650.3399658203
2013-05-15,1658.7800292969
2013-05-16,1650.4699707031
2013-05-17,1667.4699707031
2013-05-20,1666.2900390625
2013-05-21,1669.1600341797
2013-05-22,1655.3499755859
2013-05-23,1650.5100097656
2013-05-24,1649.5999755859
2013-05-28,1660.0600585938
2013-05-29,1648.3599853516
2013-05-30,1654.4100341797
2013-05-31,1630.7399902344
2013-06-03,1640.4200439453
2013-06-04,1631.3800048828
2013-06-05,1608.9000244141
2013-06-06,1622.5600585938
2013-06-07,1643.3800048828
2013-06-10,1642.8100585938
2013-06-11,1626.1300048828
2013-06-12,1612.5200195312
2013-06-13,1636.3599853516
2013-06-14,1626.7299804688
2013-06-17,1639.0400390625
2013-06-18,1651.8100585938
2013-06-19,1628.9300537109
2013-06-20,1588.1899414062
2013-06-21,1592.4300537109
2013-06-24,1573.0899658203
2013-06-25,1588.0300292969
2013-06-26,1603.2600097656
2013-06-27,1613.1999511719
2013-06-28,1606.2800292969
2013-07-01,1614.9599609375
2013-07-02,1614.0799560547
2013-07-03,1615.4100341797
2013-07-05,1631.8900146484
2013-07-08,1640.4599609375
2013-07-09,1652.3199462891
2013-07-10,1652.6199951172
2013-07-11,1675.0200195312
2013-07-12,1680.1899414062
2013-07-15,1682.5000000000
2013-07-16,1676.2600097656
2013-07-17,1680.9100341797
2013-07-18,1689.3699951172
2013-07-19,1692.0899658203
2013-07-22,1695.5300292969
2013-07-23,1692.3900146484
2013-07-24,1685.9399414062
2013-07-25,1690.2500000000
2013-07-26,1691.6500244141
2013-07-29,1685.3299560547
2013-07-30,1685.9599609375
2013-07-31,1685.7299804688
2013-08-01,1706.8699951172
2013-08-02,1709.6700439453
2013-08-05,1707.1400146484
2013-08-06,1697.3699951172
2013-08-07,1690.9100341797
2013-08-08,1697.4799804688
2013-08-09,1691.4200439453
2013-08-12,1689.4699707031
2013-08-13,1694.1600341797
2013-08-14,1685.3900146484
2013-08-15,1661.3199462891
2013-08-16,1655.8299560547
2013-08-19,1646.0600585938
2013-08-20,1652.3499755859
2013-08-21,1642.8000488281
2013-08-22,1656.9599609375
2013-08-23,1663.5000000000
2013-08-26,1656.7800292969
2013-08-27,1630.4799804688
2013-08-28,1634.9599609375
2013-08-29,1638.1700439453
2013-08-30,1632.9699707031
2013-09-03,1639.7700195312
2013-09-04,1653.0799560547
2013-09-05,1655.0799560547
2013-09-06,1655.1700439453
2013-09-09,1671.7099609375
2013-09-10,1683.9899902344
2013-09-11,1689.1300048828
2013-09-12,1683.4200439453
2013-09-13,1687.9899902344
2013-09-16,1697.5999755859
2013-09-17,1704.7600097656
2013-09-18,1725.5200195312
2013-09-19,1722.3399658203
2013-09-20,1709.9100341797
2013-09-23,1701.8399658203
2013-09-24,1697.4200439453
2013-09-25,1692.7700195312
2013-09-26,1698.6700439453
2013-09-27,1691.7500000000
2013-09-30,1681.5500488281
2013-10-01,1695.0000000000
2013-10-02,1693.8699951172
2013-10-03,1678.6600341797
2013-10-04,1690.5000000000
2013-10-07,1676.1199951172
2013-10-08,1655.4499511719
2013-10-09,1656.4000244141
2013-10-10,1692.5600585938
2013-10-11,1703.1999511719
2013-10-14,1710.1400146484
2013-10-15,1698.0600585938
2013-10-16,1721.5400390625
2013-10-17,1733.1500244141
2013-10-18,1744.5000000000
2013-10-21,1744.6600341797
2013-10-22,1754.6700439453
2013-10-23,1746.3800048828
2013-10-24,1752.0699462891
2013-10-25,1759.7700195312
2013-10-28,1762.1099853516
2013-10-29,1771.9499511719
2013-10-30,1763.3100585938
2013-10-31,1756.5400390625
2013-11-01,1761.6400146484
2013-11-04,1767.9300537109
2013-11-05,1762.9699707031
2013-11-06,1770.4899902344
2013-11-07,1747.1500244141
2013-11-08,1770.6099853516
2013-11-11,1771.8900146484
2013-11-12,1767.6899414062
2013-11-13,1782.0000000000
2013-11-14,1790.6199951172
2013-11-15,1798.1800537109
2013-11-18,1791.5300292969
2013-11-19,1787.8699951172
2013-11-20,1781.3699951172
2013-11-21,1795.8499755859
2013-11-22,1804.7600097656
2013-11-25,1802.4799804688
2013-11-26,1802.7500000000
2013-11-27,1807.2299804688
2013-11-29,1805.8100585938
2013-12-02,1800.9000244141
2013-12-03,1795.1500244141
2013-12-04,1792.8100585938
2013-12-05,1785.0300292969
2013-12-06,1805.0899658203
2013-12-09,1808.3699951172
2013-12-10,1802.6199951172
2013-12-11,1782.2199707031
2013-12-12,1775.5000000000
2013-12-13,1775.3199462891
2013-12-16,1786.5400390625
2013-12-17,1781.0000000000
2013-12-18,1810.6500244141
2013-12-19,1809.5999755859
2013-12-20,1818.3199462891
2013-12-23,1827.9899902344
2013-12-24,1833.3199462891
2013-12-26,1842.0200195312
2013-12-27,1841.4000244141
2013-12-30,1841.0699462891
2013-12-31,1848.3599853516
2014-01-02,1831.9799804688
2014-01-03,1831.3699951172
2014-01-06,1826.7700195312
2014-01-07,1837.8800048828
2014-01-08,1837.4899902344
2014-01-09,1838.1300048828
2014-01-10,1842.3699951172
2014-01-13,1819.1999511719
2014-01-14,1838.8800048828
2014-01-15,1848.3800048828
2014-01-16,1845.8900146484
2014-01-17,1838.6999511719
2014-01-21,1843.8000488281
2014-01-22,1844.8599853516
2014-01-23,1828.4599609375
2014-01-24,1790.2900390625
2014-01-27,1781.5600585938
2014-01-28,1792.5000000000
2014-01-29,1774.1999511719
2014-01-30,1794.1899414062
2014-01-31,1782.5899658203
2014-02-03,1741.8900146484
2014-02-04,1755.1999511719
2014-02-05,1751.6400146484
2014-02-06,1773.4300537109
2014-02-07,1797.0200195312
2014-02-10,1799.8399658203
2014-02-11,1819.7500000000
2014-02-12,1819.2600097656
2014-02-13,1829.8299560547
2014-02-14,1838.6300048828
2014-02-18,1840.7600097656
2014-02-19,1828.7500000000
2014-02-20,1839.7800292969
2014-02-21,1836.2500000000
2014-02-24,1847.6099853516
2014-02-25,1845.1199951172
2014-02-26,1845.1600341797
2014-02-27,1854.2900390625
2014-02-28,1859.4499511719
2014-03-03,1845.7299804688
2014-03-04,1873.9100341797
2014-03-05,1873.8100585938
2014-03-06,1877.0300292969
2014-03-07,1878.0400390625
2014-03-10,1877.1700439453
2014-03-11,1867.6300048828
2014-03-12,1868.1999511719
2014-03-13,1846.3399658203
2014-03-14,1841.1300048828
2014-03-17,1858.8299560547
2014-03-18,1872.2500000000
2014-03-19,1860.7700195312
2014-03-20,1872.0100097656
2014-03-21,1866.5200195312
2014-03-24,1857.4399414062
2014-03-25,1865.6199951172
2014-03-26,1852.5600585938
2014-03-27,1849.0400390625
2014-03-28,1857.6199951172
2014-03-31,1872.3399658203
2014-04-01,1885.5200195312
2014-04-02,1890.9000244141
2014-04-03,1888.7700195312
2014-04-04,1865.0899658203
2014-04-07,1845.0400390625
2014-04-08,1851.9599609375
2014-04-09,1872.1800537109
2014-04-10,1833.0799560547
2014-04-11,1815.6899414062
2014-04-14,1830.6099853516
2014-04-15,1842.9799804688
2014-04-16,1862.3100585938
2014-04-17,1864.8499755859
2014-04-21,1871.8900146484
2014-04-22,1879.5500488281
2014-04-23,1875.3900146484
2014-04-24,1878.6099853516
2014-04-25,1863.4000244141
2014-04-28,1869.4300537109
2014-04-29,1878.3299560547
2014-04-30,1883.9499511719
2014-05-01,1883.6800537109
2014-05-02,1881.1400146484
2014-05-05,1884.6600341797
2014-05-06,1867.7199707031
2014-05-07,1878.2099609375
2014-05-08,1875.6300048828
2014-05-09,1878.4799804688
2014-05-12,1896.6500244141
2014-05-13,1897.4499511719
2014-05-14,1888.5300292969
2014-05-15,1870.8499755859
2014-05-16,1877.8599853516
2014-05-19,1885.0799560547
2014-05-20,1872.8299560547
2014-05-21,1888.0300292969
2014-05-22,1892.4899902344
2014-05-23,1900.5300292969
2014-05-27,1911.9100341797
2014-05-28,1909.7800292969
2014-05-29,1920.0300292969
2014-05-30,1923.5699462891
2014-06-02,1924.9699707031
2014-06-03,1924.2399902344
2014-06-04,1927.8800048828
2014-06-05,1940.4599609375
2014-06-06,1949.4399414062
2014-06-09,1951.2700195312
2014-06-10,1950.7900390625
2014-06-11,1943.8900146484
2014-06-12,1930.1099853516
2014-06-13,1936.1600341797
2014-06-16,1937.7800292969
2014-06-17,1941.9899902344
2014-06-18,1956.9799804688
2014-06-19,1959.4799804688
2014-06-20,1962.8699951172
2014-06-23,1962.6099853516
2014-06-24,1949.9799804688
2014-06-25,1959.5300292969
2014-06-26,1957.2199707031
2014-06-27,1960.9599609375
2014-06-30,1960.2299804688
2014-07-01,1973.3199462891
2014-07-02,1974.6199951172
2014-07-03,1985.4399414062
2014-07-07,1977.6500244141
2014-07-08,1963.7099609375
2014-07-09,1972.8299560547
2014-07-10,1964.6800537109
2014-07-11,1967.5699462891
2014-07-14,1977.0999755859
2014-07-15,1973.2800292969
2014-07-16,1981.5699462891
2014-07-17,1958.1199951172
2014-07-18,1978.2199707031
2014-07-21,1973.6300048828
2014-07-22,1983.5300292969
2014-07-23,1987.0100097656
2014-07-24,1987.9799804688
2014-07-25,1978.3399658203
2014-07-28,1978.9100341797
2014-07-29,1969.9499511719
2014-07-30,1970.0699462891
2014-07-31,1930.6700439453
2014-08-01,1925.1500244141
2014-08-04,1938.9899902344
2014-08-05,1920.2099609375
2014-08-06,1920.2399902344
2014-08-07,1909.5699462891
2014-08-08,1931.5899658203
2014-08-11,1936.9200439453
2014-08-12,1933.7500000000
2014-08-13,1946.7199707031
2014-08-14,1955.1800537109
2014-08-15,1955.0600585938
2014-08-18,1971.7399902344
2014-08-19,1981.5999755859
2014-08-20,1986.5100097656
2014-08-21,1992.3699951172
2014-08-22,1988.4000244141
2014-08-25,1997.9200439453
2014-08-26,2000.0200195312
2014-08-27,2000.1199951172
2014-08-28,1996.7399902344
2014-08-29,2003.3699951172
2014-09-02,2002.2800292969
2014-09-03,2000.7199707031
2014-09-04,1997.6500244141
2014-09-05,2007.7099609375
2014-09-08,2001.5400390625
2014-09-09,1988.4399414062
2014-09-10,1995.6899414062
2014-09-11,1997.4499511719
2014-09-12,1985.5400390625
2014-09-15,1984.1300048828
2014-09-16,1998.9799804688
2014-09-17,2001.5699462891
2014-09-18,2011.3599853516
2014-09-19,2010.4000244141
2014-09-22,1994.2900390625
2014-09-23,1982.7700195312
2014-09-24,1998.3000488281
2014-09-25,1965.9899902344
2014-09-26,1982.8499755859
2014-09-29,1977.8000488281
2014-09-30,1972.2900390625
2014-10-01,1946.1600341797
2014-10-02,1946.1700439453
2014-10-03,1967.9000244141
2014-10-06,1964.8199462891
2014-10-07,1935.0999755859
2014-10-08,1968.8900146484
2014-10-09,1928.2099609375
2014-10-10,1906.1300048828
2014-10-13,1874.7399902344
2014-10-14,1877.6999511719
2014-10-15,1862.4899902344
2014-10-16,1862.7600097656
2014-10-17,1886.7600097656
2014-10-20,1904.0100097656
2014-10-21,1941.2800292969
2014-10-22,1927.1099853516
2014-10-23,1950.8199462891
2014-10-24,1964.5799560547
2014-10-27,1961.6300048828
2014-10-28,1985.0500488281
2014-10-29,1982.3000488281
2014-10-30,1994.6500244141
2014-10-31,2018.0500488281
2014-11-03,2017.8100585938
2014-11-04,2012.0999755859
2014-11-05,2023.5699462891
2014-11-06,2031.2099609375
2014-11-07,2031.9200439453
2014-11-10,2038.2600097656
2014-11-11,2039.6800537109
2014-11-12,2038.2500000000
2014-11-13,2039.3299560547
2014-11-14,2039.8199462891
2014-11-17,2041.3199462891
2014-11-18,2051.8000488281
2014-11-19,2048.7199707031
2014-11-20,2052.7500000000
2014-11-21,2063.5000000000
2014-11-24,2069.4099121094
2014-11-25,2067.0300292969
2014-11-26,2072.8300781250
2014-11-28,2067.5600585938
2014-12-01,2053.4399414062
2014-12-02,2066.5500488281
2014-12-03,2074.3300781250
2014-12-04,2071.9199218750
2014-12-05,2075.3701171875
2014-12-08,2060.3100585938
2014-12-09,2059.8200683594
2014-12-10,2026.1400146484
2014-12-11,2035.3299560547
2014-12-12,2002.3299560547
2014-12-15,1989.6300048828
2014-12-16,1972.7399902344
2014-12-17,2012.8900146484
2014-12-18,2061.2299804688
2014-12-19,2070.6499023438
2014-12-22,2078.5400390625
2014-12-23,2082.1699218750
2014-12-24,2081.8798828125
2014-12-26,2088.7700195312
2014-12-29,2090.5700683594
2014-12-30,2080.3500976562
2014-12-31,2058.8999023438
2015-01-02,2058.1999511719
2015-01-05,2020.5799560547
2015-01-06,2002.6099853516
2015-01-07,2025.9000244141
2015-01-08,2062.1398925781
2015-01-09,2044.8100585938
2015-01-12,2028.2600097656
2015-01-13,2023.0300292969
2015-01-14,2011.2700195312
2015-01-15,1992.6700439453
2015-01-16,2019.4200439453
2015-01-20,2022.5500488281
2015-01-21,2032.1199951172
2015-01-22,2063.1499023438
2015-01-23,2051.8200683594
2015-01-26,2057.0900878906
2015-01-27,2029.5500488281
2015-01-28,2002.1600341797
2015-01-29,2021.2500000000
2015-01-30,1994.9899902344
2015-02-02,2020.8499755859
2015-02-03,2050.0300292969
2015-02-04,2041.5100097656
2015-02-05,2062.5200195312
2015-02-06,2055.4699707031
2015-02-09,2046.7399902344
2015-02-10,2068.5900878906
2015-02-11,2068.5300292969
2015-02-12,2088.4799804688
2015-02-13,2096.9899902344
2015-02-17,2100.3400878906
2015-02-18,2099.6799316406
2015-02-19,2097.4499511719
2015-02-20,2110.3000488281
2015-02-23,2109.6599121094
2015-02-24,2115.4799804688
2015-02-25,2113.8601074219
2015-02-26,2110.7399902344
2015-02-27,2104.5000000000
2015-03-02,2117.3898925781
2015-03-03,2107.7800292969
2015-03-04,2098.5300292969
2015-03-05,2101.0400390625
2015-03-06,2071.2600097656
2015-03-09,2079.4299316406
2015-03-10,2044.1600341797
2015-03-11,2040.2399902344
2015-03-12,2065.9499511719
2015-03-13,2053.3999023438
2015-03-16,2081.1899414062
2015-03-17,2074.2800292969
2015-03-18,2099.5000000000
2015-03-19,2089.2700195312
2015-03-20,2108.1000976562
2015-03-23,2104.4199218750
2015-03-24,2091.5000000000
2015-03-25,2061.0500488281
2015-03-26,2056.1499023438
2015-03-27,2061.0200195312
2015-03-30,2086.2399902344
2015-03-31,2067.8898925781
2015-04-01,2059.6899414062
2015-04-02,2066.9599609375
2015-04-06,2080.6201171875
2015-04-07,2076.3300781250
2015-04-08,2081.8999023438
2015-04-09,2091.1799316406
2015-04-10,2102.0600585938
2015-04-13,2092.4299316406
2015-04-14,2095.8400878906
2015-04-15,2106.6298828125
2015-04-16,2104.9899902344
2015-04-17,2081.1799316406
2015-04-20,2100.3999023438
2015-04-21,2097.2900390625
2015-04-22,2107.9599609375
2015-04-23,2112.9299316406
2015-04-24,2117.6899414062
2015-04-27,2108.9199218750
2015-04-28,2114.7600097656
2015-04-29,2106.8500976562
2015-04-30,2085.5100097656
2015-05-01,2108.2900390625
2015-05-04,2114.4899902344
2015-05-05,2089.4599609375
2015-05-06,2080.1499023438
2015-05-07,2088.0000000000
2015-05-08,2116.1000976562
2015-05-11,2105.3300781250
2015-05-12,2099.1201171875
2015-05-13,2098.4799804688
2015-05-14,2121.1000976562
2015-05-15,2122.7299804688
2015-05-18,2129.1999511719
2015-05-19,2127.8300781250
2015-05-20,2125.8500976562
2015-05-21,2130.8200683594
2015-05-22,2126.0600585938
2015-05-26,2104.1999511719
2015-05-27,2123.4799804688
2015-05-28,2120.7900390625
2015-05-29,2107.3898925781
2015-06-01,2111.7299804688
2015-06-02,2109.6000976562
2015-06-03,2114.0700683594
2015-06-04,2095.8400878906
2015-06-05,2092.8300781250
2015-06-08,2079.2800292969
2015-06-09,2080.1499023438
2015-06-10,2105.1999511719
2015-06-11,2108.8601074219
2015-06-12,2094.1101074219
2015-06-15,2084.4299316406
2015-06-16,2096.2900390625
2015-06-17,2100.4399414062
2015-06-18,2121.2399902344
2015-06-19,2109.9899902344
2015-06-22,2122.8500976562
2015-06-23,2124.1999511719
2015-06-24,2108.5800781250
2015-06-25,2102.3100585938
2015-06-26,2101.4899902344
2015-06-29,2057.6398925781
2015-06-30,2063.1101074219
2015-07-01,2077.4199218750
2015-07-02,2076.7800292969
2015-07-06,2068.7600097656
2015-07-07,2081.3400878906
2015-07-08,2046.6800537109
2015-07-09,2051.3100585938
2015-07-10,2076.6201171875
2015-07-13,2099.6000976562
2015-07-14,2108.9499511719
2015-07-15,2107.3999023438
2015-07-16,2124.2900390625
2015-07-17,2126.6398925781
2015-07-20,2128.2800292969
2015-07-21,2119.2099609375
2015-07-22,2114.1499023438
2015-07-23,2102.1499023438
2015-07-24,2079.6499023438
2015-07-27,2067.6398925781
2015-07-28,2093.2500000000
2015-07-29,2108.5700683594
2015-07-30,2108.6298828125
2015-07-31,2103.8400878906
2015-08-03,2098.0400390625
2015-08-04,2093.3200683594
2015-08-05,2099.8400878906
2015-08-06,2083.5600585938
2015-08-07,2077.5700683594
2015-08-10,2104.1799316406
2015-08-11,2084.0700683594
2015-08-12,2086.0500488281
2015-08-13,2083.3898925781
2015-08-14,2091.5400390625
2015-08-17,2102.4399414062
2015-08-18,2096.9199218750
2015-08-19,2079.6101074219
2015-08-20,2035.7299804688
2015-08-21,1970.8900146484
2015-08-24,1893.2099609375
2015-08-25,1867.6099853516
2015-08-26,1940.5100097656
2015-08-27,1987.6600341797
2015-08-28,1988.8699951172
2015-08-31,1972.1800537109
2015-09-01,1913.8499755859
2015-09-02,1948.8599853516
2015-09-03,1951.1300048828
2015-09-04,1921.2199707031
2015-09-08,1969.4100341797
2015-09-09,1942.0400390625
2015-09-10,1952.2900390625
2015-09-11,1961.0500488281
2015-09-14,1953.0300292969
2015-09-15,1978.0899658203
2015-09-16,1995.3100585938
2015-09-17,1990.1999511719
2015-09-18,1958.0300292969
2015-09-21,1966.9699707031
2015-09-22,1942.7399902344
2015-09-23,1938.7600097656
2015-09-24,1932.2399902344
2015-09-25,1931.3399658203
2015-09-28,1881.7700195312
2015-09-29,1884.0899658203
2015-09-30,1920.0300292969
2015-10-01,1923.8199462891
2015-10-02,1951.3599853516
2015-10-05,1987.0500488281
2015-10-06,1979.9200439453
2015-10-07,1995.8299560547
2015-10-08,2013.4300537109
2015-10-09,2014.8900146484
2015-10-12,2017.4599609375
2015-10-13,2003.6899414062
2015-10-14,1994.2399902344
2015-10-15,2023.8599853516
2015-10-16,2033.1099853516
2015-10-19,2033.6600341797
2015-10-20,2030.7700195312
2015-10-21,2018.9399414062
2015-10-22,2052.5100097656
2015-10-23,2075.1499023438
2015-10-26,2071.1799316406
2015-10-27,2065.8898925781
2015-10-28,2090.3500976562
2015-10-29,2089.4099121094
2015-10-30,2079.3601074219
2015-11-02,2104.0500488281
2015-11-03,2109.7900390625
2015-11-04,2102.3100585938
2015-11-05,2099.9299316406
2015-11-06,2099.1999511719
2015-11-09,2078.5800781250
2015-11-10,2081.7199707031
2015-11-11,2075.0000000000
2015-11-12,2045.9699707031
2015-11-13,2023.0400390625
2015-11-16,2053.1899414062
2015-11-17,2050.4399414062
2015-11-18,2083.5800781250
2015-11-19,2081.2399902344
2015-11-20,2089.1699218750
2015-11-23,2086.5900878906
2015-11-24,2089.1398925781
2015-11-25,2088.8701171875
2015-11-27,2090.1101074219
2015-11-30,2080.4099121094
2015-12-01,2102.6298828125
2015-12-02,2079.5100097656
2015-12-03,2049.6201171875
2015-12-04,2091.6899414062
2015-12-07,2077.0700683594
2015-12-08,2063.5900878906
2015-12-09,2047.6199951172
2015-12-10,2052.2299804688
2015-12-11,2012.3699951172
2015-12-14,2021.9399414062
2015-12-15,2043.4100341797
2015-12-16,2073.0700683594
2015-12-17,2041.8900146484
2015-12-18,2005.5500488281
2015-12-21,2021.1500244141
2015-12-22,2038.9699707031
2015-12-23,2064.2900390625
2015-12-24,2060.9899902344
2015-12-28,2056.5000000000
2015-12-29,2078.3601074219
2015-12-30,2063.3601074219
2015-12-31,2043.9399414062
2016-01-04,2012.6600341797
2016-01-05,2016.7099609375
2016-01-06,1990.2600097656
2016-01-07,1943.0899658203
2016-01-08,1922.0300292969
2016-01-11,1923.6700439453
2016-01-12,1938.6800537109
2016-01-13,1890.2800292969
2016-01-14,1921.8399658203
2016-01-15,1880.3299560547
2016-01-19,1881.3299560547
2016-01-20,1859.3299560547
2016-01-21,1868.9899902344
2016-01-22,1906.9000244141
2016-01-25,1877.0799560547
2016-01-26,1903.6300048828
2016-01-27,1882.9499511719
2016-01-28,1893.3599853516
2016-01-29,1940.2399902344
2016-02-01,1939.3800048828
2016-02-02,1903.0300292969
2016-02-03,1912.5300292969
2016-02-04,1915.4499511719
2016-02-05,1880.0500488281
2016-02-08,1853.4399414062
2016-02-09,1852.2099609375
2016-02-10,1851.8599853516
2016-02-11,1829.0799560547
2016-02-12,1864.7800292969
2016-02-16,1895.5799560547
2016-02-17,1926.8199462891
2016-02-18,1917.8299560547
2016-02-19,1917.7800292969
2016-02-22,1945.5000000000
2016-02-23,1921.2700195312
2016-02-24,1929.8000488281
2016-02-25,1951.6999511719
2016-02-26,1948.0500488281
2016-02-29,1932.2299804688
2016-03-01,1978.3499755859
2016-03-02,1986.4499511719
2016-03-03,1993.4000244141
2016-03-04,1999.9899902344
2016-03-07,2001.7600097656
2016-03-08,1979.2600097656
2016-03-09,1989.2600097656
2016-03-10,1989.5699462891
2016-03-11,2022.1899414062
2016-03-14,2019.6400146484
2016-03-15,2015.9300537109
2016-03-16,2027.2199707031
2016-03-17,2040.5899658203
2016-03-18,2049.5800781250
2016-03-21,2051.6000976562
2016-03-22,2049.8000488281
2016-03-23,2036.7099609375
2016-03-24,2035.9399414062
2016-03-28,2037.0500488281
2016-03-29,2055.0100097656
2016-03-30,2063.9499511719
2016-03-31,2059.7399902344
2016-04-01,2072.7800292969
2016-04-04,2066.1298828125
2016-04-05,2045.1700439453
2016-04-06,2066.6599121094
2016-04-07,2041.9100341797
2016-04-08,2047.5999755859
2016-04-11,2041.9899902344
2016-04-12,2061.7199707031
2016-04-13,2082.4199218750
2016-04-14,2082.7800292969
2016-04-15,2080.7299804688
2016-04-18,2094.3400878906
2016-04-19,2100.8000488281
2016-04-20,2102.3999023438
2016-04-21,2091.4799804688
2016-04-22,2091.5800781250
2016-04-25,2087.7900390625
2016-04-26,2091.6999511719
2016-04-27,2095.1499023438
2016-04-28,2075.8100585938
2016-04-29,2065.3000488281
2016-05-02,2081.4299316406
2016-05-03,2063.3701171875
2016-05-04,2051.1201171875
2016-05-05,2050.6298828125
2016-05-06,2057.1398925781
2016-05-09,2058.6899414062
2016-05-10,2084.3898925781
2016-05-11,2064.4599609375
2016-05-12,2064.1101074219
2016-05-13,2046.6099853516
2016-05-16,2066.6599121094
2016-05-17,2047.2099609375
2016-05-18,2047.6300048828
2016-05-19,2040.0400390625
2016-05-20,2052.3200683594
2016-05-23,2048.0400390625
2016-05-24,2076.0600585938
2016-05-25,2090.5400390625
2016-05-26,2090.1000976562
2016-05-27,2099.0600585938
2016-05-31,2096.9499511719
2016-06-01,2099.3300781250
2016-06-02,2105.2600097656
2016-06-03,2099.1298828125
2016-06-06,2109.4099121094
2016-06-07,2112.1298828125
2016-06-08,2119.1201171875
2016-06-09,2115.4799804688
2016-06-10,2096.0700683594
2016-06-13,2079.0600585938
2016-06-14,2075.3200683594
2016-06-15,2071.5000000000
2016-06-16,2077.9899902344
2016-06-17,2071.2199707031
2016-06-20,2083.2500000000
2016-06-21,2088.8999023438
2016-06-22,2085.4499511719
2016-06-23,2113.3200683594
2016-06-24,2037.4100341797
2016-06-27,2000.5400390625
2016-06-28,2036.0899658203
2016-06-29,2070.7700195312
2016-06-30,2098.8601074219
2016-07-01,2102.9499511719
2016-07-05,2088.5500488281
2016-07-06,2099.7299804688
2016-07-07,2097.8999023438
2016-07-08,2129.8999023438
2016-07-11,2137.1599121094
2016-07-12,2152.1398925781
2016-07-13,2152.4299316406
2016-07-14,2163.7500000000
2016-07-15,2161.7399902344
2016-07-18,2166.8898925781
2016-07-19,2163.7800292969
2016-07-20,2173.0200195312
2016-07-21,2165.1699218750
2016-07-22,2175.0300292969
2016-07-25,2168.4799804688
2016-07-26,2169.1799316406
2016-07-27,2166.5800781250
2016-07-28,2170.0600585938
2016-07-29,2173.6000976562
2016-08-01,2170.8400878906
2016-08-02,2157.0300292969
2016-08-03,2163.7900390625
2016-08-04,2164.2500000000
2016-08-05,2182.8701171875
2016-08-08,2180.8898925781
2016-08-09,2181.7399902344
2016-08-10,2175.4899902344
2016-08-11,2185.7900390625
2016-08-12,2184.0500488281
2016-08-15,2190.1499023438
2016-08-16,2178.1499023438
2016-08-17,2182.2199707031
2016-08-18,2187.0200195312
2016-08-19,2183.8701171875
2016-08-22,2182.6398925781
2016-08-23,2186.8999023438
2016-08-24,2175.4399414062
2016-08-25,2172.4699707031
2016-08-26,2169.0400390625
2016-08-29,2180.3798828125
2016-08-30,2176.1201171875
2016-08-31,2170.9499511719
2016-09-01,2170.8601074219
2016-09-02,2179.9799804688
2016-09-06,2186.4799804688
2016-09-07,2186.1599121094
2016-09-08,2181.3000488281
2016-09-09,2127.8100585938
2016-09-12,2159.0400390625
2016-09-13,2127.0200195312
2016-09-14,2125.7700195312
2016-09-15,2147.2600097656
2016-09-16,2139.1599121094
2016-09-19,2139.1201171875
2016-09-20,2139.7600097656
2016-09-21,2163.1201171875
2016-09-22,2177.1799316406
2016-09-23,2164.6899414062
2016-09-26,2146.1000976562
2016-09-27,2159.9299316406
2016-09-28,2171.3701171875
2016-09-29,2151.1298828125
2016-09-30,2168.2700195312
2016-10-03,2161.1999511719
2016-10-04,2150.4899902344
2016-10-05,2159.7299804688
2016-10-06,2160.7700195312
2016-10-07,2153.7399902344
2016-10-10,2163.6599121094
2016-10-11,2136.7299804688
2016-10-12,2139.1799316406
2016-10-13,2132.5500488281
2016-10-14,2132.9799804688
2016-10-17,2126.5000000000
2016-10-18,2139.6000976562
2016-10-19,2144.2900390625
2016-10-20,2141.3400878906
2016-10-21,2141.1599121094
2016-10-24,2151.3300781250
2016-10-25,2143.1599121094
2016-10-26,2139.4299316406
2016-10-27,2133.0400390625
2016-10-28,2126.4099121094
2016-10-31,2126.1499023438
2016-11-01,2111.7199707031
2016-11-02,2097.9399414062
2016-11-03,2088.6599121094
2016-11-04,2085.1799316406
2016-11-07,2131.5200195312
2016-11-08,2139.5600585938
2016-11-09,2163.2600097656
2016-11-10,2167.4799804688
2016-11-11,2164.4499511719
2016-11-14,2164.1999511719
2016-11-15,2180.3898925781
2016-11-16,2176.9399414062
2016-11-17,2187.1201171875
2016-11-18,2181.8999023438
2016-11-21,2198.1799316406
2016-11-22,2202.9399414062
2016-11-23,2204.7199707031
2016-11-25,2213.3500976562
2016-11-28,2201.7199707031
2016-11-29,2204.6599121094
2016-11-30,2198.8100585938
2016-12-01,2191.0800781250
2016-12-02,2191.9499511719
2016-12-05,2204.7099609375
2016-12-06,2212.2299804688
2016-12-07,2241.3500976562
2016-12-08,2246.1899414062
2016-12-09,2259.5300292969
2016-12-12,2256.9599609375
2016-12-13,2271.7199707031
2016-12-14,2253.2800292969
2016-12-15,2262.0300292969
2016-12-16,2258.0700683594
2016-12-19,2262.5300292969
2016-12-20,2270.7600097656
2016-12-21,2265.1799316406
2016-12-22,2260.9599609375
2016-12-23,2263.7900390625
2016-12-27,2268.8798828125
2016-12-28,2249.9199218750
2016-12-29,2249.2600097656
2016-12-30,2238.8300781250
2017-01-03,2257.8300781250
2017-01-04,2270.7500000000
2017-01-05,2269.0000000000
2017-01-06,2276.9799804688
2017-01-09,2268.8999023438
2017-01-10,2268.8999023438
2017-01-11,2275.3200683594
2017-01-12,2270.4399414062
2017-01-13,2274.6398925781
2017-01-17,2267.8898925781
2017-01-18,2271.8898925781
2017-01-19,2263.6899414062
2017-01-20,2271.3100585938
2017-01-23,2265.1999511719
2017-01-24,2280.0700683594
2017-01-25,2298.3701171875
2017-01-26,2296.6799316406
2017-01-27,2294.6899414062
2017-01-30,2280.8999023438
2017-01-31,2278.8701171875
2017-02-01,2279.5500488281
2017-02-02,2280.8500976562
2017-02-03,2297.4199218750
2017-02-06,2292.5600585938
2017-02-07,2293.0800781250
2017-02-08,2294.6699218750
2017-02-09,2307.8701171875
2017-02-10,2316.1000976562
2017-02-13,2328.2500000000
2017-02-14,2337.5800781250
2017-02-15,2349.2500000000
2017-02-16,2347.2199707031
2017-02-17,2351.1599121094
2017-02-21,2365.3798828125
2017-02-22,2362.8200683594
2017-02-23,2363.8100585938
2017-02-24,2367.3400878906
2017-02-27,2369.7500000000
2017-02-28,2363.6398925781
2017-03-01,2395.9599609375
2017-03-02,2381.9199218750
2017-03-03,2383.1201171875
2017-03-06,2375.3100585938
2017-03-07,2368.3898925781
2017-03-08,2362.9799804688
2017-03-09,2364.8701171875
2017-03-10,2372.6000976562
2017-03-13,2373.4699707031
2017-03-14,2365.4499511719
2017-03-15,2385.2600097656
2017-03-16,2381.3798828125
2017-03-17,2378.2500000000
2017-03-20,2373.4699707031
2017-03-21,2344.0200195312
2017-03-22,2348.4499511719
2017-03-23,2345.9599609375
2017-03-24,2343.9799804688
2017-03-27,2341.5900878906
2017-03-28,2358.5700683594
2017-03-29,2361.1298828125
2017-03-30,2368.0600585938
2017-03-31,2362.7199707031
2017-04-03,2358.8400878906
2017-04-04,2360.1599121094
2017-04-05,2352.9499511719
2017-04-06,2357.4899902344
2017-04-07,2355.5400390625
2017-04-10,2357.1599121094
2017-04-11,2353.7800292969
2017-04-12,2344.9299316406
2017-04-13,2328.9499511719
2017-04-17,2349.0100097656
2017-04-18,2342.1899414062
2017-04-19,2338.1699218750
2017-04-20,2355.8400878906
2017-04-21,2348.6899414062
2017-04-24,2374.1499023438
2017-04-25,2388.6101074219
2017-04-26,2387.4499511719
2017-04-27,2388.7700195312
2017-04-28,2384.1999511719
2017-05-01,2388.3300781250
2017-05-02,2391.1699218750
2017-05-03,2388.1298828125
2017-05-04,2389.5200195312
2017-05-05,2399.2900390625
2017-05-08,2399.3798828125
2017-05-09,2396.9199218750
2017-05-10,2399.6298828125
2017-05-11,2394.4399414062
2017-05-12,2390.8999023438
2017-05-15,2402.3200683594
2017-05-16,2400.6699218750
2017-05-17,2357.0300292969
2017-05-18,2365.7199707031
2017-05-19,2381.7299804688
2017-05-22,2394.0200195312
2017-05-23,2398.4199218750
2017-05-24,2404.3898925781
2017-05-25,2415.0700683594
2017-05-26,2415.8200683594
2017-05-30,2412.9099121094
2017-05-31,2411.8000488281
2017-06-01,2430.0600585938
2017-06-02,2439.0700683594
2017-06-05,2436.1000976562
2017-06-06,2429.3300781250
2017-06-07,2433.1398925781
2017-06-08,2433.7900390625
2017-06-09,2431.7700195312
2017-06-12,2429.3898925781
2017-06-13,2440.3500976562
2017-06-14,2437.9199218750
2017-06-15,2432.4599609375
2017-06-16,2433.1499023438
2017-06-19,2453.4599609375
2017-06-20,2437.0300292969
2017-06-21,2435.6101074219
2017-06-22,2434.5000000000
2017-06-23,2438.3000488281
2017-06-26,2439.0700683594
2017-06-27,2419.3798828125
2017-06-28,2440.6899414062
2017-06-29,2419.6999511719
2017-06-30,2423.4099121094
2017-07-03,2429.0100097656
2017-07-05,2432.5400390625
2017-07-06,2409.7500000000
2017-07-07,2425.1799316406
2017-07-10,2427.4299316406
2017-07-11,2425.5300292969
2017-07-12,2443.2500000000
2017-07-13,2447.8300781250
2017-07-14,2459.2700195312
2017-07-17,2459.1398925781
2017-07-18,2460.6101074219
2017-07-19,2473.8300781250
2017-07-20,2473.4499511719
2017-07-21,2472.5400390625
2017-07-24,2469.9099121094
2017-07-25,2477.1298828125
2017-07-26,2477.8300781250
2017-07-27,2475.4199218750
2017-07-28,2472.1000976562
2017-07-31,2470.3000488281
2017-08-01,2476.3500976562
2017-08-02,2477.5700683594
2017-08-03,2472.1599121094
2017-08-04,2476.8300781250
2017-08-07,2480.9099121094
2017-08-08,2474.9199218750
2017-08-09,2474.0200195312
2017-08-10,2438.2099609375
2017-08-11,2441.3200683594
2017-08-14,2465.8400878906
2017-08-15,2464.6101074219
2017-08-16,2468.1101074219
2017-08-17,2430.0100097656
2017-08-18,2425.5500488281
2017-08-21,2428.3701171875
2017-08-22,2452.5100097656
2017-08-23,2444.0400390625
2017-08-24,2438.9699707031
2017-08-25,2443.0500488281
2017-08-28,2444.2399902344
2017-08-29,2446.3000488281
2017-08-30,2457.5900878906
2017-08-31,2471.6499023438
2017-09-01,2476.5500488281
2017-09-05,2457.8500976562
2017-09-06,2465.5400390625
2017-09-07,2465.1000976562
2017-09-08,2461.4299316406
2017-09-11,2488.1101074219
2017-09-12,2496.4799804688
2017-09-13,2498.3701171875
2017-09-14,2495.6201171875
2017-09-15,2500.2299804688
2017-09-18,2503.8701171875
2017-09-19,2506.6499023438
2017-09-20,2508.2399902344
2017-09-21,2500.6000976562
2017-09-22,2502.2199707031
2017-09-25,2496.6599121094
2017-09-26,2496.8400878906
2017-09-27,2507.0400390625
2017-09-28,2510.0600585938
2017-09-29,2519.3601074219
2017-10-02,2529.1201171875
2017-10-03,2534.5800781250
2017-10-04,2537.7399902344
2017-10-05,2552.0700683594
2017-10-06,2549.3300781250
2017-10-09,2544.7299804688
2017-10-10,2550.6398925781
2017-10-11,2555.2399902344
2017-10-12,2550.9299316406
2017-10-13,2553.1699218750
2017-10-16,2557.6398925781
2017-10-17,2559.3601074219
2017-10-18,2561.2600097656
2017-10-19,2562.1000976562
2017-10-20,2575.2099609375
2017-10-23,2564.9799804688
2017-10-24,2569.1298828125
2017-10-25,2557.1499023438
2017-10-26,2560.3999023438
2017-10-27,2581.0700683594
2017-10-30,2572.8300781250
2017-10-31,2575.2600097656
2017-11-01,2579.3601074219
2017-11-02,2579.8500976562
2017-11-03,2587.8400878906
2017-11-06,2591.1298828125
2017-11-07,2590.6398925781
2017-11-08,2594.3798828125
2017-11-09,2584.6201171875
2017-11-10,2582.3000488281
2017-11-13,2584.8400878906
2017-11-14,2578.8701171875
2017-11-15,2564.6201171875
2017-11-16,2585.6398925781
2017-11-17,2578.8500976562
2017-11-20,2582.1398925781
2017-11-21,2599.0300292969
2017-11-22,2597.0800781250
2017-11-24,2602.4199218750
2017-11-27,2601.4199218750
2017-11-28,2627.0400390625
2017-11-29,2626.0700683594
2017-11-30,2647.5800781250
2017-12-01,2642.2199707031
2017-12-04,2639.4399414062
2017-12-05,2629.5700683594
2017-12-06,2629.2700195312
2017-12-07,2636.9799804688
2017-12-08,2651.5000000000
2017-12-11,2659.9899902344
2017-12-12,2664.1101074219
2017-12-13,2662.8500976562
2017-12-14,2652.0100097656
2017-12-15,2675.8100585938
2017-12-18,2690.1599121094
2017-12-19,2681.4699707031
2017-12-20,2679.2500000000
2017-12-21,2684.5700683594
2017-12-22,2683.3400878906
2017-12-26,2680.5000000000
2017-12-27,2682.6201171875
2017-12-28,2687.5400390625
2017-12-29,2673.6101074219
2018-01-02,2695.8100585938
2018-01-03,2713.0600585938
2018-01-04,2723.9899902344
2018-01-05,2743.1499023438
2018-01-08,2747.7099609375
2018-01-09,2751.2900390625
2018-01-10,2748.2299804688
2018-01-11,2767.5600585938
2018-01-12,2786.2399902344
2018-01-16,2776.4199218750
2018-01-17,2802.5600585938
2018-01-18,2798.0300292969
2018-01-19,2810.3000488281
2018-01-22,2832.9699707031
2018-01-23,2839.1298828125
2018-01-24,2837.5400390625
2018-01-25,2839.2500000000
2018-01-26,2872.8701171875
2018-01-29,2853.5300292969
2018-01-30,2822.4299316406
2018-01-31,2823.8100585938
2018-02-01,2821.9799804688
2018-02-02,2762.1298828125
2018-02-05,2648.9399414062
2018-02-06,2695.1398925781
2018-02-07,2681.6599121094
2018-02-08,2581.0000000000
2018-02-09,2619.5500488281
2018-02-12,2656.0000000000
2018-02-13,2662.9399414062
2018-02-14,2698.6298828125
2018-02-15,2731.1999511719
2018-02-16,2732.2199707031
2018-02-20,2716.2600097656
2018-02-21,2701.3300781250
2018-02-22,2703.9599609375
2018-02-23,2747.3000488281
2018-02-26,2779.6000976562
2018-02-27,2744.2800292969
2018-02-28,2713.8300781250
2018-03-01,2677.6699218750
2018-03-02,2691.2500000000
2018-03-05,2720.9399414062
2018-03-06,2728.1201171875
2018-03-07,2726.8000488281
2018-03-08,2738.9699707031
2018-03-09,2786.5700683594
2018-03-12,2783.0200195312
2018-03-13,2765.3100585938
2018-03-14,2749.4799804688
2018-03-15,2747.3300781250
2018-03-16,2752.0100097656
2018-03-19,2712.9199218750
2018-03-20,2716.9399414062
2018-03-21,2711.9299316406
2018-03-22,2643.6899414062
2018-03-23,2588.2600097656
2018-03-26,2658.5500488281
2018-03-27,2612.6201171875
2018-03-28,2605.0000000000
2018-03-29,2640.8701171875
2018-04-02,2581.8798828125
2018-04-03,2614.4499511719
2018-04-04,2644.6899414062
2018-04-05,2662.8400878906
2018-04-06,2604.4699707031
2018-04-09,2613.1599121094
2018-04-10,2656.8701171875
2018-04-11,2642.1899414062
2018-04-12,2663.9899902344
2018-04-13,2656.3000488281
2018-04-16,2677.8400878906
2018-04-17,2706.3898925781
2018-04-18,2708.6398925781
2018-04-19,2693.1298828125
2018-04-20,2670.1398925781
2018-04-23,2670.2900390625
2018-04-24,2634.5600585938
2018-04-25,2639.3999023438
2018-04-26,2666.9399414062
2018-04-27,2669.9099121094
2018-04-30,2648.0500488281
2018-05-01,2654.8000488281
2018-05-02,2635.6699218750
2018-05-03,2629.7299804688
2018-05-04,2663.4199218750
2018-05-07,2672.6298828125
2018-05-08,2671.9199218750
2018-05-09,2697.7900390625
2018-05-10,2723.0700683594
2018-05-11,2727.7199707031
2018-05-14,2730.1298828125
2018-05-15,2711.4499511719
2018-05-16,2722.4599609375
2018-05-17,2720.1298828125
2018-05-18,2712.9699707031
2018-05-21,2733.0100097656
2018-05-22,2724.4399414062
2018-05-23,2733.2900390625
2018-05-24,2727.7600097656
2018-05-25,2721.3300781250
2018-05-29,2689.8601074219
2018-05-30,2724.0100097656
2018-05-31,2705.2700195312
2018-06-01,2734.6201171875
2018-06-04,2746.8701171875
2018-06-05,2748.8000488281
2018-06-06,2772.3500976562
2018-06-07,2770.3701171875
2018-06-08,2779.0300292969
2018-06-11,2782.0000000000
2018-06-12,2786.8500976562
2018-06-13,2775.6298828125
2018-06-14,2782.4899902344
2018-06-15,2779.6599121094
2018-06-18,2773.7500000000
2018-06-19,2762.5900878906
2018-06-20,2767.3200683594
2018-06-21,2749.7600097656
2018-06-22,2754.8798828125
2018-06-25,2717.0700683594
2018-06-26,2723.0600585938
2018-06-27,2699.6298828125
2018-06-28,2716.3100585938
2018-06-29,2718.3701171875
2018-07-02,2726.7099609375
2018-07-03,2713.2199707031
2018-07-05,2736.6101074219
2018-07-06,2759.8200683594
2018-07-09,2784.1699218750
2018-07-10,2793.8400878906
2018-07-11,2774.0200195312
2018-07-12,2798.2900390625
2018-07-13,2801.3100585938
2018-07-16,2798.4299316406
2018-07-17,2809.5500488281
2018-07-18,2815.6201171875
2018-07-19,2804.4899902344
2018-07-20,2801.8300781250
2018-07-23,2806.9799804688
2018-07-24,2820.3999023438
2018-07-25,2846.0700683594
2018-07-26,2837.4399414062
2018-07-27,2818.8200683594
2018-07-30,2802.6000976562
2018-07-31,2816.2900390625
2018-08-01,2813.3601074219
2018-08-02,2827.2199707031
2018-08-03,2840.3500976562
2018-08-06,2850.3999023438
2018-08-07,2858.4499511719
2018-08-08,2857.6999511719
2018-08-09,2853.5800781250
2018-08-10,2833.2800292969
2018-08-13,2821.9299316406
2018-08-14,2839.9599609375
2018-08-15,2818.3701171875
2018-08-16,2840.6899414062
2018-08-17,2850.1298828125
2018-08-20,2857.0500488281
2018-08-21,2862.9599609375
2018-08-22,2861.8200683594
2018-08-23,2856.9799804688
2018-08-24,2874.6899414062
2018-08-27,2896.7399902344
2018-08-28,2897.5200195312
2018-08-29,2914.0400390625
2018-08-30,2901.1298828125
2018-08-31,2901.5200195312
2018-09-04,2896.7199707031
2018-09-05,2888.6000976562
2018-09-06,2878.0500488281
2018-09-07,2871.6799316406
2018-09-10,2877.1298828125
2018-09-11,2887.8898925781
2018-09-12,2888.9199218750
2018-09-13,2904.1799316406
2018-09-14,2904.9799804688
2018-09-17,2888.8000488281
2018-09-18,2904.3100585938
2018-09-19,2907.9499511719
2018-09-20,2930.7500000000
2018-09-21,2929.6699218750
2018-09-24,2919.3701171875
2018-09-25,2915.5600585938
2018-09-26,2905.9699707031
2018-09-27,2914.0000000000
2018-09-28,2913.9799804688
2018-10-01,2924.5900878906
2018-10-02,2923.4299316406
2018-10-03,2925.5100097656
2018-10-04,2901.6101074219
2018-10-05,2885.5700683594
2018-10-08,2884.4299316406
2018-10-09,2880.3400878906
2018-10-10,2785.6799316406
2018-10-11,2728.3701171875
2018-10-12,2767.1298828125
2018-10-15,2750.7900390625
2018-10-16,2809.9199218750
2018-10-17,2809.2099609375
2018-10-18,2768.7800292969
2018-10-19,2767.7800292969
2018-10-22,2755.8798828125
2018-10-23,2740.6899414062
2018-10-24,2656.1000976562
2018-10-25,2705.5700683594
2018-10-26,2658.6899414062
2018-10-29,2641.2500000000
2018-10-30,2682.6298828125
2018-10-31,2711.7399902344
2018-11-01,2740.3701171875
2018-11-02,2723.0600585938
2018-11-05,2738.3100585938
2018-11-06,2755.4499511719
2018-11-07,2813.8898925781
2018-11-08,2806.8300781250
2018-11-09,2781.0100097656
2018-11-12,2726.2199707031
2018-11-13,2722.1799316406
2018-11-14,2701.5800781250
2018-11-15,2730.1999511719
2018-11-16,2736.2700195312
2018-11-19,2690.7299804688
2018-11-20,2641.8898925781
2018-11-21,2649.9299316406
2018-11-23,2632.5600585938
2018-11-26,2673.4499511719
2018-11-27,2682.1699218750
2018-11-28,2743.7900390625
2018-11-29,2737.8000488281
2018-11-30,2760.1699218750
2018-12-03,2790.3701171875
2018-12-04,2700.0600585938
2018-12-06,2695.9499511719
2018-12-07,2633.0800781250
2018-12-10,2637.7199707031
2018-12-11,2636.7800292969
2018-12-12,2651.0700683594
2018-12-13,2650.5400390625
2018-12-14,2599.9499511719
2018-12-17,2545.9399414062
2018-12-18,2546.1599121094
2018-12-19,2506.9599609375
2018-12-20,2467.4199218750
2018-12-21,2416.6201171875
2018-12-24,2351.1000976562
2018-12-26,2467.6999511719
2018-12-27,2488.8300781250
2018-12-28,2485.7399902344
2018-12-31,2506.8500976562
2019-01-02,2510.0300292969
2019-01-03,2447.8898925781
2019-01-04,2531.9399414062
2019-01-07,2549.6899414062
2019-01-08,2574.4099121094
2019-01-09,2584.9599609375
2019-01-10,2596.6398925781
2019-01-11,2596.2600097656
2019-01-14,2582.6101074219
2019-01-15,2610.3000488281
2019-01-16,2616.1000976562
2019-01-17,2635.9599609375
2019-01-18,2670.7099609375
2019-01-22,2632.8999023438
2019-01-23,2638.6999511719
2019-01-24,2642.3300781250
2019-01-25,2664.7600097656
2019-01-28,2643.8500976562
2019-01-29,2640.0000000000
2019-01-30,2681.0500488281
2019-01-31,2704.1000976562
2019-02-01,2706.5300292969
2019-02-04,2724.8701171875
2019-02-05,2737.6999511719
2019-02-06,2731.6101074219
2019-02-07,2706.0500488281
2019-02-08,2707.8798828125
2019-02-11,2709.8000488281
2019-02-12,2744.7299804688
2019-02-13,2753.0300292969
2019-02-14,2745.7299804688
2019-02-15,2775.6000976562
2019-02-19,2779.7600097656
2019-02-20,2784.6999511719
2019-02-21,2774.8798828125
2019-02-22,2792.6699218750
2019-02-25,2796.1101074219
2019-02-26,2793.8999023438
2019-02-27,2792.3798828125
2019-02-28,2784.4899902344
2019-03-01,2803.6899414062
2019-03-04,2792.8100585938
2019-03-05,2789.6499023438
2019-03-06,2771.4499511719
2019-03-07,2748.9299316406
2019-03-08,2743.0700683594
2019-03-11,2783.3000488281
2019-03-12,2791.5200195312
2019-03-13,2810.9199218750
2019-03-14,2808.4799804688
2019-03-15,2822.4799804688
2019-03-18,2832.9399414062
2019-03-19,2832.5700683594
2019-03-20,2824.2299804688
2019-03-21,2854.8798828125
2019-03-22,2800.7099609375
2019-03-25,2798.3601074219
2019-03-26,2818.4599609375
2019-03-27,2805.3701171875
2019-03-28,2815.4399414062
2019-03-29,2834.3999023438
2019-04-01,2867.1899414062
2019-04-02,2867.2399902344
2019-04-03,2873.3999023438
2019-04-04,2879.3898925781
2019-04-05,2892.7399902344
2019-04-08,2895.7700195312
2019-04-09,2878.1999511719
2019-04-10,2888.2099609375
2019-04-11,2888.3200683594
2019-04-12,2907.4099121094
2019-04-15,2905.5800781250
2019-04-16,2907.0600585938
2019-04-17,2900.4499511719
2019-04-18,2905.0300292969
2019-04-22,2907.9699707031
2019-04-23,2933.6799316406
2019-04-24,2927.2500000000
2019-04-25,2926.1699218750
2019-04-26,2939.8798828125
2019-04-29,2943.0300292969
2019-04-30,2945.8300781250
2019-05-01,2923.7299804688
2019-05-02,2917.5200195312
2019-05-03,2945.6398925781
2019-05-06,2932.4699707031
2019-05-07,2884.0500488281
2019-05-08,2879.4199218750
2019-05-09,2870.7199707031
2019-05-10,2881.3999023438
2019-05-13,2811.8701171875
2019-05-14,2834.4099121094
2019-05-15,2850.9599609375
2019-05-16,2876.3200683594
2019-05-17,2859.5300292969
2019-05-20,2840.2299804688
2019-05-21,2864.3601074219
2019-05-22,2856.2700195312
2019-05-23,2822.2399902344
2019-05-24,2826.0600585938
2019-05-28,2802.3898925781
2019-05-29,2783.0200195312
2019-05-30,2788.8601074219
2019-05-31,2752.0600585938
2019-06-03,2744.4499511719
2019-06-04,2803.2700195312
2019-06-05,2826.1499023438
2019-06-06,2843.4899902344
2019-06-07,2873.3400878906
2019-06-10,2886.7299804688
2019-06-11,2885.7199707031
2019-06-12,2879.8400878906
2019-06-13,2891.6398925781
2019-06-14,2886.9799804688
2019-06-17,2889.6699218750
2019-06-18,2917.7500000000
2019-06-19,2926.4599609375
2019-06-20,2954.1799316406
2019-06-21,2950.4599609375
2019-06-24,2945.3500976562
2019-06-25,2917.3798828125
2019-06-26,2913.7800292969
2019-06-27,2924.9199218750
2019-06-28,2941.7600097656
2019-07-01,2964.3300781250
2019-07-02,2973.0100097656
2019-07-03,2995.8200683594
2019-07-05,2990.4099121094
2019-07-08,2975.9499511719
2019-07-09,2979.6298828125
2019-07-10,2993.0700683594
2019-07-11,2999.9099121094
2019-07-12,3013.7700195312
2019-07-15,3014.3000488281
2019-07-16,3004.0400390625
2019-07-17,2984.4199218750
2019-07-18,2995.1101074219
2019-07-19,2976.6101074219
2019-07-22,2985.0300292969
2019-07-23,3005.4699707031
2019-07-24,3019.5600585938
2019-07-25,3003.6699218750
2019-07-26,3025.8601074219
2019-07-29,3020.9699707031
2019-07-30,3013.1799316406
2019-07-31,2980.3798828125
2019-08-01,2953.5600585938
2019-08-02,2932.0500488281
2019-08-05,2844.7399902344
2019-08-06,2881.7700195312
2019-08-07,2883.9799804688
2019-08-08,2938.0900878906
2019-08-09,2918.6499023438
2019-08-12,2882.6999511719
2019-08-13,2926.3200683594
2019-08-14,2840.6000976562
2019-08-15,2847.6000976562
2019-08-16,2888.6799316406
2019-08-19,2923.6499023438
2019-08-20,2900.5100097656
2019-08-21,2924.4299316406
2019-08-22,2922.9499511719
2019-08-23,2847.1101074219
2019-08-26,2878.3798828125
2019-08-27,2869.1599121094
2019-08-28,2887.9399414062
2019-08-29,2924.5800781250
2019-08-30,2926.4599609375
2019-09-03,2906.2700195312
2019-09-04,2937.7800292969
2019-09-05,2976.0000000000
2019-09-06,2978.7099609375
2019-09-09,2978.4299316406
2019-09-10,2979.3898925781
2019-09-11,3000.9299316406
2019-09-12,3009.5700683594
2019-09-13,3007.3898925781
2019-09-16,2997.9599609375
2019-09-17,3005.6999511719
2019-09-18,3006.7299804688
2019-09-19,3006.7900390625
2019-09-20,2992.0700683594
2019-09-23,2991.7800292969
2019-09-24,2966.6000976562
2019-09-25,2984.8701171875
2019-09-26,2977.6201171875
2019-09-27,2961.7900390625
2019-09-30,2976.7399902344
2019-10-01,2940.2500000000
2019-10-02,2887.6101074219
2019-10-03,2910.6298828125
2019-10-04,2952.0100097656
2019-10-07,2938.7900390625
2019-10-08,2893.0600585938
2019-10-09,2919.3999023438
2019-10-10,2938.1298828125
2019-10-11,2970.2700195312
2019-10-14,2966.1499023438
2019-10-15,2995.6799316406
2019-10-16,2989.6899414062
2019-10-17,2997.9499511719
2019-10-18,2986.1999511719
2019-10-21,3006.7199707031
2019-10-22,2995.9899902344
2019-10-23,3004.5200195312
2019-10-24,3010.2900390625
2019-10-25,3022.5500488281
2019-10-28,3039.4199218750
2019-10-29,3036.8898925781
2019-10-30,3046.7700195312
2019-10-31,3037.5600585938
2019-11-01,3066.9099121094
2019-11-04,3078.2700195312
2019-11-05,3074.6201171875
2019-11-06,3076.7800292969
2019-11-07,3085.1799316406
2019-11-08,3093.0800781250
2019-11-11,3087.0100097656
2019-11-12,3091.8400878906
2019-11-13,3094.0400390625
2019-11-14,3096.6298828125
2019-11-15,3120.4599609375
2019-11-18,3122.0300292969
2019-11-19,3120.1799316406
2019-11-20,3108.4599609375
2019-11-21,3103.5400390625
2019-11-22,3110.2900390625
2019-11-25,3133.6398925781
2019-11-26,3140.5200195312
2019-11-27,3153.6298828125
2019-11-29,3140.9799804688
2019-12-02,3113.8701171875
2019-12-03,3093.1999511719
2019-12-04,3112.7600097656
2019-12-05,3117.4299316406
2019-12-06,3145.9099121094
2019-12-09,3135.9599609375
2019-12-10,3132.5200195312
2019-12-11,3141.6298828125
2019-12-12,3168.5700683594
2019-12-13,3168.8000488281
2019-12-16,3191.4499511719
2019-12-17,3192.5200195312
2019-12-18,3191.1398925781
2019-12-19,3205.3701171875
2019-12-20,3221.2199707031
2019-12-23,3224.0100097656
2019-12-24,3223.3798828125
2019-12-26,3239.9099121094
2019-12-27,3240.0200195312
2019-12-30,3221.2900390625
2019-12-31,3230.7800292969
2020-01-02,3257.8500976562
2020-01-03,3234.8500976562
2020-01-06,3246.2800292969
2020-01-07,3237.1799316406
2020-01-08,3253.0500488281
2020-01-09,3274.6999511719
2020-01-10,3265.3500976562
2020-01-13,3288.1298828125
2020-01-14,3283.1499023438
2020-01-15,3289.2900390625
2020-01-16,3316.8100585938
2020-01-17,3329.6201171875
2020-01-21,3320.7900390625
2020-01-22,3321.7500000000
2020-01-23,3325.5400390625
2020-01-24,3295.4699707031
2020-01-27,3243.6298828125
2020-01-28,3276.2399902344
2020-01-29,3273.3999023438
2020-01-30,3283.6599121094
2020-01-31,3225.5200195312
2020-02-03,3248.9199218750
2020-02-04,3297.5900878906
2020-02-05,3334.6899414062
2020-02-06,3345.7800292969
2020-02-07,3327.7099609375
2020-02-10,3352.0900878906
2020-02-11,3357.7500000000
2020-02-12,3379.4499511719
2020-02-13,3373.9399414062
2020-02-14,3380.1599121094
2020-02-18,3370.2900390625
2020-02-19,3386.1499023438
2020-02-20,3373.2299804688
2020-02-21,3337.7500000000
2020-02-24,3225.8898925781
2020-02-25,3128.2099609375
2020-02-26,3116.3898925781
2020-02-27,2978.7600097656
2020-02-28,2954.2199707031
2020-03-02,3090.2299804688
2020-03-03,3003.3701171875
2020-03-04,3130.1201171875
2020-03-05,3023.9399414062
2020-03-06,2972.3701171875
2020-03-09,2746.5600585938
2020-03-10,2882.2299804688
2020-03-11,2741.3798828125
2020-03-12,2480.6398925781
2020-03-13,2711.0200195312
2020-03-16,2386.1298828125
2020-03-17,2529.1899414062
2020-03-18,2398.1000976562
2020-03-19,2409.3898925781
2020-03-20,2304.9199218750
2020-03-23,2237.3999023438
2020-03-24,2447.3300781250
2020-03-25,2475.5600585938
2020-03-26,2630.0700683594
2020-03-27,2541.4699707031
2020-03-30,2626.6499023438
2020-03-31,2584.5900878906
2020-04-01,2470.5000000000
2020-04-02,2526.8999023438
2020-04-03,2488.6499023438
2020-04-06,2663.6799316406
2020-04-07,2659.4099121094
2020-04-08,2749.9799804688
2020-04-09,2789.8200683594
2020-04-13,2761.6298828125
2020-04-14,2846.0600585938
2020-04-15,2783.3601074219
2020-04-16,2799.5500488281
2020-04-17,2874.5600585938
2020-04-20,2823.1599121094
2020-04-21,2736.5600585938
2020-04-22,2799.3100585938
2020-04-23,2797.8000488281
2020-04-24,2836.7399902344
2020-04-27,2878.4799804688
2020-04-28,2863.3898925781
2020-04-29,2939.5100097656
2020-04-30,2912.4299316406
2020-05-01,2830.7099609375
2020-05-04,2842.7399902344
2020-05-05,2868.4399414062
2020-05-06,2848.4199218750
2020-05-07,2881.1899414062
2020-05-08,2929.8000488281
2020-05-11,2930.1899414062
2020-05-12,2870.1201171875
2020-05-13,2820.0000000000
2020-05-14,2852.5000000000
2020-05-15,2863.6999511719
2020-05-18,2953.9099121094
2020-05-19,2922.9399414062
2020-05-20,2971.6101074219
2020-05-21,2948.5100097656
2020-05-22,2955.4499511719
2020-05-26,2991.7700195312
2020-05-27,3036.1298828125
2020-05-28,3029.7299804688
2020-05-29,3044.3100585938
2020-06-01,3055.7299804688
2020-06-02,3080.8200683594
2020-06-03,3122.8701171875
2020-06-04,3112.3500976562
2020-06-05,3193.9299316406
2020-06-08,3232.3898925781
2020-06-09,3207.1799316406
2020-06-10,3190.1398925781
2020-06-11,3002.1000976562
2020-06-12,3041.3100585938
2020-06-15,3066.5900878906
2020-06-16,3124.7399902344
2020-06-17,3113.4899902344
2020-06-18,3115.3400878906
2020-06-19,3097.7399902344
2020-06-22,3117.8601074219
2020-06-23,3131.2900390625
2020-06-24,3050.3300781250
2020-06-25,3083.7600097656
2020-06-26,3009.0500488281
2020-06-29,3053.2399902344
2020-06-30,3100.2900390625
2020-07-01,3115.8601074219
2020-07-02,3130.0100097656
2020-07-06,3179.7199707031
2020-07-07,3145.3200683594
2020-07-08,3169.9399414062
2020-07-09,3152.0500488281
2020-07-10,3185.0400390625
2020-07-13,3155.2199707031
2020-07-14,3197.5200195312
2020-07-15,3226.5600585938
2020-07-16,3215.5700683594
2020-07-17,3224.7299804688
2020-07-20,3251.8400878906
2020-07-21,3257.3000488281
2020-07-22,3276.0200195312
2020-07-23,3235.6599121094
2020-07-24,3215.6298828125
2020-07-27,3239.4099121094
2020-07-28,3218.4399414062
2020-07-29,3258.4399414062
2020-07-30,3246.2199707031
2020-07-31,3271.1201171875
2020-08-03,3294.6101074219
2020-08-04,3306.5100097656
2020-08-05,3327.7700195312
2020-08-06,3349.1599121094
2020-08-07,3351.2800292969
2020-08-10,3360.4699707031
2020-08-11,3333.6899414062
2020-08-12,3380.3500976562
2020-08-13,3373.4299316406
2020-08-14,3372.8500976562
2020-08-17,3381.9899902344
2020-08-18,3389.7800292969
2020-08-19,3374.8500976562
2020-08-20,3385.5100097656
2020-08-21,3397.1599121094
2020-08-24,3431.2800292969
2020-08-25,3443.6201171875
2020-08-26,3478.7299804688
2020-08-27,3484.5500488281
2020-08-28,3508.0100097656
2020-08-31,3500.3100585938
2020-09-01,3526.6499023438
2020-09-02,3580.8400878906
2020-09-03,3455.0600585938
2020-09-04,3426.9599609375
2020-09-08,3331.8400878906
2020-09-09,3398.9599609375
2020-09-10,3339.1899414062
2020-09-11,3340.9699707031
2020-09-14,3383.5400390625
2020-09-15,3401.1999511719
2020-09-16,3385.4899902344
2020-09-17,3357.0100097656
2020-09-18,3319.4699707031
2020-09-21,3281.0600585938
2020-09-22,3315.5700683594
2020-09-23,3236.9199218750
2020-09-24,3246.5900878906
2020-09-25,3298.4599609375
2020-09-28,3351.6000976562
2020-09-29,3335.4699707031
2020-09-30,3363.0000000000
2020-10-01,3380.8000488281
2020-10-02,3348.4199218750
2020-10-05,3408.6000976562
2020-10-06,3360.9699707031
2020-10-07,3419.4399414062
2020-10-08,3446.8300781250
2020-10-09,3477.1398925781
2020-10-12,3534.2199707031
2020-10-13,3511.9299316406
2020-10-14,3488.6699218750
2020-10-15,3483.3400878906
2020-10-16,3483.8100585938
2020-10-19,3426.9199218750
2020-10-20,3443.1201171875
2020-10-21,3435.5600585938
2020-10-22,3453.4899902344
2020-10-23,3465.3898925781
2020-10-26,3400.9699707031
2020-10-27,3390.6799316406
2020-10-28,3271.0300292969
2020-10-29,3310.1101074219
2020-10-30,3269.9599609375
2020-11-02,3310.2399902344
2020-11-03,3369.1599121094
2020-11-04,3443.4399414062
2020-11-05,3510.4499511719
2020-11-06,3509.4399414062
2020-11-09,3550.5000000000
2020-11-10,3545.5300292969
2020-11-11,3572.6599121094
2020-11-12,3537.0100097656
2020-11-13,3585.1499023438
2020-11-16,3626.9099121094
2020-11-17,3609.5300292969
2020-11-18,3567.7900390625
2020-11-19,3581.8701171875
2020-11-20,3557.5400390625
2020-11-23,3577.5900878906
2020-11-24,3635.4099121094
2020-11-25,3629.6499023438
2020-11-27,3638.3500976562
2020-11-30,3621.6298828125
2020-12-01,3662.4499511719
2020-12-02,3669.0100097656
2020-12-03,3666.7199707031
2020-12-04,3699.1201171875
2020-12-07,3691.9599609375
2020-12-08,3702.2500000000
2020-12-09,3672.8200683594
2020-12-10,3668.1000976562
2020-12-11,3663.4599609375
2020-12-14,3647.4899902344
2020-12-15,3694.6201171875
2020-12-16,3701.1699218750
2020-12-17,3722.4799804688
2020-12-18,3709.4099121094
2020-12-21,3694.9199218750
2020-12-22,3687.2600097656
2020-12-23,3690.0100097656
2020-12-24,3703.0600585938
2020-12-28,3735.3601074219
2020-12-29,3727.0400390625
2020-12-30,3732.0400390625
2020-12-31,3756.0700683594
2021-01-04,3700.6499023438
2021-01-05,3726.8601074219
2021-01-06,3748.1398925781
2021-01-07,3803.7900390625
2021-01-08,3824.6799316406
2021-01-11,3799.6101074219
2021-01-12,3801.1899414062
2021-01-13,3809.8400878906
2021-01-14,3795.5400390625
2021-01-15,3768.2500000000
2021-01-19,3798.9099121094
2021-01-20,3851.8500976562
2021-01-21,3853.0700683594
2021-01-22,3841.4699707031
2021-01-25,3855.3601074219
2021-01-26,3849.6201171875
2021-01-27,3750.7700195312
2021-01-28,3787.3798828125
2021-01-29,3714.2399902344
2021-02-01,3773.8601074219
2021-02-02,3826.3100585938
2021-02-03,3830.1699218750
2021-02-04,3871.7399902344
2021-02-05,3886.8300781250
2021-02-08,3915.5900878906
2021-02-09,3911.2299804688
2021-02-10,3909.8798828125
2021-02-11,3916.3798828125
2021-02-12,3934.8300781250
2021-02-16,3932.5900878906
2021-02-17,3931.3300781250
2021-02-18,3913.9699707031
2021-02-19,3906.7099609375
2021-02-22,3876.5000000000
2021-02-23,3881.3701171875
2021-02-24,3925.4299316406
2021-02-25,3829.3400878906
2021-02-26,3811.1499023438
2021-03-01,3901.8200683594
2021-03-02,3870.2900390625
2021-03-03,3819.7199707031
2021-03-04,3768.4699707031
2021-03-05,3841.9399414062
2021-03-08,3821.3500976562
2021-03-09,3875.4399414062
2021-03-10,3898.8100585938
2021-03-11,3939.3400878906
2021-03-12,3943.3400878906
2021-03-15,3968.9399414062
2021-03-16,3962.7099609375
2021-03-17,3974.1201171875
2021-03-18,3915.4599609375
2021-03-19,3913.1000976562
2021-03-22,3940.5900878906
2021-03-23,3910.5200195312
2021-03-24,3889.1398925781
2021-03-25,3909.5200195312
2021-03-26,3974.5400390625
2021-03-29,3971.0900878906
2021-03-30,3958.5500488281
2021-03-31,3972.8898925781
2021-04-01,4019.8701171875
2021-04-05,4077.9099121094
2021-04-06,4073.9399414062
2021-04-07,4079.9499511719
2021-04-08,4097.1699218750
2021-04-09,4128.7998046875
2021-04-12,4127.9902343750
2021-04-13,4141.5898437500
2021-04-14,4124.6601562500
2021-04-15,4170.4199218750
2021-04-16,4185.4702148438
2021-04-19,4163.2597656250
2021-04-20,4134.9399414062
2021-04-21,4173.4199218750
2021-04-22,4134.9799804688
2021-04-23,4180.1699218750
2021-04-26,4187.6201171875
2021-04-27,4186.7202148438
2021-04-28,4183.1801757812
2021-04-29,4211.4702148438
2021-04-30,4181.1699218750
2021-05-03,4192.6601562500
2021-05-04,4164.6601562500
2021-05-05,4167.5898437500
2021-05-06,4201.6201171875
2021-05-07,4232.6000976562
2021-05-10,4188.4301757812
2021-05-11,4152.1000976562
2021-05-12,4063.0400390625
2021-05-13,4112.5000000000
2021-05-14,4173.8500976562
2021-05-17,4163.2900390625
2021-05-18,4127.8300781250
2021-05-19,4115.6801757812
2021-05-20,4159.1201171875
2021-05-21,4155.8598632812
2021-05-24,4197.0498046875
2021-05-25,4188.1298828125
2021-05-26,4195.9902343750
2021-05-27,4200.8798828125
2021-05-28,4204.1098632812
2021-06-01,4202.0400390625
2021-06-02,4208.1201171875
2021-06-03,4192.8500976562
2021-06-04,4229.8901367188
2021-06-07,4226.5200195312
2021-06-08,4227.2597656250
2021-06-09,4219.5498046875
2021-06-10,4239.1801757812
2021-06-11,4247.4399414062
2021-06-14,4255.1499023438
2021-06-15,4246.5898437500
2021-06-16,4223.7001953125
2021-06-17,4221.8598632812
2021-06-18,4166.4501953125
2021-06-21,4224.7900390625
2021-06-22,4246.4399414062
2021-06-23,4241.8398437500
2021-06-24,4266.4902343750
2021-06-25,4280.7001953125
2021-06-28,4290.6098632812
2021-06-29,4291.7998046875
2021-06-30,4297.5000000000
2021-07-01,4319.9399414062
2021-07-02,4352.3398437500
2021-07-06,4343.5400390625
2021-07-07,4358.1298828125
2021-07-08,4320.8198242188
2021-07-09,4369.5498046875
2021-07-12,4384.6298828125
2021-07-13,4369.2099609375
2021-07-14,4374.2998046875
2021-07-15,4360.0297851562
2021-07-16,4327.1601562500
2021-07-19,4258.4902343750
2021-07-20,4323.0600585938
2021-07-21,4358.6899414062
2021-07-22,4367.4799804688
2021-07-23,4411.7900390625
2021-07-26,4422.2998046875
2021-07-27,4401.4599609375
2021-07-28,4400.6401367188
2021-07-29,4419.1499023438
2021-07-30,4395.2597656250
2021-08-02,4387.1601562500
2021-08-03,4423.1499023438
2021-08-04,4402.6601562500
2021-08-05,4429.1000976562
2021-08-06,4436.5200195312
2021-08-09,4432.3500976562
2021-08-10,4436.7500000000
2021-08-11,4442.4101562500
2021-08-12,4460.8300781250
2021-08-13,4468.0000000000
2021-08-16,4479.7099609375
2021-08-17,4448.0800781250
2021-08-18,4400.2700195312
2021-08-19,4405.7998046875
2021-08-20,4441.6699218750
2021-08-23,4479.5297851562
2021-08-24,4486.2299804688
2021-08-25,4496.1899414062
2021-08-26,4470.0000000000
2021-08-27,4509.3701171875
2021-08-30,4528.7900390625
2021-08-31,4522.6801757812
2021-09-01,4524.0898437500
2021-09-02,4536.9501953125
2021-09-03,4535.4301757812
2021-09-07,4520.0297851562
2021-09-08,4514.0698242188
2021-09-09,4493.2797851562
2021-09-10,4458.5800781250
2021-09-13,4468.7299804688
2021-09-14,4443.0498046875
2021-09-15,4480.7001953125
2021-09-16,4473.7500000000
2021-09-17,4432.9902343750
2021-09-20,4357.7299804688
2021-09-21,4354.1899414062
2021-09-22,4395.6401367188
2021-09-23,4448.9799804688
2021-09-24,4455.4799804688
2021-09-27,4443.1098632812
2021-09-28,4352.6298828125
2021-09-29,4359.4599609375
2021-09-30,4307.5400390625
2021-10-01,4357.0400390625
2021-10-04,4300.4599609375
2021-10-05,4345.7202148438
2021-10-06,4363.5498046875
2021-10-07,4399.7597656250
2021-10-08,4391.3398437500
2021-10-11,4361.1899414062
2021-10-12,4350.6499023438
2021-10-13,4363.7998046875
2021-10-14,4438.2597656250
2021-10-15,4471.3701171875
2021-10-18,4486.4599609375
2021-10-19,4519.6298828125
2021-10-20,4536.1899414062
2021-10-21,4549.7797851562
2021-10-22,4544.8999023438
2021-10-25,4566.4799804688
2021-10-26,4574.7900390625
2021-10-27,4551.6801757812
2021-10-28,4596.4199218750
2021-10-29,4605.3798828125
2021-11-01,4613.6699218750
2021-11-02,4630.6499023438
2021-11-03,4660.5698242188
2021-11-04,4680.0600585938
2021-11-05,4697.5297851562
2021-11-08,4701.7001953125
2021-11-09,4685.2500000000
2021-11-10,4646.7099609375
2021-11-11,4649.2700195312
2021-11-12,4682.8500976562
2021-11-15,4682.7998046875
2021-11-16,4700.8999023438
2021-11-17,4688.6699218750
2021-11-18,4704.5400390625
2021-11-19,4697.9599609375
2021-11-22,4682.9399414062
2021-11-23,4690.7001953125
2021-11-24,4701.4599609375
2021-11-26,4594.6201171875
2021-11-29,4655.2700195312
2021-11-30,4567.0000000000
2021-12-01,4513.0400390625
2021-12-02,4577.1000976562
2021-12-03,4538.4301757812
2021-12-06,4591.6699218750
2021-12-07,4686.7500000000
2021-12-08,4701.2099609375
2021-12-09,4667.4501953125
2021-12-10,4712.0200195312
2021-12-13,4668.9702148438
2021-12-14,4634.0898437500
2021-12-15,4709.8500976562
2021-12-16,4668.6699218750
2021-12-17,4620.6401367188
2021-12-20,4568.0200195312
2021-12-21,4649.2299804688
2021-12-22,4696.5600585938
2021-12-23,4725.7900390625
2021-12-27,4791.1899414062
2021-12-28,4786.3500976562
2021-12-29,4793.0600585938
2021-12-30,4778.7299804688
2021-12-31,4766.1801757812
2022-01-03,4796.5600585938
2022-01-04,4793.5400390625
2022-01-05,4700.5800781250
2022-01-06,4696.0498046875
2022-01-07,4677.0297851562
2022-01-10,4670.2900390625
2022-01-11,4713.0698242188
2022-01-12,4726.3500976562
2022-01-13,4659.0297851562
2022-01-14,4662.8500976562
2022-01-18,4577.1098632812
2022-01-19,4532.7597656250
2022-01-20,4482.7299804688
2022-01-21,4397.9399414062
2022-01-24,4410.1298828125
2022-01-25,4356.4501953125
2022-01-26,4349.9301757812
2022-01-27,4326.5097656250
2022-01-28,4431.8500976562
2022-01-31,4515.5498046875
2022-02-01,4546.5400390625
2022-02-02,4589.3798828125
2022-02-03,4477.4399414062
2022-02-04,4500.5297851562
2022-02-07,4483.8701171875
2022-02-08,4521.5400390625
2022-02-09,4587.1801757812
2022-02-10,4504.0800781250
2022-02-11,4418.6401367188
2022-02-14,4401.6699218750
2022-02-15,4471.0698242188
2022-02-16,4475.0097656250
2022-02-17,4380.2597656250
2022-02-18,4348.8701171875
2022-02-22,4304.7597656250
2022-02-23,4225.5000000000
2022-02-24,4288.7001953125
2022-02-25,4384.6499023438
2022-02-28,4373.9399414062
2022-03-01,4306.2597656250
2022-03-02,4386.5400390625
2022-03-03,4363.4902343750
2022-03-04,4328.8701171875
2022-03-07,4201.0898437500
2022-03-08,4170.7001953125
2022-03-09,4277.8798828125
2022-03-10,4259.5200195312
2022-03-11,4204.3100585938
2022-03-14,4173.1098632812
2022-03-15,4262.4501953125
2022-03-16,4357.8598632812
2022-03-17,4411.6699218750
2022-03-18,4463.1201171875
2022-03-21,4461.1801757812
2022-03-22,4511.6098632812
2022-03-23,4456.2402343750
2022-03-24,4520.1601562500
2022-03-25,4543.0600585938
2022-03-28,4575.5200195312
2022-03-29,4631.6000976562
2022-03-30,4602.4501953125
2022-03-31,4530.4101562500
2022-04-01,4545.8598632812
2022-04-04,4582.6401367188
2022-04-05,4525.1201171875
2022-04-06,4481.1499023438
2022-04-07,4500.2099609375
2022-04-08,4488.2797851562
2022-04-11,4412.5297851562
2022-04-12,4397.4501953125
2022-04-13,4446.5898437500
2022-04-14,4392.5898437500
2022-04-18,4391.6899414062
2022-04-19,4462.2099609375
2022-04-20,4459.4501953125
2022-04-21,4393.6601562500
2022-04-22,4271.7797851562
2022-04-25,4296.1201171875
2022-04-26,4175.2001953125
2022-04-27,4183.9599609375
2022-04-28,4287.5000000000
2022-04-29,4131.9301757812
2022-05-02,4155.3798828125
2022-05-03,4175.4799804688
2022-05-04,4300.1699218750
2022-05-05,4146.8701171875
2022-05-06,4123.3398437500
2022-05-09,3991.2399902344
2022-05-10,4001.0500488281
2022-05-11,3935.1799316406
2022-05-12,3930.0800781250
2022-05-13,4023.8898925781
2022-05-16,4008.0100097656
2022-05-17,4088.8500976562
2022-05-18,3923.6799316406
2022-05-19,3900.7900390625
2022-05-20,3901.3601074219
2022-05-23,3973.7500000000
2022-05-24,3941.4799804688
2022-05-25,3978.7299804688
2022-05-26,4057.8400878906
2022-05-27,4158.2402343750
2022-05-31,4132.1499023438
2022-06-01,4101.2299804688
2022-06-02,4176.8198242188
2022-06-03,4108.5400390625
2022-06-06,4121.4301757812
2022-06-07,4160.6801757812
2022-06-08,4115.7700195312
2022-06-09,4017.8200683594
2022-06-10,3900.8601074219
2022-06-13,3749.6298828125
2022-06-14,3735.4799804688
2022-06-15,3789.9899902344
2022-06-16,3666.7700195312
2022-06-17,3674.8400878906
2022-06-21,3764.7900390625
2022-06-22,3759.8898925781
2022-06-23,3795.7299804688
2022-06-24,3911.7399902344
2022-06-27,3900.1101074219
2022-06-28,3821.5500488281
2022-06-29,3818.8300781250
2022-06-30,3785.3798828125
2022-07-01,3825.3300781250
2022-07-05,3831.3898925781
2022-07-06,3845.0800781250
2022-07-07,3902.6201171875
2022-07-08,3899.3798828125
2022-07-11,3854.4299316406
2022-07-12,3818.8000488281
2022-07-13,3801.7800292969
2022-07-14,3790.3798828125
2022-07-15,3863.1599121094
2022-07-18,3830.8500976562
2022-07-19,3936.6899414062
2022-07-20,3959.8999023438
2022-07-21,3998.9499511719
2022-07-22,3961.6298828125
2022-07-25,3966.8400878906
2022-07-26,3921.0500488281
2022-07-27,4023.6101074219
2022-07-28,4072.4299316406
2022-07-29,4130.2900390625
2022-08-01,4118.6298828125
2022-08-02,4091.1899414062
2022-08-03,4155.1699218750
2022-08-04,4151.9399414062
2022-08-05,4145.1899414062
2022-08-08,4140.0600585938
2022-08-09,4122.4702148438
2022-08-10,4210.2402343750
2022-08-11,4207.2700195312
2022-08-12,4280.1499023438
2022-08-15,4297.1401367188
2022-08-16,4305.2001953125
2022-08-17,4274.0400390625
2022-08-18,4283.7402343750
2022-08-19,4228.4799804688
2022-08-22,4137.9902343750
2022-08-23,4128.7299804688
2022-08-24,4140.7700195312
2022-08-25,4199.1201171875
2022-08-26,4057.6599121094
2022-08-29,4030.6101074219
2022-08-30,3986.1599121094
2022-08-31,3955.0000000000
2022-09-01,3966.8500976562
2022-09-02,3924.2600097656
2022-09-06,3908.1899414062
2022-09-07,3979.8701171875
2022-09-08,4006.1799316406
2022-09-09,4067.3601074219
2022-09-12,4110.4101562500
2022-09-13,3932.6899414062
2022-09-14,3946.0100097656
2022-09-15,3901.3500976562
2022-09-16,3873.3300781250
2022-09-19,3899.8898925781
2022-09-20,3855.9299316406
2022-09-21,3789.9299316406
2022-09-22,3757.9899902344
2022-09-23,3693.2299804688
2022-09-26,3655.0400390625
2022-09-27,3647.2900390625
2022-09-28,3719.0400390625
2022-09-29,3640.4699707031
2022-09-30,3585.6201171875
2022-10-03,3678.4299316406
2022-10-04,3790.9299316406
2022-10-05,3783.2800292969
2022-10-06,3744.5200195312
2022-10-07,3639.6599121094
2022-10-10,3612.3898925781
2022-10-11,3588.8400878906
2022-10-12,3577.0300292969
2022-10-13,3669.9099121094
2022-10-14,3583.0700683594
2022-10-17,3677.9499511719
2022-10-18,3719.9799804688
2022-10-19,3695.1599121094
2022-10-20,3665.7800292969
2022-10-21,3752.7500000000
2022-10-24,3797.3400878906
2022-10-25,3859.1101074219
2022-10-26,3830.6000976562
2022-10-27,3807.3000488281
2022-10-28,3901.0600585938
2022-10-31,3871.9799804688
2022-11-01,3856.1000976562
2022-11-02,3759.6899414062
2022-11-03,3719.8898925781
2022-11-04,3770.5500488281
2022-11-07,3806.8000488281
2022-11-08,3828.1101074219
2022-11-09,3748.5700683594
2022-11-10,3956.3701171875
2022-11-11,3992.9299316406
2022-11-14,3957.2500000000
2022-11-15,3991.7299804688
2022-11-16,3958.7900390625
2022-11-17,3946.5600585938
2022-11-18,3965.3400878906
2022-11-21,3949.9399414062
2022-11-22,4003.5800781250
2022-11-23,4027.2600097656
2022-11-25,4026.1201171875
2022-11-28,3963.9399414062
2022-11-29,3957.6298828125
2022-11-30,4080.1101074219
2022-12-01,4076.5700683594
2022-12-02,4071.6999511719
2022-12-05,3998.8400878906
2022-12-06,3941.2600097656
2022-12-07,3933.9199218750
2022-12-08,3963.5100097656
2022-12-09,3934.3798828125
2022-12-12,3990.5600585938
2022-12-13,4019.6499023438
2022-12-14,3995.3200683594
2022-12-15,3895.7500000000
2022-12-16,3852.3601074219
2022-12-19,3817.6599121094
2022-12-20,3821.6201171875
2022-12-21,3878.4399414062
2022-12-22,3822.3898925781
2022-12-23,3844.8200683594
2022-12-27,3829.2500000000
2022-12-28,3783.2199707031
2022-12-29,3849.2800292969
2022-12-30,3839.5000000000
2023-01-03,3824.1398925781
2023-01-04,3852.9699707031
2023-01-05,3808.1000976562
2023-01-06,3895.0800781250
2023-01-09,3892.0900878906
2023-01-10,3919.2500000000
2023-01-11,3969.6101074219
2023-01-12,3983.1699218750
2023-01-13,3999.0900878906
2023-01-17,3990.9699707031
2023-01-18,3928.8601074219
2023-01-19,3898.8500976562
2023-01-20,3972.6101074219
2023-01-23,4019.8100585938
2023-01-24,4016.9499511719
2023-01-25,4016.2199707031
2023-01-26,4060.4299316406
2023-01-27,4070.5600585938
2023-01-30,4017.7700195312
2023-01-31,4076.6000976562
2023-02-01,4119.2099609375
2023-02-02,4179.7597656250
2023-02-03,4136.4799804688
2023-02-06,4111.0800781250
2023-02-07,4164.0000000000
2023-02-08,4117.8598632812
2023-02-09,4081.5000000000
2023-02-10,4090.4599609375
2023-02-13,4137.2900390625
2023-02-14,4136.1298828125
2023-02-15,4147.6000976562
2023-02-16,4090.4099121094
2023-02-17,4079.0900878906
2023-02-21,3997.3400878906
2023-02-22,3991.0500488281
2023-02-23,4012.3200683594
2023-02-24,3970.0400390625
2023-02-27,3982.2399902344
2023-02-28,3970.1499023438
2023-03-01,3951.3898925781
2023-03-02,3981.3500976562
2023-03-03,4045.6398925781
2023-03-06,4048.4199218750
2023-03-07,3986.3701171875
2023-03-08,3992.0100097656
2023-03-09,3918.3200683594
2023-03-10,3861.5900878906
2023-03-13,3855.7600097656
2023-03-14,3919.2900390625
2023-03-15,3891.9299316406
2023-03-16,3960.2800292969
2023-03-17,3916.6398925781
2023-03-20,3951.5700683594
2023-03-21,4002.8701171875
2023-03-22,3936.9699707031
2023-03-23,3948.7199707031
2023-03-24,3970.9899902344
2023-03-27,3977.5300292969
2023-03-28,3971.2700195312
2023-03-29,4027.8100585938
2023-03-30,4050.8300781250
2023-03-31,4109.3100585938
2023-04-03,4124.5097656250
2023-04-04,4100.6000976562
2023-04-05,4090.3798828125
2023-04-06,4105.0200195312
2023-04-10,4109.1098632812
2023-04-11,4108.9399414062
2023-04-12,4091.9499511719
2023-04-13,4146.2202148438
2023-04-14,4137.6401367188
2023-04-17,4151.3198242188
2023-04-18,4154.8701171875
2023-04-19,4154.5200195312
2023-04-20,4129.7900390625
2023-04-21,4133.5200195312
2023-04-24,4137.0400390625
2023-04-25,4071.6298828125
2023-04-26,4055.9899902344
2023-04-27,4135.3500976562
2023-04-28,4169.4799804688
2023-05-01,4167.8701171875
2023-05-02,4119.5800781250
2023-05-03,4090.7500000000
2023-05-04,4061.2199707031
2023-05-05,4136.2500000000
2023-05-08,4138.1201171875
2023-05-09,4119.1699218750
2023-05-10,4137.6401367188
2023-05-11,4130.6201171875
2023-05-12,4124.0800781250
2023-05-15,4136.2797851562
2023-05-16,4109.8999023438
2023-05-17,4158.7700195312
2023-05-18,4198.0498046875
2023-05-19,4191.9799804688
2023-05-22,4192.6298828125
2023-05-23,4145.5800781250
2023-05-24,4115.2402343750
2023-05-25,4151.2797851562
2023-05-26,4205.4501953125
2023-05-30,4205.5200195312
2023-05-31,4179.8300781250
2023-06-01,4221.0200195312
2023-06-02,4282.3701171875
2023-06-05,4273.7900390625
2023-06-06,4283.8500976562
2023-06-07,4267.5200195312
2023-06-08,4293.9301757812
2023-06-09,4298.8598632812
2023-06-12,4338.9301757812
2023-06-13,4369.0097656250
2023-06-14,4372.5898437500
2023-06-15,4425.8398437500
2023-06-16,4409.5898437500
2023-06-20,4388.7099609375
2023-06-21,4365.6899414062
2023-06-22,4381.8901367188
2023-06-23,4348.3300781250
2023-06-26,4328.8198242188
2023-06-27,4378.4101562500
2023-06-28,4376.8598632812
2023-06-29,4396.4399414062
2023-06-30,4450.3798828125
2023-07-03,4455.5898437500
2023-07-05,4446.8198242188
2023-07-06,4411.5898437500
2023-07-07,4398.9501953125
2023-07-10,4409.5297851562
2023-07-11,4439.2597656250
2023-07-12,4472.1601562500
2023-07-13,4510.0400390625
2023-07-14,4505.4199218750
2023-07-17,4522.7900390625
2023-07-18,4554.9799804688
2023-07-19,4565.7202148438
2023-07-20,4534.8701171875
2023-07-21,4536.3398437500
2023-07-24,4554.6401367188
2023-07-25,4567.4599609375
2023-07-26,4566.7500000000
2023-07-27,4537.4101562500
2023-07-28,4582.2299804688
2023-07-31,4588.9599609375
2023-08-01,4576.7299804688
2023-08-02,4513.3901367188
2023-08-03,4501.8901367188
2023-08-04,4478.0297851562
2023-08-07,4518.4399414062
2023-08-08,4499.3798828125
2023-08-09,4467.7099609375
2023-08-10,4468.8300781250
2023-08-11,4464.0498046875
2023-08-14,4489.7202148438
2023-08-15,4437.8598632812
2023-08-16,4404.3300781250
2023-08-17,4370.3598632812
2023-08-18,4369.7099609375
2023-08-21,4399.7700195312
2023-08-22,4387.5498046875
2023-08-23,4436.0097656250
2023-08-24,4376.3100585938
2023-08-25,4405.7099609375
2023-08-28,4433.3100585938
2023-08-29,4497.6298828125
2023-08-30,4514.8701171875
2023-08-31,4507.6601562500
2023-09-01,4515.7700195312
2023-09-05,4496.8300781250
2023-09-06,4465.4799804688
2023-09-07,4451.1401367188
2023-09-08,4457.4902343750
2023-09-11,4487.4599609375
2023-09-12,4461.8999023438
2023-09-13,4467.4399414062
2023-09-14,4505.1000976562
2023-09-15,4450.3198242188
2023-09-18,4453.5297851562
2023-09-19,4443.9501953125
2023-09-20,4402.2001953125
2023-09-21,4330.0000000000
2023-09-22,4320.0600585938
2023-09-25,4337.4399414062
2023-09-26,4273.5297851562
2023-09-27,4274.5097656250
2023-09-28,4299.7001953125
2023-09-29,4288.0498046875
2023-10-02,4288.3901367188
2023-10-03,4229.4501953125
2023-10-04,4263.7500000000
2023-10-05,4258.1899414062
2023-10-06,4308.5000000000
2023-10-09,4335.6601562500
2023-10-10,4358.2402343750
2023-10-11,4376.9501953125
2023-10-12,4349.6098632812
2023-10-13,4327.7797851562
2023-10-16,4373.6298828125
2023-10-17,4373.2001953125
2023-10-18,4314.6000976562
2023-10-19,4278.0000000000
2023-10-20,4224.1601562500
2023-10-23,4217.0400390625
2023-10-24,4247.6801757812
2023-10-25,4186.7700195312
2023-10-26,4137.2299804688
2023-10-27,4117.3701171875
2023-10-30,4166.8198242188
2023-10-31,4193.7998046875
2023-11-01,4237.8598632812
2023-11-02,4317.7797851562
2023-11-03,4358.3398437500
2023-11-06,4365.9799804688
2023-11-07,4378.3798828125
2023-11-08,4382.7797851562
2023-11-09,4347.3500976562
2023-11-10,4415.2402343750
2023-11-13,4411.5498046875
2023-11-14,4495.7001953125
2023-11-15,4502.8798828125
2023-11-16,4508.2402343750
2023-11-17,4514.0200195312
2023-11-20,4547.3798828125
2023-11-21,4538.1899414062
2023-11-22,4556.6201171875
2023-11-24,4559.3398437500
2023-11-27,4550.4301757812
2023-11-28,4554.8901367188
2023-11-29,4550.5800781250
2023-11-30,4567.7998046875
2023-12-01,4594.6298828125
2023-12-04,4569.7797851562
2023-12-05,4567.1801757812
2023-12-06,4549.3398437500
2023-12-07,4585.5898437500
2023-12-08,4604.3701171875
2023-12-11,4622.4399414062
2023-12-12,4643.7001953125
2023-12-13,4707.0898437500
2023-12-14,4719.5498046875
2023-12-15,4719.1899414062
2023-12-18,4740.5600585938
2023-12-19,4768.3701171875
2023-12-20,4698.3500976562
2023-12-21,4746.7500000000
2023-12-22,4754.6298828125
2023-12-26,4774.7500000000
2023-12-27,4781.5800781250
2023-12-28,4783.3500976562
2023-12-29,4769.8300781250
2024-01-02,4742.8300781250
2024-01-03,4704.8100585938
2024-01-04,4688.6801757812
2024-01-05,4697.2402343750
2024-01-08,4763.5400390625
2024-01-09,4756.5000000000
2024-01-10,4783.4501953125
2024-01-11,4780.2402343750
2024-01-12,4783.8300781250
2024-01-16,4765.9799804688
2024-01-17,4739.2099609375
2024-01-18,4780.9399414062
2024-01-19,4839.8100585938
2024-01-22,4850.4301757812
2024-01-23,4864.6000976562
2024-01-24,4868.5498046875
2024-01-25,4894.1601562500
2024-01-26,4890.9702148438
2024-01-29,4927.9301757812
2024-01-30,4924.9702148438
2024-01-31,4845.6499023438
2024-02-01,4906.1899414062
2024-02-02,4958.6098632812
2024-02-05,4942.8100585938
2024-02-06,4954.2299804688
2024-02-07,4995.0600585938
2024-02-08,4997.9101562500
2024-02-09,5026.6098632812
2024-02-12,5021.8398437500
2024-02-13,4953.1699218750
2024-02-14,5000.6201171875
2024-02-15,5029.7299804688
2024-02-16,5005.5698242188
2024-02-20,4975.5097656250
2024-02-21,4981.7998046875
2024-02-22,5087.0297851562
2024-02-23,5088.7998046875
2024-02-26,5069.5297851562
2024-02-27,5078.1801757812
2024-02-28,5069.7597656250
2024-02-29,5096.2700195312
2024-03-01,5137.0800781250
2024-03-04,5130.9501953125
2024-03-05,5078.6499023438
2024-03-06,5104.7597656250
2024-03-07,5157.3598632812
2024-03-08,5123.6899414062
2024-03-11,5117.9399414062
2024-03-12,5175.2700195312
2024-03-13,5165.3100585938
2024-03-14,5150.4799804688
2024-03-15,5117.0898437500
2024-03-18,5149.4199218750
2024-03-19,5178.5097656250
2024-03-20,5224.6201171875
2024-03-21,5241.5297851562
2024-03-22,5234.1801757812
2024-03-25,5218.1899414062
2024-03-26,5203.5800781250
2024-03-27,5248.4902343750
2024-03-28,5254.3500976562
2024-04-01,5243.7700195312
2024-04-02,5205.8100585938
2024-04-03,5211.4902343750
2024-04-04,5147.2099609375
2024-04-05,5204.3398437500
2024-04-08,5202.3901367188
2024-04-09,5209.9101562500
2024-04-10,5160.6401367188
2024-04-11,5199.0600585938
2024-04-12,5123.4101562500
2024-04-15,5061.8198242188
2024-04-16,5051.4101562500
2024-04-17,5022.2099609375
2024-04-18,5011.1201171875
2024-04-19,4967.2299804688
2024-04-22,5010.6000976562
2024-04-23,5070.5498046875
2024-04-24,5071.6298828125
2024-04-25,5048.4199218750
2024-04-26,5099.9599609375
2024-04-29,5116.1699218750
2024-04-30,5035.6899414062
2024-05-01,5018.3901367188
2024-05-02,5064.2001953125
2024-05-03,5127.7900390625
2024-05-06,5180.7402343750
2024-05-07,5187.7001953125
2024-05-08,5187.6699218750
2024-05-09,5214.0800781250
2024-05-10,5222.6801757812
2024-05-13,5221.4199218750
2024-05-14,5246.6801757812
2024-05-15,5308.1499023438
2024-05-16,5297.1000976562
2024-05-17,5303.2700195312
2024-05-20,5308.1298828125
2024-05-21,5321.4101562500
2024-05-22,5307.0097656250
2024-05-23,5267.8398437500
2024-05-24,5304.7202148438
2024-05-28,5306.0400390625
2024-05-29,5266.9501953125
2024-05-30,5235.4799804688
2024-05-31,5277.5097656250
2024-06-03,5283.3999023438
2024-06-04,5291.3398437500
2024-06-05,5354.0297851562
2024-06-06,5352.9599609375
2024-06-07,5346.9902343750
2024-06-10,5360.7900390625
2024-06-11,5375.3198242188
2024-06-12,5421.0297851562
2024-06-13,5433.7402343750
2024-06-14,5431.6000976562
2024-06-17,5473.2299804688
2024-06-18,5487.0297851562
2024-06-20,5473.1699218750
2024-06-21,5464.6201171875
2024-06-24,5447.8701171875
2024-06-25,5469.2998046875
2024-06-26,5477.8999023438
2024-06-27,5482.8701171875
2024-06-28,5460.4799804688
2024-07-01,5475.0898437500
2024-07-02,5509.0097656250
2024-07-03,5537.0200195312
2024-07-05,5567.1899414062
2024-07-08,5572.8500976562
2024-07-09,5576.9799804688
2024-07-10,5633.9101562500
2024-07-11,5584.5400390625
2024-07-12,5615.3500976562
2024-07-15,5631.2202148438
2024-07-16,5667.2001953125
2024-07-17,5588.2700195312
2024-07-18,5544.5898437500
2024-07-19,5505.0000000000
2024-07-22,5564.4101562500
2024-07-23,5555.7402343750
2024-07-24,5427.1298828125
2024-07-25,5399.2202148438
2024-07-26,5459.1000976562
2024-07-29,5463.5400390625
2024-07-30,5436.4399414062
2024-07-31,5522.2998046875
2024-08-01,5446.6801757812
2024-08-02,5346.5600585938
2024-08-05,5186.3300781250
2024-08-06,5240.0297851562
2024-08-07,5199.5000000000
2024-08-08,5319.3100585938
2024-08-09,5344.1601562500
2024-08-12,5344.3901367188
2024-08-13,5434.4301757812
2024-08-14,5455.2099609375
2024-08-15,5543.2202148438
2024-08-16,5554.2500000000
2024-08-19,5608.2500000000
2024-08-20,5597.1201171875
2024-08-21,5620.8500976562
2024-08-22,5570.6401367188
2024-08-23,5634.6098632812
2024-08-26,5616.8398437500
2024-08-27,5625.7998046875
2024-08-28,5592.1801757812
2024-08-29,5591.9599609375
2024-08-30,5648.3999023438
2024-09-03,5528.9301757812
2024-09-04,5520.0698242188
2024-09-05,5503.4101562500
2024-09-06,5408.4199218750
2024-09-09,5471.0498046875
2024-09-10,5495.5200195312
2024-09-11,5554.1298828125
2024-09-12,5595.7597656250
2024-09-13,5626.0200195312
2024-09-16,5633.0898437500
2024-09-17,5634.5800781250
2024-09-18,5618.2597656250
2024-09-19,5713.6401367188
2024-09-20,5702.5498046875
2024-09-23,5718.5698242188
2024-09-24,5732.9301757812
2024-09-25,5722.2597656250
2024-09-26,5745.3701171875
2024-09-27,5738.1699218750
2024-09-30,5762.4799804688
2024-10-01,5708.7500000000
2024-10-02,5709.5400390625
2024-10-03,5699.9399414062
2024-10-04,5751.0698242188
2024-10-07,5695.9399414062
2024-10-08,5751.1298828125
2024-10-09,5792.0400390625
2024-10-10,5780.0498046875
2024-10-11,5815.0297851562
2024-10-14,5859.8500976562
2024-10-15,5815.2597656250
2024-10-16,5842.4702148438
2024-10-17,5841.4702148438
2024-10-18,5864.6699218750
2024-10-21,5853.9799804688
2024-10-22,5851.2001953125
2024-10-23,5797.4199218750
2024-10-24,5809.8598632812
2024-10-25,5808.1201171875
2024-10-28,5823.5200195312
2024-10-29,5832.9199218750
2024-10-30,5813.6699218750
2024-10-31,5705.4501953125
2024-11-01,5728.7998046875
2024-11-04,5712.6899414062
2024-11-05,5782.7597656250
2024-11-06,5929.0400390625
2024-11-07,5973.1000976562
2024-11-08,5995.5400390625
2024-11-11,6001.3500976562
2024-11-12,5983.9902343750
2024-11-13,5985.3798828125
2024-11-14,5949.1699218750
2024-11-15,5870.6201171875
2024-11-18,5893.6201171875
2024-11-19,5916.9799804688
2024-11-20,5917.1098632812
2024-11-21,5948.7099609375
2024-11-22,5969.3398437500
2024-11-25,5987.3701171875
2024-11-26,6021.6298828125
2024-11-27,5998.7402343750
2024-11-29,6032.3798828125
2024-12-02,6047.1499023438
2024-12-03,6049.8798828125
2024-12-04,6086.4902343750
2024-12-05,6075.1098632812
2024-12-06,6090.2700195312
2024-12-09,6052.8500976562
2024-12-10,6034.9101562500
2024-12-11,6084.1899414062
2024-12-12,6051.2500000000
2024-12-13,6051.0898437500
2024-12-16,6074.0800781250
2024-12-17,6050.6098632812
2024-12-18,5872.1601562500
2024-12-19,5867.0800781250
2024-12-20,5930.8500976562
2024-12-23,5974.0698242188
2024-12-24,6040.0400390625
2024-12-26,6037.5898437500
2024-12-27,5970.8398437500
2024-12-30,5906.9399414062
2024-12-31,5881.6298828125
2025-01-02,5868.5498046875
2025-01-03,5942.4702148438
2025-01-06,5975.3798828125
2025-01-07,5909.0297851562
2025-01-08,5918.2500000000
2025-01-10,5827.0400390625
2025-01-13,5836.2202148438
2025-01-14,5842.9101562500
2025-01-15,5949.9101562500
2025-01-16,5937.3398437500
2025-01-17,5996.6601562500
2025-01-21,6049.2402343750
2025-01-22,6086.3701171875
2025-01-23,6118.7099609375
2025-01-24,6101.2402343750
2025-01-27,6012.2797851562
2025-01-28,6067.7001953125
2025-01-29,6039.3100585938
2025-01-30,6071.1699218750
2025-01-31,6040.5297851562
2025-02-03,5994.5698242188
2025-02-04,6037.8798828125
2025-02-05,6061.4799804688
2025-02-06,6083.5698242188
2025-02-07,6025.9902343750
2025-02-10,6066.4399414062
2025-02-11,6068.5000000000
2025-02-12,6051.9702148438
2025-02-13,6115.0698242188
2025-02-14,6114.6298828125
2025-02-18,6129.5800781250
2025-02-19,6144.1499023438
2025-02-20,6117.5200195312
2025-02-21,6013.1298828125
2025-02-24,5983.2500000000
2025-02-25,5955.2500000000
2025-02-26,5956.0600585938
2025-02-27,5861.5698242188
2025-02-28,5954.5000000000
2025-03-03,5849.7202148438
2025-03-04,5778.1499023438
2025-03-05,5842.6298828125
2025-03-06,5738.5200195312
2025-03-07,5770.2001953125
2025-03-10,5614.5600585938
2025-03-11,5572.0698242188
2025-03-12,5599.2998046875
2025-03-13,5521.5200195312
2025-03-14,5638.9399414062
2025-03-17,5675.1201171875
2025-03-18,5614.6601562500
2025-03-19,5675.2900390625
2025-03-20,5662.8901367188
2025-03-21,5667.5600585938
2025-03-24,5767.5698242188
2025-03-25,5776.6499023438
2025-03-26,5712.2001953125
2025-03-27,5693.3100585938
2025-03-28,5580.9399414062
2025-03-31,5611.8500976562
2025-04-01,5633.0698242188
2025-04-02,5670.9702148438
2025-04-03,5396.5200195312
2025-04-04,5074.0800781250
2025-04-07,5062.2500000000
2025-04-08,4982.7700195312
2025-04-09,5456.8999023438
2025-04-10,5268.0498046875
2025-04-11,5363.3598632812
2025-04-14,5405.9702148438
2025-04-15,5396.6298828125
2025-04-16,5275.7001953125
2025-04-17,5282.7001953125
2025-04-21,5158.2001953125
2025-04-22,5287.7597656250
2025-04-23,5375.8598632812
2025-04-24,5484.7700195312
2025-04-25,5525.2099609375
2025-04-28,5528.7500000000
2025-04-29,5560.8300781250
2025-04-30,5569.0600585938
2025-05-01,5604.1401367188
2025-05-02,5686.6699218750
2025-05-05,5650.3798828125
2025-05-06,5606.9101562500
2025-05-07,5631.2797851562
2025-05-08,5663.9399414062
2025-05-09,5659.9101562500
2025-05-12,5844.1899414062
2025-05-13,5886.5498046875
2025-05-14,5892.5800781250
2025-05-15,5916.9301757812
2025-05-16,5958.3798828125
2025-05-19,5963.6000976562
2025-05-20,5940.4599609375
2025-05-21,5844.6098632812
2025-05-22,5842.0097656250
2025-05-23,5802.8198242188
2025-05-27,5921.5400390625
2025-05-28,5888.5498046875
2025-05-29,5912.1699218750
2025-05-30,5911.6899414062
2025-06-02,5935.9399414062
2025-06-03,5970.3701171875
2025-06-04,5970.8100585938
2025-06-05,5939.2998046875
2025-06-06,6000.3598632812
2025-06-09,6005.8798828125
2025-06-10,6038.8100585938
2025-06-11,6022.2402343750
2025-06-12,6045.2597656250
2025-06-13,5976.9702148438
2025-06-16,6033.1098632812
2025-06-17,5982.7202148438
2025-06-18,5980.8701171875
2025-06-20,5967.8398437500
2025-06-23,6025.1699218750
2025-06-24,6092.1801757812
2025-06-25,6092.1601562500
2025-06-26,6141.0200195312
2025-06-27,6173.0698242188
2025-06-30,6204.9501953125
2025-07-01,6198.0097656250
2025-07-02,6227.4199218750
2025-07-03,6279.3500976562
2025-07-07,6229.9799804688
2025-07-08,6225.5200195312
2025-07-09,6263.2597656250
2025-07-10,6280.4599609375
2025-07-11,6259.7500000000
2025-07-14,6268.5600585938
2025-07-15,6243.7597656250
2025-07-16,6263.7001953125
2025-07-17,6297.3598632812
2025-07-18,6296.7900390625
2025-07-21,6305.6000976562
2025-07-22,6309.6201171875
2025-07-23,6358.9101562500
2025-07-24,6363.3500976562
2025-07-25,6388.6401367188
2025-07-28,6389.7700195312
2025-07-29,6370.8598632812
2025-07-30,6362.8999023438
2025-07-31,6339.3901367188
2025-08-01,6238.0097656250
2025-08-04,6329.9399414062
2025-08-05,6299.1899414062
2025-08-06,6345.0600585938
2025-08-07,6340.0000000000
2025-08-08,6389.4501953125
2025-08-11,6373.4501953125
2025-08-12,6445.7597656250
2025-08-13,6466.5800781250
2025-08-14,6468.5400390625
2025-08-15,6449.7998046875
2025-08-18,6449.1499023438
2025-08-19,6411.3701171875
2025-08-20,6395.7797851562
2025-08-21,6370.1699218750
2025-08-22,6466.9101562500
2025-08-25,6439.3198242188
2025-08-26,6465.9399414062
2025-08-27,6481.3999023438
2025-08-28,6501.8598632812
2025-08-29,6460.2597656250
2025-09-02,6415.5400390625
2025-09-03,6448.2597656250
2025-09-04,6502.0800781250
2025-09-05,6481.5000000000
2025-09-08,6495.1499023438
2025-09-09,6512.6098632812
2025-09-10,6532.0400390625
2025-09-11,6587.4702148438
2025-09-12,6584.2900390625
2025-09-15,6615.2797851562
2025-09-16,6606.7597656250
2025-09-17,6600.3500976562
2025-09-18,6631.9599609375
2025-09-19,6664.3598632812
2025-09-22,6693.7500000000
2025-09-23,6656.9199218750
2025-09-24,6637.9702148438
2025-09-25,6604.7202148438
2025-09-26,6643.7001953125
2025-09-29,6661.2099609375
2025-09-30,6688.4599609375
2025-10-01,6711.2001953125
2025-10-02,6715.3500976562
2025-10-03,6715.7900390625
2025-10-06,6740.2797851562
2025-10-07,6714.5898437500
2025-10-08,6753.7202148438
2025-10-09,6735.1098632812
2025-10-10,6552.5097656250
2025-10-13,6654.7202148438
2025-10-14,6644.3100585938
2025-10-15,6671.0600585938
2025-10-16,6629.0698242188
2025-10-17,6664.0097656250
2025-10-20,6735.1298828125
2025-10-21,6735.3500976562
2025-10-22,6699.3999023438
2025-10-23,6738.4399414062
2025-10-24,6791.6899414062
2025-10-27,6875.1601562500
2025-10-28,6890.8901367188
2025-10-29,6890.5898437500
2025-10-30,6822.3398437500
2025-10-31,6840.2001953125
2025-11-03,6851.9702148438
2025-11-04,6771.5498046875
2025-11-05,6796.2900390625
2025-11-06,6720.3198242188
2025-11-07,6728.7998046875
2025-11-10,6832.4301757812
2025-11-11,6846.6098632812
2025-11-12,6850.9199218750
2025-11-13,6737.4902343750
2025-11-14,6734.1098632812
2025-11-17,6672.4101562500
2025-11-18,6617.3198242188
2025-11-19,6642.1601562500
2025-11-20,6538.7597656250
2025-11-21,6602.9902343750
2025-11-24,6705.1201171875
2025-11-25,6765.8798828125
2025-11-26,6812.6098632812
2025-11-28,6849.0898437500
2025-12-01,6812.6298828125
2025-12-02,6829.3701171875
2025-12-03,6849.7202148438
2025-12-04,6857.1201171875
2025-12-05,6870.3999023438
2025-12-08,6846.5097656250
2025-12-09,6840.5097656250
2025-12-10,6886.6801757812
2025-12-11,6901.0000000000
2025-12-12,6827.4101562500
2025-12-15,6816.5097656250
2025-12-16,6800.2597656250
2025-12-17,6721.4301757812
2025-12-18,6774.7597656250
2025-12-19,6834.5000000000
2025-12-22,6878.4902343750
2025-12-23,6909.7900390625
2025-12-24,6932.0498046875
2025-12-26,6929.9399414062
2025-12-29,6905.7402343750
2025-12-30,6896.2402343750
2025-12-31,6845.5000000000
2026-01-02,6858.4702148438
2026-01-05,6902.0498046875
2026-01-06,6944.8198242188
2026-01-07,6920.9301757812
2026-01-08,6921.4599609375
2026-01-09,6966.2797851562
2026-01-12,6977.2700195312
2026-01-13,6963.7402343750
2026-01-14,6926.6000976562
2026-01-15,6944.4702148438
2026-01-16,6940.0097656250
2026-01-20,6796.8598632812
2026-01-21,6875.6201171875
2026-01-22,6913.3500976562
2026-01-23,6915.6098632812
2026-01-26,6950.2299804688
2026-01-27,6978.6000976562
2026-01-28,6978.0297851562
2026-01-29,6969.0097656250
2026-01-30,6939.0297851562
2026-02-02,6976.4399414062
2026-02-03,6917.8100585938
2026-02-04,6882.7202148438
2026-02-05,6798.3999023438
2026-02-06,6932.2998046875
2026-02-09,6964.8198242188
2026-02-10,6941.8100585938
2026-02-11,6941.4702148438
2026-02-12,6832.7597656250
2026-02-13,6836.1699218750
2026-02-17,6843.2202148438
2026-02-18,6881.3100585938
2026-02-19,6861.8901367188
2026-02-20,6909.5097656250
2026-02-23,6837.7500000000
2026-02-24,6890.0698242188
2026-02-25,6946.1298828125
2026-02-26,6908.8598632812
2026-02-27,6878.8798828125
2026-03-02,6881.6201171875
2026-03-03,6816.6298828125
2026-03-04,6869.5000000000
2026-03-05,6830.7099609375
2026-03-06,6740.0200195312
2026-03-09,6795.9902343750
2026-03-10,6781.4799804688
2026-03-11,6775.7998046875
2026-03-12,6672.6201171875
2026-03-13,6632.1899414062
2026-03-16,6699.3798828125
2026-03-17,6716.0898437500
2026-03-18,6624.7001953125
2026-03-19,6606.4902343750
2026-03-20,6506.4799804688
2026-03-23,6581.0000000000
2026-03-24,6556.3701171875
2026-03-25,6591.8999023438
2026-03-26,6477.1601562500
2026-03-27,6368.8500976562
2026-03-30,6343.7202148438
2026-03-31,6528.5200195312
2026-04-01,6575.3198242188
2026-04-02,6582.6899414062
2026-04-06,6611.8300781250
2026-04-07,6616.8500976562
2026-04-08,6782.8100585938
2026-04-09,6824.6601562500
2026-04-10,6816.8901367188
2026-04-13,6886.2402343750
2026-04-14,6967.3798828125
2026-04-15,7022.9501953125
2026-04-16,7041.2797851562
2026-04-17,7126.0600585938
2026-04-20,7109.1401367188
2026-04-21,7064.0097656250
2026-04-22,7137.8999023438
2026-04-23,7108.3999023438
2026-04-24,7165.0800781250
2026-04-27,7173.9101562500
2026-04-28,7138.7998046875
2026-04-29,7135.9501953125
2026-04-30,7209.0097656250
2026-05-01,7230.1201171875
2026-05-04,7200.7500000000
2026-05-05,7259.2202148438
2026-05-06,7365.1201171875
2026-05-07,7337.1098632812
2026-05-08,7398.9301757812
2026-05-11,7412.8398437500
2026-05-12,7400.9599609375
2026-05-13,7444.2500000000
2026-05-14,7501.2402343750
2026-05-15,7408.5000000000
2026-05-18,7403.0498046875
2026-05-19,7353.6098632812
2026-05-20,7432.9702148438
2026-05-21,7445.7202148438
2026-05-22,7473.4702148438
2026-05-26,7519.1201171875
2026-05-27,7520.3598632812
2026-05-28,7563.6298828125
2026-05-29,7580.0600585938
2026-06-01,7599.9599609375
2026-06-02,7609.7797851562
2026-06-03,7553.6801757812
2026-06-04,7584.3100585938
2026-06-05,7383.7402343750
2026-06-08,7405.7299804688
2026-06-09,7386.6499023438
2026-06-10,7266.9902343750
2026-06-11,7394.2998046875
2026-06-12,7431.4599609375
2026-06-15,7554.2900390625
2026-06-16,7511.3500976562
2026-06-17,7420.1000976562
2026-06-18,7500.5800781250
2026-06-22,7472.7900390625
2026-06-23,7365.4599609375
2026-06-24,7358.2202148438
2026-06-25,7357.4902343750
2026-06-26,7354.0200195312
2026-06-29,7440.4301757812
2026-06-30,7499.3598632812
2026-07-01,7483.2299804688
2026-07-02,7483.2402343750
2026-07-06,7537.4301757812
2026-07-07,7503.8500976562
2026-07-08,7482.7099609375
2026-07-09,7543.6401367188
2026-07-10,7575.3901367188
2026-07-13,7515.3398437500
2026-07-14,7543.5898437500
2026-07-15,7572.3999023438
2026-07-16,7533.7700195312
2026-07-17,7457.6899414062
2026-07-20,7443.2797851562
2026-07-21,7509.2001953125
2026-07-22,7498.9599609375
2026-07-23,7408.2998046875
2026-07-24,7411.9799804688
2026-07-27,7413.1801757812
2026-07-28,7428.7797851562
2026-07-29,7316.1499023438
2026-07-30,7437.6298828125
2026-07-31,7489.7202148438
2026-08-03,7600.5000000000
2026-08-04,7736.5200195312
2026-08-05,7723.5498046875
2026-08-06,7709.9599609375
2026-08-07,7757.6401367188
2026-08-10,7753.1098632812
2026-08-11,7728.2001953125
2026-08-12,7748.5000000000
2026-08-13,7798.9902343750
2026-08-14,7785.7597656250
2026-08-17,7745.0600585938
2026-08-18,7691.7597656250
2026-08-19,7707.9799804688
2026-08-20,7641.1601562500
2026-08-21,7674.3701171875
2026-08-24,7652.8598632812
2026-08-25,7677.2797851562
2026-08-26,7675.7001953125
2026-08-27,7730.9902343750
2026-08-28,7711.7597656250
2026-08-31,7686.1401367188
2026-09-01,7631.4702148438
2026-09-02,7666.6000976562
2026-09-03,7747.7099609375
2026-09-04,7718.6000976562
2026-09-08,7673.5200195312
2026-09-09,7636.3598632812
2026-09-10,7591.7001953125
2026-09-11,7656.9799804688
2026-09-14,7619.9799804688
2026-09-15,7585.7299804688
2026-09-16,7551.8100585938
2026-09-17,7637.7597656250
2026-09-18,7650.5000000000
2026-09-21,7764.7001953125
2026-09-22,7764.6401367188
2026-09-23,7706.0297851562
2026-09-24,7704.1298828125
2026-09-25,7743.4101562500
2026-09-28,7683.6899414062
2026-09-29,7670.8398437500
2026-09-30,7651.5400390625
